ISO-10303-21;
HEADER;
/* Generated by software containing ST-Developer
 * from STEP Tools, Inc. (www.steptools.com) 
 */

FILE_DESCRIPTION(
/* description */ ('STEP AP203'),
/* implementation_level */ '2;1');

FILE_NAME(
/* name */ 'Propeller_CCW.step',
/* time_stamp */ '2026-08-07T19:30:01-05:00',
/* author */ (''),
/* organization */ (''),
/* preprocessor_version */ 'ST-DEVELOPER v20.1',
/* originating_system */ 'Autodesk Translation Framework v15.8.0.0',
/* authorisation */ '');

FILE_SCHEMA (('AUTOMOTIVE_DESIGN { 1 0 10303 214 3 1 1 }'));
ENDSEC;

DATA;
#10=MECHANICAL_DESIGN_GEOMETRIC_PRESENTATION_REPRESENTATION('',(#13,#14),
#5098);
#11=SHAPE_REPRESENTATION_RELATIONSHIP('SRR','None',#5105,#12);
#12=ADVANCED_BREP_SHAPE_REPRESENTATION('',(#15,#16),#5097);
#13=STYLED_ITEM('',(#5115),#15);
#14=STYLED_ITEM('',(#5115),#16);
#15=MANIFOLD_SOLID_BREP('Cuerpo1',#545);
#16=MANIFOLD_SOLID_BREP('Cuerpo2',#546);
#17=FACE_BOUND('',#95,.T.);
#18=FACE_BOUND('',#97,.T.);
#19=FACE_BOUND('',#109,.T.);
#20=FACE_BOUND('',#111,.T.);
#21=PLANE('',#569);
#22=PLANE('',#570);
#23=PLANE('',#590);
#24=PLANE('',#591);
#25=B_SPLINE_CURVE_WITH_KNOTS('',3,(#913,#914,#915,#916),.UNSPECIFIED.,
 .F.,.F.,(4,4),(0.,1.),.UNSPECIFIED.);
#26=B_SPLINE_CURVE_WITH_KNOTS('',3,(#918,#919,#920,#921),.UNSPECIFIED.,
 .F.,.F.,(4,4),(0.,1.),.UNSPECIFIED.);
#27=B_SPLINE_CURVE_WITH_KNOTS('',3,(#935,#936,#937,#938,#939,#940,#941,
#942,#943,#944,#945,#946),.UNSPECIFIED.,.F.,.F.,(4,2,2,2,2,4),(-1.51549951358575,
-1.29844423891427,-1.15156971322214,-1.04241216998769,-0.778399984750637,
-0.718574083700806),.UNSPECIFIED.);
#28=B_SPLINE_CURVE_WITH_KNOTS('',3,(#948,#949,#950,#951,#952,#953,#954,
#955,#956,#957,#958,#959,#960,#961,#962,#963,#964,#965,#966,#967,#968,#969,
#970,#971,#972,#973,#974,#975,#976,#977,#978,#979,#980,#981,#982,#983,#984,
#985,#986,#987,#988,#989),.UNSPECIFIED.,.F.,.F.,(4,2,2,2,2,2,2,2,2,2,2,
2,2,2,2,2,2,2,2,2,4),(0.,0.0153968599028716,0.046620345475147,0.0486245129303122,
0.0497948045096004,0.0500049068652259,0.050105203715768,0.0501692590246631,
0.0502295362566353,0.0503045805955965,0.0504228554051907,0.0508347457525366,
0.0560161085291894,0.0696429758417434,0.137204158727991,0.186094803476727,
0.256559307511272,0.373926519466703,0.491001952914803,0.53443620549636,
0.534950686801677),.UNSPECIFIED.);
#29=B_SPLINE_CURVE_WITH_KNOTS('',3,(#994,#995,#996,#997,#998,#999,#1000,
#1001,#1002,#1003),.UNSPECIFIED.,.F.,.F.,(4,2,2,2,4),(0.534950686801677,
0.565375984302426,0.600077770883329,0.621501866329463,0.64492349555553),
 .UNSPECIFIED.);
#30=B_SPLINE_CURVE_WITH_KNOTS('',3,(#1005,#1006,#1007,#1008,#1009,#1010,
#1011,#1012,#1013,#1014,#1015,#1016),.UNSPECIFIED.,.F.,.F.,(4,2,2,2,2,4),
(0.,0.0860735089991368,0.174500023701111,0.335159520456991,0.374527452198169,
0.385108578621128),.UNSPECIFIED.);
#31=B_SPLINE_CURVE_WITH_KNOTS('',3,(#1019,#1020,#1021,#1022,#1023,#1024,
#1025,#1026,#1027,#1028,#1029,#1030,#1031,#1032,#1033,#1034,#1035,#1036),
 .UNSPECIFIED.,.F.,.F.,(4,2,2,2,2,2,2,2,4),(-0.718574083700806,-0.523140129071855,
-0.291853982783234,-0.131091874246027,-0.0520406930585398,-0.010777242446723,
-0.0018928639788175,-0.00100420961195962,0.),.UNSPECIFIED.);
#32=B_SPLINE_CURVE_WITH_KNOTS('',3,(#1140,#1141,#1142,#1143),
 .UNSPECIFIED.,.F.,.F.,(4,4),(0.0245151469736929,1.),.UNSPECIFIED.);
#33=B_SPLINE_CURVE_WITH_KNOTS('',3,(#1150,#1151,#1152,#1153),
 .UNSPECIFIED.,.F.,.F.,(4,4),(0.,0.862318896646444),.UNSPECIFIED.);
#34=B_SPLINE_CURVE_WITH_KNOTS('',3,(#1312,#1313,#1314,#1315),
 .UNSPECIFIED.,.F.,.F.,(4,4),(0.,1.),.UNSPECIFIED.);
#35=B_SPLINE_CURVE_WITH_KNOTS('',3,(#1322,#1323,#1324,#1325),
 .UNSPECIFIED.,.F.,.F.,(4,4),(0.,1.),.UNSPECIFIED.);
#36=B_SPLINE_CURVE_WITH_KNOTS('',5,(#2642,#2643,#2644,#2645,#2646,#2647),
 .UNSPECIFIED.,.F.,.F.,(6,6),(0.,1.),.UNSPECIFIED.);
#37=B_SPLINE_CURVE_WITH_KNOTS('',5,(#2648,#2649,#2650,#2651,#2652,#2653),
 .UNSPECIFIED.,.F.,.F.,(6,6),(0.,1.),.UNSPECIFIED.);
#38=B_SPLINE_CURVE_WITH_KNOTS('',3,(#3104,#3105,#3106,#3107),
 .UNSPECIFIED.,.F.,.F.,(4,4),(0.,1.),.UNSPECIFIED.);
#39=B_SPLINE_CURVE_WITH_KNOTS('',3,(#3109,#3110,#3111,#3112),
 .UNSPECIFIED.,.F.,.F.,(4,4),(0.,1.),.UNSPECIFIED.);
#40=B_SPLINE_CURVE_WITH_KNOTS('',3,(#3126,#3127,#3128,#3129,#3130,#3131,
#3132,#3133,#3134,#3135,#3136,#3137),.UNSPECIFIED.,.F.,.F.,(4,2,2,2,2,4),
(-1.51549951358575,-1.29844423891427,-1.15156971322214,-1.04241216998769,
-0.778399984750637,-0.718574083700806),.UNSPECIFIED.);
#41=B_SPLINE_CURVE_WITH_KNOTS('',3,(#3139,#3140,#3141,#3142,#3143,#3144,
#3145,#3146,#3147,#3148,#3149,#3150,#3151,#3152,#3153,#3154,#3155,#3156,
#3157,#3158,#3159,#3160,#3161,#3162,#3163,#3164,#3165,#3166,#3167,#3168,
#3169,#3170,#3171,#3172,#3173,#3174,#3175,#3176,#3177,#3178,#3179,#3180),
 .UNSPECIFIED.,.F.,.F.,(4,2,2,2,2,2,2,2,2,2,2,2,2,2,2,2,2,2,2,2,4),(0.,
0.0153968599028716,0.046620345475147,0.0486245129303122,0.0497948045096004,
0.0500049068652259,0.050105203715768,0.0501692590246631,0.0502295362566353,
0.0503045805955965,0.0504228554051907,0.0508347457525366,0.0560161085291894,
0.0696429758417434,0.137204158727991,0.186094803476727,0.256559307511272,
0.373926519466703,0.491001952914803,0.53443620549636,0.534950686801677),
 .UNSPECIFIED.);
#42=B_SPLINE_CURVE_WITH_KNOTS('',3,(#3185,#3186,#3187,#3188,#3189,#3190,
#3191,#3192,#3193,#3194),.UNSPECIFIED.,.F.,.F.,(4,2,2,2,4),(0.534950686801677,
0.565375984302426,0.600077770883329,0.621501866329463,0.64492349555553),
 .UNSPECIFIED.);
#43=B_SPLINE_CURVE_WITH_KNOTS('',3,(#3196,#3197,#3198,#3199,#3200,#3201,
#3202,#3203,#3204,#3205,#3206,#3207),.UNSPECIFIED.,.F.,.F.,(4,2,2,2,2,4),
(0.,0.0860735089991368,0.174500023701111,0.335159520456991,0.374527452198169,
0.385108578621128),.UNSPECIFIED.);
#44=B_SPLINE_CURVE_WITH_KNOTS('',3,(#3210,#3211,#3212,#3213,#3214,#3215,
#3216,#3217,#3218,#3219,#3220,#3221,#3222,#3223,#3224,#3225,#3226,#3227),
 .UNSPECIFIED.,.F.,.F.,(4,2,2,2,2,2,2,2,4),(-0.718574083700806,-0.523140129071855,
-0.291853982783234,-0.131091874246027,-0.0520406930585398,-0.010777242446723,
-0.0018928639788175,-0.00100420961195962,0.),.UNSPECIFIED.);
#45=B_SPLINE_CURVE_WITH_KNOTS('',3,(#3331,#3332,#3333,#3334),
 .UNSPECIFIED.,.F.,.F.,(4,4),(0.0245151469736929,1.),.UNSPECIFIED.);
#46=B_SPLINE_CURVE_WITH_KNOTS('',3,(#3341,#3342,#3343,#3344),
 .UNSPECIFIED.,.F.,.F.,(4,4),(0.,0.862318896646444),.UNSPECIFIED.);
#47=B_SPLINE_CURVE_WITH_KNOTS('',3,(#3503,#3504,#3505,#3506),
 .UNSPECIFIED.,.F.,.F.,(4,4),(0.,1.),.UNSPECIFIED.);
#48=B_SPLINE_CURVE_WITH_KNOTS('',3,(#3513,#3514,#3515,#3516),
 .UNSPECIFIED.,.F.,.F.,(4,4),(0.,1.),.UNSPECIFIED.);
#49=B_SPLINE_CURVE_WITH_KNOTS('',5,(#4833,#4834,#4835,#4836,#4837,#4838),
 .UNSPECIFIED.,.F.,.F.,(6,6),(0.,1.),.UNSPECIFIED.);
#50=B_SPLINE_CURVE_WITH_KNOTS('',5,(#4839,#4840,#4841,#4842,#4843,#4844),
 .UNSPECIFIED.,.F.,.F.,(6,6),(0.,1.),.UNSPECIFIED.);
#51=B_SPLINE_SURFACE_WITH_KNOTS('',3,3,((#719,#720,#721,#722),(#723,#724,
#725,#726),(#727,#728,#729,#730),(#731,#732,#733,#734),(#735,#736,#737,
#738),(#739,#740,#741,#742),(#743,#744,#745,#746),(#747,#748,#749,#750),
(#751,#752,#753,#754),(#755,#756,#757,#758),(#759,#760,#761,#762),(#763,
#764,#765,#766),(#767,#768,#769,#770),(#771,#772,#773,#774),(#775,#776,
#777,#778),(#779,#780,#781,#782),(#783,#784,#785,#786),(#787,#788,#789,
#790),(#791,#792,#793,#794),(#795,#796,#797,#798),(#799,#800,#801,#802),
(#803,#804,#805,#806),(#807,#808,#809,#810),(#811,#812,#813,#814),(#815,
#816,#817,#818),(#819,#820,#821,#822),(#823,#824,#825,#826),(#827,#828,
#829,#830),(#831,#832,#833,#834),(#835,#836,#837,#838),(#839,#840,#841,
#842),(#843,#844,#845,#846),(#847,#848,#849,#850),(#851,#852,#853,#854),
(#855,#856,#857,#858),(#859,#860,#861,#862),(#863,#864,#865,#866),(#867,
#868,#869,#870),(#871,#872,#873,#874),(#875,#876,#877,#878),(#879,#880,
#881,#882),(#883,#884,#885,#886),(#887,#888,#889,#890),(#891,#892,#893,
#894),(#895,#896,#897,#898),(#899,#900,#901,#902),(#903,#904,#905,#906)),
 .UNSPECIFIED.,.T.,.F.,.F.,(4,1,1,1,1,2,1,1,1,1,1,1,1,1,2,1,1,1,2,1,1,1,
1,1,1,1,1,1,1,1,2,1,1,1,1,2,1,1,1,4),(4,4),(0.,0.0230859424438305,0.0615625131835479,
0.123125026367096,0.184687539550644,0.246250052734192,0.300278121240455,
0.354306189746718,0.388073732563132,0.408334258252981,0.428594783942829,
0.442101801069395,0.448855309632678,0.455608818195961,0.462362326759243,
0.464877867960321,0.467393409161398,0.469908950362475,0.472424491563552,
0.479968577563962,0.487512663564372,0.495056749564782,0.502600835565191,
0.510144921565601,0.53277717956683,0.54032126556724,0.55540943756806,0.593129867570108,
0.615762125571337,0.653482555573386,0.713835243576664,0.765595863188862,
0.817356482801059,0.869117102413257,0.898694599334513,0.920877722025455,
0.940658291519091,0.960438861012727,0.980219430506364,1.),(-2.38875164046003E-5,
1.),.UNSPECIFIED.);
#52=B_SPLINE_SURFACE_WITH_KNOTS('',3,3,((#1039,#1040,#1041,#1042),(#1043,
#1044,#1045,#1046),(#1047,#1048,#1049,#1050),(#1051,#1052,#1053,#1054),
(#1055,#1056,#1057,#1058),(#1059,#1060,#1061,#1062),(#1063,#1064,#1065,
#1066),(#1067,#1068,#1069,#1070),(#1071,#1072,#1073,#1074),(#1075,#1076,
#1077,#1078),(#1079,#1080,#1081,#1082),(#1083,#1084,#1085,#1086),(#1087,
#1088,#1089,#1090),(#1091,#1092,#1093,#1094),(#1095,#1096,#1097,#1098),
(#1099,#1100,#1101,#1102),(#1103,#1104,#1105,#1106),(#1107,#1108,#1109,
#1110),(#1111,#1112,#1113,#1114),(#1115,#1116,#1117,#1118),(#1119,#1120,
#1121,#1122),(#1123,#1124,#1125,#1126),(#1127,#1128,#1129,#1130),(#1131,
#1132,#1133,#1134),(#1135,#1136,#1137,#1138)),.UNSPECIFIED.,.F.,.F.,.F.,
(4,1,1,1,1,1,1,2,1,1,1,2,1,1,1,1,1,1,1,1,4),(4,4),(0.,0.142436836238851,
0.213655254358277,0.284873672477702,0.356092090597128,0.427310508716554,
0.498528926835979,0.569747344955405,0.669624959888949,0.769502574822493,
0.869380189756038,0.969257804689582,0.976943353517186,0.980786127930989,
0.984628902344791,0.988471676758593,0.992314451172396,0.994235838379297,
0.996157225586198,0.998078612793099,1.),(0.,1.),.UNSPECIFIED.);
#53=B_SPLINE_SURFACE_WITH_KNOTS('',3,3,((#1154,#1155,#1156,#1157),(#1158,
#1159,#1160,#1161),(#1162,#1163,#1164,#1165),(#1166,#1167,#1168,#1169),
(#1170,#1171,#1172,#1173),(#1174,#1175,#1176,#1177),(#1178,#1179,#1180,
#1181),(#1182,#1183,#1184,#1185),(#1186,#1187,#1188,#1189),(#1190,#1191,
#1192,#1193),(#1194,#1195,#1196,#1197),(#1198,#1199,#1200,#1201),(#1202,
#1203,#1204,#1205),(#1206,#1207,#1208,#1209),(#1210,#1211,#1212,#1213),
(#1214,#1215,#1216,#1217),(#1218,#1219,#1220,#1221),(#1222,#1223,#1224,
#1225),(#1226,#1227,#1228,#1229),(#1230,#1231,#1232,#1233),(#1234,#1235,
#1236,#1237)),.UNSPECIFIED.,.F.,.F.,.F.,(4,1,1,1,2,1,1,1,2,1,1,1,1,1,1,
1,4),(4,4),(0.,0.053225286558038,0.106450573116076,0.159675859674114,0.212901146232152,
0.359042006112126,0.5051828659921,0.651323725872074,0.797464585752048,0.822781512533042,
0.848098439314036,0.87341536609503,0.898732292876024,0.924049219657018,
0.949366146438012,0.974683073219006,1.),(0.,1.),.UNSPECIFIED.);
#54=B_SPLINE_SURFACE_WITH_KNOTS('',3,3,((#1243,#1244,#1245,#1246),(#1247,
#1248,#1249,#1250),(#1251,#1252,#1253,#1254),(#1255,#1256,#1257,#1258),
(#1259,#1260,#1261,#1262),(#1263,#1264,#1265,#1266),(#1267,#1268,#1269,
#1270),(#1271,#1272,#1273,#1274),(#1275,#1276,#1277,#1278),(#1279,#1280,
#1281,#1282),(#1283,#1284,#1285,#1286),(#1287,#1288,#1289,#1290),(#1291,
#1292,#1293,#1294),(#1295,#1296,#1297,#1298),(#1299,#1300,#1301,#1302),
(#1303,#1304,#1305,#1306),(#1307,#1308,#1309,#1310)),.UNSPECIFIED.,.F.,
 .F.,.F.,(4,1,1,1,2,1,1,1,2,1,1,1,4),(4,4),(0.,0.17813794110911,0.35627588221822,
0.53441382332733,0.71255176443644,0.780511170952496,0.848470577468552,0.916429983984608,
0.984389390500664,0.988292042875498,0.992194695250332,0.996097347625166,
1.0000007289576),(0.,1.00002573088745),.UNSPECIFIED.);
#55=B_SPLINE_SURFACE_WITH_KNOTS('',3,3,((#1326,#1327,#1328,#1329),(#1330,
#1331,#1332,#1333),(#1334,#1335,#1336,#1337),(#1338,#1339,#1340,#1341),
(#1342,#1343,#1344,#1345),(#1346,#1347,#1348,#1349),(#1350,#1351,#1352,
#1353),(#1354,#1355,#1356,#1357),(#1358,#1359,#1360,#1361),(#1362,#1363,
#1364,#1365),(#1366,#1367,#1368,#1369),(#1370,#1371,#1372,#1373),(#1374,
#1375,#1376,#1377),(#1378,#1379,#1380,#1381),(#1382,#1383,#1384,#1385),
(#1386,#1387,#1388,#1389),(#1390,#1391,#1392,#1393),(#1394,#1395,#1396,
#1397),(#1398,#1399,#1400,#1401),(#1402,#1403,#1404,#1405),(#1406,#1407,
#1408,#1409)),.UNSPECIFIED.,.F.,.F.,.F.,(4,1,1,1,2,1,1,1,2,1,1,1,1,1,1,
1,4),(4,4),(-7.90870415439983E-5,0.0807509721138313,0.161501944227663,0.242252916341494,
0.323003888455325,0.454691072287036,0.586378256118747,0.718065439950458,
0.849752623782169,0.868533545809397,0.887314467836626,0.906095389863855,
0.924876311891084,0.943657233918313,0.962438155945542,0.981219077972771,
1.00043951616773),(0.,1.00043951616773),.UNSPECIFIED.);
#56=B_SPLINE_SURFACE_WITH_KNOTS('',5,5,((#1415,#1416,#1417,#1418,#1419,
#1420),(#1421,#1422,#1423,#1424,#1425,#1426),(#1427,#1428,#1429,#1430,#1431,
#1432),(#1433,#1434,#1435,#1436,#1437,#1438),(#1439,#1440,#1441,#1442,#1443,
#1444),(#1445,#1446,#1447,#1448,#1449,#1450),(#1451,#1452,#1453,#1454,#1455,
#1456),(#1457,#1458,#1459,#1460,#1461,#1462),(#1463,#1464,#1465,#1466,#1467,
#1468),(#1469,#1470,#1471,#1472,#1473,#1474),(#1475,#1476,#1477,#1478,#1479,
#1480),(#1481,#1482,#1483,#1484,#1485,#1486),(#1487,#1488,#1489,#1490,#1491,
#1492),(#1493,#1494,#1495,#1496,#1497,#1498),(#1499,#1500,#1501,#1502,#1503,
#1504),(#1505,#1506,#1507,#1508,#1509,#1510),(#1511,#1512,#1513,#1514,#1515,
#1516),(#1517,#1518,#1519,#1520,#1521,#1522),(#1523,#1524,#1525,#1526,#1527,
#1528),(#1529,#1530,#1531,#1532,#1533,#1534),(#1535,#1536,#1537,#1538,#1539,
#1540),(#1541,#1542,#1543,#1544,#1545,#1546),(#1547,#1548,#1549,#1550,#1551,
#1552),(#1553,#1554,#1555,#1556,#1557,#1558),(#1559,#1560,#1561,#1562,#1563,
#1564),(#1565,#1566,#1567,#1568,#1569,#1570),(#1571,#1572,#1573,#1574,#1575,
#1576),(#1577,#1578,#1579,#1580,#1581,#1582),(#1583,#1584,#1585,#1586,#1587,
#1588),(#1589,#1590,#1591,#1592,#1593,#1594),(#1595,#1596,#1597,#1598,#1599,
#1600),(#1601,#1602,#1603,#1604,#1605,#1606),(#1607,#1608,#1609,#1610,#1611,
#1612),(#1613,#1614,#1615,#1616,#1617,#1618),(#1619,#1620,#1621,#1622,#1623,
#1624),(#1625,#1626,#1627,#1628,#1629,#1630),(#1631,#1632,#1633,#1634,#1635,
#1636),(#1637,#1638,#1639,#1640,#1641,#1642),(#1643,#1644,#1645,#1646,#1647,
#1648),(#1649,#1650,#1651,#1652,#1653,#1654),(#1655,#1656,#1657,#1658,#1659,
#1660),(#1661,#1662,#1663,#1664,#1665,#1666),(#1667,#1668,#1669,#1670,#1671,
#1672),(#1673,#1674,#1675,#1676,#1677,#1678),(#1679,#1680,#1681,#1682,#1683,
#1684),(#1685,#1686,#1687,#1688,#1689,#1690),(#1691,#1692,#1693,#1694,#1695,
#1696),(#1697,#1698,#1699,#1700,#1701,#1702),(#1703,#1704,#1705,#1706,#1707,
#1708),(#1709,#1710,#1711,#1712,#1713,#1714),(#1715,#1716,#1717,#1718,#1719,
#1720),(#1721,#1722,#1723,#1724,#1725,#1726),(#1727,#1728,#1729,#1730,#1731,
#1732),(#1733,#1734,#1735,#1736,#1737,#1738),(#1739,#1740,#1741,#1742,#1743,
#1744),(#1745,#1746,#1747,#1748,#1749,#1750),(#1751,#1752,#1753,#1754,#1755,
#1756),(#1757,#1758,#1759,#1760,#1761,#1762),(#1763,#1764,#1765,#1766,#1767,
#1768),(#1769,#1770,#1771,#1772,#1773,#1774),(#1775,#1776,#1777,#1778,#1779,
#1780),(#1781,#1782,#1783,#1784,#1785,#1786),(#1787,#1788,#1789,#1790,#1791,
#1792),(#1793,#1794,#1795,#1796,#1797,#1798),(#1799,#1800,#1801,#1802,#1803,
#1804),(#1805,#1806,#1807,#1808,#1809,#1810),(#1811,#1812,#1813,#1814,#1815,
#1816),(#1817,#1818,#1819,#1820,#1821,#1822),(#1823,#1824,#1825,#1826,#1827,
#1828),(#1829,#1830,#1831,#1832,#1833,#1834),(#1835,#1836,#1837,#1838,#1839,
#1840),(#1841,#1842,#1843,#1844,#1845,#1846),(#1847,#1848,#1849,#1850,#1851,
#1852),(#1853,#1854,#1855,#1856,#1857,#1858),(#1859,#1860,#1861,#1862,#1863,
#1864),(#1865,#1866,#1867,#1868,#1869,#1870),(#1871,#1872,#1873,#1874,#1875,
#1876),(#1877,#1878,#1879,#1880,#1881,#1882),(#1883,#1884,#1885,#1886,#1887,
#1888),(#1889,#1890,#1891,#1892,#1893,#1894),(#1895,#1896,#1897,#1898,#1899,
#1900),(#1901,#1902,#1903,#1904,#1905,#1906),(#1907,#1908,#1909,#1910,#1911,
#1912),(#1913,#1914,#1915,#1916,#1917,#1918),(#1919,#1920,#1921,#1922,#1923,
#1924),(#1925,#1926,#1927,#1928,#1929,#1930),(#1931,#1932,#1933,#1934,#1935,
#1936),(#1937,#1938,#1939,#1940,#1941,#1942),(#1943,#1944,#1945,#1946,#1947,
#1948),(#1949,#1950,#1951,#1952,#1953,#1954),(#1955,#1956,#1957,#1958,#1959,
#1960),(#1961,#1962,#1963,#1964,#1965,#1966),(#1967,#1968,#1969,#1970,#1971,
#1972),(#1973,#1974,#1975,#1976,#1977,#1978),(#1979,#1980,#1981,#1982,#1983,
#1984),(#1985,#1986,#1987,#1988,#1989,#1990),(#1991,#1992,#1993,#1994,#1995,
#1996),(#1997,#1998,#1999,#2000,#2001,#2002),(#2003,#2004,#2005,#2006,#2007,
#2008),(#2009,#2010,#2011,#2012,#2013,#2014),(#2015,#2016,#2017,#2018,#2019,
#2020),(#2021,#2022,#2023,#2024,#2025,#2026),(#2027,#2028,#2029,#2030,#2031,
#2032),(#2033,#2034,#2035,#2036,#2037,#2038),(#2039,#2040,#2041,#2042,#2043,
#2044),(#2045,#2046,#2047,#2048,#2049,#2050),(#2051,#2052,#2053,#2054,#2055,
#2056),(#2057,#2058,#2059,#2060,#2061,#2062),(#2063,#2064,#2065,#2066,#2067,
#2068),(#2069,#2070,#2071,#2072,#2073,#2074),(#2075,#2076,#2077,#2078,#2079,
#2080),(#2081,#2082,#2083,#2084,#2085,#2086),(#2087,#2088,#2089,#2090,#2091,
#2092),(#2093,#2094,#2095,#2096,#2097,#2098),(#2099,#2100,#2101,#2102,#2103,
#2104),(#2105,#2106,#2107,#2108,#2109,#2110),(#2111,#2112,#2113,#2114,#2115,
#2116),(#2117,#2118,#2119,#2120,#2121,#2122),(#2123,#2124,#2125,#2126,#2127,
#2128),(#2129,#2130,#2131,#2132,#2133,#2134),(#2135,#2136,#2137,#2138,#2139,
#2140),(#2141,#2142,#2143,#2144,#2145,#2146),(#2147,#2148,#2149,#2150,#2151,
#2152),(#2153,#2154,#2155,#2156,#2157,#2158),(#2159,#2160,#2161,#2162,#2163,
#2164),(#2165,#2166,#2167,#2168,#2169,#2170),(#2171,#2172,#2173,#2174,#2175,
#2176),(#2177,#2178,#2179,#2180,#2181,#2182),(#2183,#2184,#2185,#2186,#2187,
#2188),(#2189,#2190,#2191,#2192,#2193,#2194),(#2195,#2196,#2197,#2198,#2199,
#2200),(#2201,#2202,#2203,#2204,#2205,#2206),(#2207,#2208,#2209,#2210,#2211,
#2212),(#2213,#2214,#2215,#2216,#2217,#2218),(#2219,#2220,#2221,#2222,#2223,
#2224),(#2225,#2226,#2227,#2228,#2229,#2230),(#2231,#2232,#2233,#2234,#2235,
#2236),(#2237,#2238,#2239,#2240,#2241,#2242),(#2243,#2244,#2245,#2246,#2247,
#2248),(#2249,#2250,#2251,#2252,#2253,#2254),(#2255,#2256,#2257,#2258,#2259,
#2260),(#2261,#2262,#2263,#2264,#2265,#2266),(#2267,#2268,#2269,#2270,#2271,
#2272),(#2273,#2274,#2275,#2276,#2277,#2278),(#2279,#2280,#2281,#2282,#2283,
#2284),(#2285,#2286,#2287,#2288,#2289,#2290),(#2291,#2292,#2293,#2294,#2295,
#2296),(#2297,#2298,#2299,#2300,#2301,#2302),(#2303,#2304,#2305,#2306,#2307,
#2308),(#2309,#2310,#2311,#2312,#2313,#2314),(#2315,#2316,#2317,#2318,#2319,
#2320),(#2321,#2322,#2323,#2324,#2325,#2326),(#2327,#2328,#2329,#2330,#2331,
#2332),(#2333,#2334,#2335,#2336,#2337,#2338),(#2339,#2340,#2341,#2342,#2343,
#2344),(#2345,#2346,#2347,#2348,#2349,#2350),(#2351,#2352,#2353,#2354,#2355,
#2356),(#2357,#2358,#2359,#2360,#2361,#2362),(#2363,#2364,#2365,#2366,#2367,
#2368),(#2369,#2370,#2371,#2372,#2373,#2374),(#2375,#2376,#2377,#2378,#2379,
#2380),(#2381,#2382,#2383,#2384,#2385,#2386),(#2387,#2388,#2389,#2390,#2391,
#2392),(#2393,#2394,#2395,#2396,#2397,#2398),(#2399,#2400,#2401,#2402,#2403,
#2404),(#2405,#2406,#2407,#2408,#2409,#2410),(#2411,#2412,#2413,#2414,#2415,
#2416),(#2417,#2418,#2419,#2420,#2421,#2422),(#2423,#2424,#2425,#2426,#2427,
#2428),(#2429,#2430,#2431,#2432,#2433,#2434),(#2435,#2436,#2437,#2438,#2439,
#2440),(#2441,#2442,#2443,#2444,#2445,#2446),(#2447,#2448,#2449,#2450,#2451,
#2452),(#2453,#2454,#2455,#2456,#2457,#2458),(#2459,#2460,#2461,#2462,#2463,
#2464),(#2465,#2466,#2467,#2468,#2469,#2470),(#2471,#2472,#2473,#2474,#2475,
#2476),(#2477,#2478,#2479,#2480,#2481,#2482),(#2483,#2484,#2485,#2486,#2487,
#2488),(#2489,#2490,#2491,#2492,#2493,#2494),(#2495,#2496,#2497,#2498,#2499,
#2500),(#2501,#2502,#2503,#2504,#2505,#2506),(#2507,#2508,#2509,#2510,#2511,
#2512),(#2513,#2514,#2515,#2516,#2517,#2518),(#2519,#2520,#2521,#2522,#2523,
#2524),(#2525,#2526,#2527,#2528,#2529,#2530),(#2531,#2532,#2533,#2534,#2535,
#2536),(#2537,#2538,#2539,#2540,#2541,#2542),(#2543,#2544,#2545,#2546,#2547,
#2548),(#2549,#2550,#2551,#2552,#2553,#2554),(#2555,#2556,#2557,#2558,#2559,
#2560),(#2561,#2562,#2563,#2564,#2565,#2566),(#2567,#2568,#2569,#2570,#2571,
#2572),(#2573,#2574,#2575,#2576,#2577,#2578),(#2579,#2580,#2581,#2582,#2583,
#2584),(#2585,#2586,#2587,#2588,#2589,#2590),(#2591,#2592,#2593,#2594,#2595,
#2596),(#2597,#2598,#2599,#2600,#2601,#2602),(#2603,#2604,#2605,#2606,#2607,
#2608),(#2609,#2610,#2611,#2612,#2613,#2614),(#2615,#2616,#2617,#2618,#2619,
#2620),(#2621,#2622,#2623,#2624,#2625,#2626),(#2627,#2628,#2629,#2630,#2631,
#2632),(#2633,#2634,#2635,#2636,#2637,#2638)),.UNSPECIFIED.,.F.,.F.,.F.,
(6,3,3,1,3,3,3,3,4,3,3,3,3,3,3,3,3,3,3,3,3,3,3,3,3,3,3,3,3,3,3,3,3,3,3,
3,3,3,3,3,3,2,4,3,3,3,3,3,3,3,2,3,4,3,3,3,4,3,3,3,3,3,3,3,3,3,3,6),(6,6),
(-0.00532862186949206,0.00114322130715845,0.00228644261431689,0.00914577045726758,
0.0182915409145352,0.0365830818290703,0.0731661636581406,0.146332327316281,
0.292664654632563,0.292859695854282,0.29344481951944,0.294224984406317,
0.295785314180071,0.29890597372758,0.305147292822598,0.311388611917615,
0.314509271465124,0.315289436352001,0.31567951879544,0.316069601238878,
0.317629931012633,0.330112569202668,0.336353888297686,0.339474547845194,
0.340449753953791,0.34064479517551,0.340839836397229,0.341034877618949,
0.342595207392703,0.355077845582738,0.361319164677756,0.364439824225264,
0.366000153999019,0.366390236442457,0.366780318885896,0.367560483772773,
0.373801802867791,0.3769224624153,0.380043121962808,0.386284441057826,0.389405100605335,
0.390965430379089,0.392525760152844,0.392707044557289,0.438934567690932,
0.48534337522902,0.578160990305197,0.624569797843286,0.670978605381374,
0.717387412919462,0.740591816688507,0.752194018573029,0.763796220457551,
0.77082361284482,0.820015359555703,0.876234498653855,0.988672776850159,
0.988849764711875,0.989380728297024,0.990088679743889,0.991150606914187,
0.991504582637619,0.992920485531349,0.994336388425079,0.996460242765675,
0.99716819421254,0.99858409710627,1.00000764270291),(-0.00532862192435564,
1.00000764270291),.UNSPECIFIED.);
#57=B_SPLINE_SURFACE_WITH_KNOTS('',5,5,((#2655,#2656,#2657,#2658,#2659,
#2660),(#2661,#2662,#2663,#2664,#2665,#2666),(#2667,#2668,#2669,#2670,#2671,
#2672),(#2673,#2674,#2675,#2676,#2677,#2678),(#2679,#2680,#2681,#2682,#2683,
#2684),(#2685,#2686,#2687,#2688,#2689,#2690),(#2691,#2692,#2693,#2694,#2695,
#2696),(#2697,#2698,#2699,#2700,#2701,#2702),(#2703,#2704,#2705,#2706,#2707,
#2708),(#2709,#2710,#2711,#2712,#2713,#2714)),.UNSPECIFIED.,.F.,.F.,.F.,
(6,4,6),(6,6),(0.,0.5,1.),(0.,1.),.UNSPECIFIED.);
#58=B_SPLINE_SURFACE_WITH_KNOTS('',3,3,((#2716,#2717,#2718,#2719),(#2720,
#2721,#2722,#2723),(#2724,#2725,#2726,#2727),(#2728,#2729,#2730,#2731),
(#2732,#2733,#2734,#2735),(#2736,#2737,#2738,#2739),(#2740,#2741,#2742,
#2743),(#2744,#2745,#2746,#2747),(#2748,#2749,#2750,#2751),(#2752,#2753,
#2754,#2755),(#2756,#2757,#2758,#2759),(#2760,#2761,#2762,#2763),(#2764,
#2765,#2766,#2767),(#2768,#2769,#2770,#2771),(#2772,#2773,#2774,#2775),
(#2776,#2777,#2778,#2779),(#2780,#2781,#2782,#2783),(#2784,#2785,#2786,
#2787),(#2788,#2789,#2790,#2791),(#2792,#2793,#2794,#2795),(#2796,#2797,
#2798,#2799),(#2800,#2801,#2802,#2803),(#2804,#2805,#2806,#2807),(#2808,
#2809,#2810,#2811),(#2812,#2813,#2814,#2815),(#2816,#2817,#2818,#2819),
(#2820,#2821,#2822,#2823),(#2824,#2825,#2826,#2827),(#2828,#2829,#2830,
#2831),(#2832,#2833,#2834,#2835),(#2836,#2837,#2838,#2839),(#2840,#2841,
#2842,#2843),(#2844,#2845,#2846,#2847),(#2848,#2849,#2850,#2851),(#2852,
#2853,#2854,#2855),(#2856,#2857,#2858,#2859),(#2860,#2861,#2862,#2863),
(#2864,#2865,#2866,#2867),(#2868,#2869,#2870,#2871),(#2872,#2873,#2874,
#2875),(#2876,#2877,#2878,#2879),(#2880,#2881,#2882,#2883),(#2884,#2885,
#2886,#2887),(#2888,#2889,#2890,#2891),(#2892,#2893,#2894,#2895),(#2896,
#2897,#2898,#2899),(#2900,#2901,#2902,#2903)),.UNSPECIFIED.,.T.,.F.,.F.,
(4,1,1,1,1,2,1,1,1,1,1,1,1,1,2,1,1,1,2,1,1,1,1,1,1,1,1,1,1,1,2,1,1,1,1,
2,1,1,1,4),(4,4),(0.,0.0230859424438305,0.0615625131835479,0.123125026367096,
0.184687539550644,0.246250052734192,0.300278121240455,0.354306189746718,
0.388073732563132,0.408334258252981,0.428594783942829,0.442101801069395,
0.448855309632678,0.455608818195961,0.462362326759243,0.464877867960321,
0.467393409161398,0.469908950362475,0.472424491563552,0.479968577563962,
0.487512663564372,0.495056749564782,0.502600835565191,0.510144921565601,
0.53277717956683,0.54032126556724,0.55540943756806,0.593129867570108,0.615762125571337,
0.653482555573386,0.713835243576664,0.765595863188862,0.817356482801059,
0.869117102413257,0.898694599334513,0.920877722025455,0.940658291519091,
0.960438861012727,0.980219430506364,1.),(-2.2513970350988E-5,1.),
 .UNSPECIFIED.);
#59=B_SPLINE_SURFACE_WITH_KNOTS('',3,3,((#2910,#2911,#2912,#2913),(#2914,
#2915,#2916,#2917),(#2918,#2919,#2920,#2921),(#2922,#2923,#2924,#2925),
(#2926,#2927,#2928,#2929),(#2930,#2931,#2932,#2933),(#2934,#2935,#2936,
#2937),(#2938,#2939,#2940,#2941),(#2942,#2943,#2944,#2945),(#2946,#2947,
#2948,#2949),(#2950,#2951,#2952,#2953),(#2954,#2955,#2956,#2957),(#2958,
#2959,#2960,#2961),(#2962,#2963,#2964,#2965),(#2966,#2967,#2968,#2969),
(#2970,#2971,#2972,#2973),(#2974,#2975,#2976,#2977),(#2978,#2979,#2980,
#2981),(#2982,#2983,#2984,#2985),(#2986,#2987,#2988,#2989),(#2990,#2991,
#2992,#2993),(#2994,#2995,#2996,#2997),(#2998,#2999,#3000,#3001),(#3002,
#3003,#3004,#3005),(#3006,#3007,#3008,#3009),(#3010,#3011,#3012,#3013),
(#3014,#3015,#3016,#3017),(#3018,#3019,#3020,#3021),(#3022,#3023,#3024,
#3025),(#3026,#3027,#3028,#3029),(#3030,#3031,#3032,#3033),(#3034,#3035,
#3036,#3037),(#3038,#3039,#3040,#3041),(#3042,#3043,#3044,#3045),(#3046,
#3047,#3048,#3049),(#3050,#3051,#3052,#3053),(#3054,#3055,#3056,#3057),
(#3058,#3059,#3060,#3061),(#3062,#3063,#3064,#3065),(#3066,#3067,#3068,
#3069),(#3070,#3071,#3072,#3073),(#3074,#3075,#3076,#3077),(#3078,#3079,
#3080,#3081),(#3082,#3083,#3084,#3085),(#3086,#3087,#3088,#3089),(#3090,
#3091,#3092,#3093),(#3094,#3095,#3096,#3097)),.UNSPECIFIED.,.T.,.F.,.F.,
(4,1,1,1,1,2,1,1,1,1,1,1,1,1,2,1,1,1,2,1,1,1,1,1,1,1,1,1,1,1,2,1,1,1,1,
2,1,1,1,4),(4,4),(0.,0.0230859424438305,0.0615625131835479,0.123125026367096,
0.184687539550644,0.246250052734192,0.300278121240455,0.354306189746718,
0.388073732563132,0.408334258252981,0.428594783942829,0.442101801069395,
0.448855309632678,0.455608818195961,0.462362326759243,0.464877867960321,
0.467393409161398,0.469908950362475,0.472424491563552,0.479968577563962,
0.487512663564372,0.495056749564782,0.502600835565191,0.510144921565601,
0.53277717956683,0.54032126556724,0.55540943756806,0.593129867570108,0.615762125571337,
0.653482555573386,0.713835243576664,0.765595863188862,0.817356482801059,
0.869117102413257,0.898694599334513,0.920877722025455,0.940658291519091,
0.960438861012727,0.980219430506364,1.),(-2.38875164046003E-5,1.),
 .UNSPECIFIED.);
#60=B_SPLINE_SURFACE_WITH_KNOTS('',3,3,((#3230,#3231,#3232,#3233),(#3234,
#3235,#3236,#3237),(#3238,#3239,#3240,#3241),(#3242,#3243,#3244,#3245),
(#3246,#3247,#3248,#3249),(#3250,#3251,#3252,#3253),(#3254,#3255,#3256,
#3257),(#3258,#3259,#3260,#3261),(#3262,#3263,#3264,#3265),(#3266,#3267,
#3268,#3269),(#3270,#3271,#3272,#3273),(#3274,#3275,#3276,#3277),(#3278,
#3279,#3280,#3281),(#3282,#3283,#3284,#3285),(#3286,#3287,#3288,#3289),
(#3290,#3291,#3292,#3293),(#3294,#3295,#3296,#3297),(#3298,#3299,#3300,
#3301),(#3302,#3303,#3304,#3305),(#3306,#3307,#3308,#3309),(#3310,#3311,
#3312,#3313),(#3314,#3315,#3316,#3317),(#3318,#3319,#3320,#3321),(#3322,
#3323,#3324,#3325),(#3326,#3327,#3328,#3329)),.UNSPECIFIED.,.F.,.F.,.F.,
(4,1,1,1,1,1,1,2,1,1,1,2,1,1,1,1,1,1,1,1,4),(4,4),(0.,0.142436836238851,
0.213655254358277,0.284873672477702,0.356092090597128,0.427310508716554,
0.498528926835979,0.569747344955405,0.669624959888949,0.769502574822493,
0.869380189756038,0.969257804689582,0.976943353517186,0.980786127930989,
0.984628902344791,0.988471676758593,0.992314451172396,0.994235838379297,
0.996157225586198,0.998078612793099,1.),(0.,1.),.UNSPECIFIED.);
#61=B_SPLINE_SURFACE_WITH_KNOTS('',3,3,((#3345,#3346,#3347,#3348),(#3349,
#3350,#3351,#3352),(#3353,#3354,#3355,#3356),(#3357,#3358,#3359,#3360),
(#3361,#3362,#3363,#3364),(#3365,#3366,#3367,#3368),(#3369,#3370,#3371,
#3372),(#3373,#3374,#3375,#3376),(#3377,#3378,#3379,#3380),(#3381,#3382,
#3383,#3384),(#3385,#3386,#3387,#3388),(#3389,#3390,#3391,#3392),(#3393,
#3394,#3395,#3396),(#3397,#3398,#3399,#3400),(#3401,#3402,#3403,#3404),
(#3405,#3406,#3407,#3408),(#3409,#3410,#3411,#3412),(#3413,#3414,#3415,
#3416),(#3417,#3418,#3419,#3420),(#3421,#3422,#3423,#3424),(#3425,#3426,
#3427,#3428)),.UNSPECIFIED.,.F.,.F.,.F.,(4,1,1,1,2,1,1,1,2,1,1,1,1,1,1,
1,4),(4,4),(0.,0.053225286558038,0.106450573116076,0.159675859674114,0.212901146232152,
0.359042006112126,0.5051828659921,0.651323725872074,0.797464585752048,0.822781512533042,
0.848098439314036,0.87341536609503,0.898732292876024,0.924049219657018,
0.949366146438012,0.974683073219006,1.),(0.,1.),.UNSPECIFIED.);
#62=B_SPLINE_SURFACE_WITH_KNOTS('',3,3,((#3434,#3435,#3436,#3437),(#3438,
#3439,#3440,#3441),(#3442,#3443,#3444,#3445),(#3446,#3447,#3448,#3449),
(#3450,#3451,#3452,#3453),(#3454,#3455,#3456,#3457),(#3458,#3459,#3460,
#3461),(#3462,#3463,#3464,#3465),(#3466,#3467,#3468,#3469),(#3470,#3471,
#3472,#3473),(#3474,#3475,#3476,#3477),(#3478,#3479,#3480,#3481),(#3482,
#3483,#3484,#3485),(#3486,#3487,#3488,#3489),(#3490,#3491,#3492,#3493),
(#3494,#3495,#3496,#3497),(#3498,#3499,#3500,#3501)),.UNSPECIFIED.,.F.,
 .F.,.F.,(4,1,1,1,2,1,1,1,2,1,1,1,4),(4,4),(0.,0.17813794110911,0.35627588221822,
0.53441382332733,0.71255176443644,0.780511170952496,0.848470577468552,0.916429983984608,
0.984389390500664,0.988292042875498,0.992194695250332,0.996097347625166,
1.0000007289576),(0.,1.00002573088745),.UNSPECIFIED.);
#63=B_SPLINE_SURFACE_WITH_KNOTS('',3,3,((#3517,#3518,#3519,#3520),(#3521,
#3522,#3523,#3524),(#3525,#3526,#3527,#3528),(#3529,#3530,#3531,#3532),
(#3533,#3534,#3535,#3536),(#3537,#3538,#3539,#3540),(#3541,#3542,#3543,
#3544),(#3545,#3546,#3547,#3548),(#3549,#3550,#3551,#3552),(#3553,#3554,
#3555,#3556),(#3557,#3558,#3559,#3560),(#3561,#3562,#3563,#3564),(#3565,
#3566,#3567,#3568),(#3569,#3570,#3571,#3572),(#3573,#3574,#3575,#3576),
(#3577,#3578,#3579,#3580),(#3581,#3582,#3583,#3584),(#3585,#3586,#3587,
#3588),(#3589,#3590,#3591,#3592),(#3593,#3594,#3595,#3596),(#3597,#3598,
#3599,#3600)),.UNSPECIFIED.,.F.,.F.,.F.,(4,1,1,1,2,1,1,1,2,1,1,1,1,1,1,
1,4),(4,4),(-7.90870415439983E-5,0.0807509721138313,0.161501944227663,0.242252916341494,
0.323003888455325,0.454691072287036,0.586378256118747,0.718065439950458,
0.849752623782169,0.868533545809397,0.887314467836626,0.906095389863855,
0.924876311891084,0.943657233918313,0.962438155945542,0.981219077972771,
1.00043951616773),(0.,1.00043951616773),.UNSPECIFIED.);
#64=B_SPLINE_SURFACE_WITH_KNOTS('',5,5,((#3606,#3607,#3608,#3609,#3610,
#3611),(#3612,#3613,#3614,#3615,#3616,#3617),(#3618,#3619,#3620,#3621,#3622,
#3623),(#3624,#3625,#3626,#3627,#3628,#3629),(#3630,#3631,#3632,#3633,#3634,
#3635),(#3636,#3637,#3638,#3639,#3640,#3641),(#3642,#3643,#3644,#3645,#3646,
#3647),(#3648,#3649,#3650,#3651,#3652,#3653),(#3654,#3655,#3656,#3657,#3658,
#3659),(#3660,#3661,#3662,#3663,#3664,#3665),(#3666,#3667,#3668,#3669,#3670,
#3671),(#3672,#3673,#3674,#3675,#3676,#3677),(#3678,#3679,#3680,#3681,#3682,
#3683),(#3684,#3685,#3686,#3687,#3688,#3689),(#3690,#3691,#3692,#3693,#3694,
#3695),(#3696,#3697,#3698,#3699,#3700,#3701),(#3702,#3703,#3704,#3705,#3706,
#3707),(#3708,#3709,#3710,#3711,#3712,#3713),(#3714,#3715,#3716,#3717,#3718,
#3719),(#3720,#3721,#3722,#3723,#3724,#3725),(#3726,#3727,#3728,#3729,#3730,
#3731),(#3732,#3733,#3734,#3735,#3736,#3737),(#3738,#3739,#3740,#3741,#3742,
#3743),(#3744,#3745,#3746,#3747,#3748,#3749),(#3750,#3751,#3752,#3753,#3754,
#3755),(#3756,#3757,#3758,#3759,#3760,#3761),(#3762,#3763,#3764,#3765,#3766,
#3767),(#3768,#3769,#3770,#3771,#3772,#3773),(#3774,#3775,#3776,#3777,#3778,
#3779),(#3780,#3781,#3782,#3783,#3784,#3785),(#3786,#3787,#3788,#3789,#3790,
#3791),(#3792,#3793,#3794,#3795,#3796,#3797),(#3798,#3799,#3800,#3801,#3802,
#3803),(#3804,#3805,#3806,#3807,#3808,#3809),(#3810,#3811,#3812,#3813,#3814,
#3815),(#3816,#3817,#3818,#3819,#3820,#3821),(#3822,#3823,#3824,#3825,#3826,
#3827),(#3828,#3829,#3830,#3831,#3832,#3833),(#3834,#3835,#3836,#3837,#3838,
#3839),(#3840,#3841,#3842,#3843,#3844,#3845),(#3846,#3847,#3848,#3849,#3850,
#3851),(#3852,#3853,#3854,#3855,#3856,#3857),(#3858,#3859,#3860,#3861,#3862,
#3863),(#3864,#3865,#3866,#3867,#3868,#3869),(#3870,#3871,#3872,#3873,#3874,
#3875),(#3876,#3877,#3878,#3879,#3880,#3881),(#3882,#3883,#3884,#3885,#3886,
#3887),(#3888,#3889,#3890,#3891,#3892,#3893),(#3894,#3895,#3896,#3897,#3898,
#3899),(#3900,#3901,#3902,#3903,#3904,#3905),(#3906,#3907,#3908,#3909,#3910,
#3911),(#3912,#3913,#3914,#3915,#3916,#3917),(#3918,#3919,#3920,#3921,#3922,
#3923),(#3924,#3925,#3926,#3927,#3928,#3929),(#3930,#3931,#3932,#3933,#3934,
#3935),(#3936,#3937,#3938,#3939,#3940,#3941),(#3942,#3943,#3944,#3945,#3946,
#3947),(#3948,#3949,#3950,#3951,#3952,#3953),(#3954,#3955,#3956,#3957,#3958,
#3959),(#3960,#3961,#3962,#3963,#3964,#3965),(#3966,#3967,#3968,#3969,#3970,
#3971),(#3972,#3973,#3974,#3975,#3976,#3977),(#3978,#3979,#3980,#3981,#3982,
#3983),(#3984,#3985,#3986,#3987,#3988,#3989),(#3990,#3991,#3992,#3993,#3994,
#3995),(#3996,#3997,#3998,#3999,#4000,#4001),(#4002,#4003,#4004,#4005,#4006,
#4007),(#4008,#4009,#4010,#4011,#4012,#4013),(#4014,#4015,#4016,#4017,#4018,
#4019),(#4020,#4021,#4022,#4023,#4024,#4025),(#4026,#4027,#4028,#4029,#4030,
#4031),(#4032,#4033,#4034,#4035,#4036,#4037),(#4038,#4039,#4040,#4041,#4042,
#4043),(#4044,#4045,#4046,#4047,#4048,#4049),(#4050,#4051,#4052,#4053,#4054,
#4055),(#4056,#4057,#4058,#4059,#4060,#4061),(#4062,#4063,#4064,#4065,#4066,
#4067),(#4068,#4069,#4070,#4071,#4072,#4073),(#4074,#4075,#4076,#4077,#4078,
#4079),(#4080,#4081,#4082,#4083,#4084,#4085),(#4086,#4087,#4088,#4089,#4090,
#4091),(#4092,#4093,#4094,#4095,#4096,#4097),(#4098,#4099,#4100,#4101,#4102,
#4103),(#4104,#4105,#4106,#4107,#4108,#4109),(#4110,#4111,#4112,#4113,#4114,
#4115),(#4116,#4117,#4118,#4119,#4120,#4121),(#4122,#4123,#4124,#4125,#4126,
#4127),(#4128,#4129,#4130,#4131,#4132,#4133),(#4134,#4135,#4136,#4137,#4138,
#4139),(#4140,#4141,#4142,#4143,#4144,#4145),(#4146,#4147,#4148,#4149,#4150,
#4151),(#4152,#4153,#4154,#4155,#4156,#4157),(#4158,#4159,#4160,#4161,#4162,
#4163),(#4164,#4165,#4166,#4167,#4168,#4169),(#4170,#4171,#4172,#4173,#4174,
#4175),(#4176,#4177,#4178,#4179,#4180,#4181),(#4182,#4183,#4184,#4185,#4186,
#4187),(#4188,#4189,#4190,#4191,#4192,#4193),(#4194,#4195,#4196,#4197,#4198,
#4199),(#4200,#4201,#4202,#4203,#4204,#4205),(#4206,#4207,#4208,#4209,#4210,
#4211),(#4212,#4213,#4214,#4215,#4216,#4217),(#4218,#4219,#4220,#4221,#4222,
#4223),(#4224,#4225,#4226,#4227,#4228,#4229),(#4230,#4231,#4232,#4233,#4234,
#4235),(#4236,#4237,#4238,#4239,#4240,#4241),(#4242,#4243,#4244,#4245,#4246,
#4247),(#4248,#4249,#4250,#4251,#4252,#4253),(#4254,#4255,#4256,#4257,#4258,
#4259),(#4260,#4261,#4262,#4263,#4264,#4265),(#4266,#4267,#4268,#4269,#4270,
#4271),(#4272,#4273,#4274,#4275,#4276,#4277),(#4278,#4279,#4280,#4281,#4282,
#4283),(#4284,#4285,#4286,#4287,#4288,#4289),(#4290,#4291,#4292,#4293,#4294,
#4295),(#4296,#4297,#4298,#4299,#4300,#4301),(#4302,#4303,#4304,#4305,#4306,
#4307),(#4308,#4309,#4310,#4311,#4312,#4313),(#4314,#4315,#4316,#4317,#4318,
#4319),(#4320,#4321,#4322,#4323,#4324,#4325),(#4326,#4327,#4328,#4329,#4330,
#4331),(#4332,#4333,#4334,#4335,#4336,#4337),(#4338,#4339,#4340,#4341,#4342,
#4343),(#4344,#4345,#4346,#4347,#4348,#4349),(#4350,#4351,#4352,#4353,#4354,
#4355),(#4356,#4357,#4358,#4359,#4360,#4361),(#4362,#4363,#4364,#4365,#4366,
#4367),(#4368,#4369,#4370,#4371,#4372,#4373),(#4374,#4375,#4376,#4377,#4378,
#4379),(#4380,#4381,#4382,#4383,#4384,#4385),(#4386,#4387,#4388,#4389,#4390,
#4391),(#4392,#4393,#4394,#4395,#4396,#4397),(#4398,#4399,#4400,#4401,#4402,
#4403),(#4404,#4405,#4406,#4407,#4408,#4409),(#4410,#4411,#4412,#4413,#4414,
#4415),(#4416,#4417,#4418,#4419,#4420,#4421),(#4422,#4423,#4424,#4425,#4426,
#4427),(#4428,#4429,#4430,#4431,#4432,#4433),(#4434,#4435,#4436,#4437,#4438,
#4439),(#4440,#4441,#4442,#4443,#4444,#4445),(#4446,#4447,#4448,#4449,#4450,
#4451),(#4452,#4453,#4454,#4455,#4456,#4457),(#4458,#4459,#4460,#4461,#4462,
#4463),(#4464,#4465,#4466,#4467,#4468,#4469),(#4470,#4471,#4472,#4473,#4474,
#4475),(#4476,#4477,#4478,#4479,#4480,#4481),(#4482,#4483,#4484,#4485,#4486,
#4487),(#4488,#4489,#4490,#4491,#4492,#4493),(#4494,#4495,#4496,#4497,#4498,
#4499),(#4500,#4501,#4502,#4503,#4504,#4505),(#4506,#4507,#4508,#4509,#4510,
#4511),(#4512,#4513,#4514,#4515,#4516,#4517),(#4518,#4519,#4520,#4521,#4522,
#4523),(#4524,#4525,#4526,#4527,#4528,#4529),(#4530,#4531,#4532,#4533,#4534,
#4535),(#4536,#4537,#4538,#4539,#4540,#4541),(#4542,#4543,#4544,#4545,#4546,
#4547),(#4548,#4549,#4550,#4551,#4552,#4553),(#4554,#4555,#4556,#4557,#4558,
#4559),(#4560,#4561,#4562,#4563,#4564,#4565),(#4566,#4567,#4568,#4569,#4570,
#4571),(#4572,#4573,#4574,#4575,#4576,#4577),(#4578,#4579,#4580,#4581,#4582,
#4583),(#4584,#4585,#4586,#4587,#4588,#4589),(#4590,#4591,#4592,#4593,#4594,
#4595),(#4596,#4597,#4598,#4599,#4600,#4601),(#4602,#4603,#4604,#4605,#4606,
#4607),(#4608,#4609,#4610,#4611,#4612,#4613),(#4614,#4615,#4616,#4617,#4618,
#4619),(#4620,#4621,#4622,#4623,#4624,#4625),(#4626,#4627,#4628,#4629,#4630,
#4631),(#4632,#4633,#4634,#4635,#4636,#4637),(#4638,#4639,#4640,#4641,#4642,
#4643),(#4644,#4645,#4646,#4647,#4648,#4649),(#4650,#4651,#4652,#4653,#4654,
#4655),(#4656,#4657,#4658,#4659,#4660,#4661),(#4662,#4663,#4664,#4665,#4666,
#4667),(#4668,#4669,#4670,#4671,#4672,#4673),(#4674,#4675,#4676,#4677,#4678,
#4679),(#4680,#4681,#4682,#4683,#4684,#4685),(#4686,#4687,#4688,#4689,#4690,
#4691),(#4692,#4693,#4694,#4695,#4696,#4697),(#4698,#4699,#4700,#4701,#4702,
#4703),(#4704,#4705,#4706,#4707,#4708,#4709),(#4710,#4711,#4712,#4713,#4714,
#4715),(#4716,#4717,#4718,#4719,#4720,#4721),(#4722,#4723,#4724,#4725,#4726,
#4727),(#4728,#4729,#4730,#4731,#4732,#4733),(#4734,#4735,#4736,#4737,#4738,
#4739),(#4740,#4741,#4742,#4743,#4744,#4745),(#4746,#4747,#4748,#4749,#4750,
#4751),(#4752,#4753,#4754,#4755,#4756,#4757),(#4758,#4759,#4760,#4761,#4762,
#4763),(#4764,#4765,#4766,#4767,#4768,#4769),(#4770,#4771,#4772,#4773,#4774,
#4775),(#4776,#4777,#4778,#4779,#4780,#4781),(#4782,#4783,#4784,#4785,#4786,
#4787),(#4788,#4789,#4790,#4791,#4792,#4793),(#4794,#4795,#4796,#4797,#4798,
#4799),(#4800,#4801,#4802,#4803,#4804,#4805),(#4806,#4807,#4808,#4809,#4810,
#4811),(#4812,#4813,#4814,#4815,#4816,#4817),(#4818,#4819,#4820,#4821,#4822,
#4823),(#4824,#4825,#4826,#4827,#4828,#4829)),.UNSPECIFIED.,.F.,.F.,.F.,
(6,3,3,1,3,3,3,3,4,3,3,3,3,3,3,3,3,3,3,3,3,3,3,3,3,3,3,3,3,3,3,3,3,3,3,
3,3,3,3,3,3,2,4,3,3,3,3,3,3,3,2,3,4,3,3,3,4,3,3,3,3,3,3,3,3,3,3,6),(6,6),
(-0.00532862186949206,0.00114322130715845,0.00228644261431689,0.00914577045726758,
0.0182915409145352,0.0365830818290703,0.0731661636581406,0.146332327316281,
0.292664654632563,0.292859695854282,0.29344481951944,0.294224984406317,
0.295785314180071,0.29890597372758,0.305147292822598,0.311388611917615,
0.314509271465124,0.315289436352001,0.31567951879544,0.316069601238878,
0.317629931012633,0.330112569202668,0.336353888297686,0.339474547845194,
0.340449753953791,0.34064479517551,0.340839836397229,0.341034877618949,
0.342595207392703,0.355077845582738,0.361319164677756,0.364439824225264,
0.366000153999019,0.366390236442457,0.366780318885896,0.367560483772773,
0.373801802867791,0.3769224624153,0.380043121962808,0.386284441057826,0.389405100605335,
0.390965430379089,0.392525760152844,0.392707044557289,0.438934567690932,
0.48534337522902,0.578160990305197,0.624569797843286,0.670978605381374,
0.717387412919462,0.740591816688507,0.752194018573029,0.763796220457551,
0.77082361284482,0.820015359555703,0.876234498653855,0.988672776850159,
0.988849764711875,0.989380728297024,0.990088679743889,0.991150606914187,
0.991504582637619,0.992920485531349,0.994336388425079,0.996460242765675,
0.99716819421254,0.99858409710627,1.00000764270291),(-0.00532862192435564,
1.00000764270291),.UNSPECIFIED.);
#65=B_SPLINE_SURFACE_WITH_KNOTS('',5,5,((#4846,#4847,#4848,#4849,#4850,
#4851),(#4852,#4853,#4854,#4855,#4856,#4857),(#4858,#4859,#4860,#4861,#4862,
#4863),(#4864,#4865,#4866,#4867,#4868,#4869),(#4870,#4871,#4872,#4873,#4874,
#4875),(#4876,#4877,#4878,#4879,#4880,#4881),(#4882,#4883,#4884,#4885,#4886,
#4887),(#4888,#4889,#4890,#4891,#4892,#4893),(#4894,#4895,#4896,#4897,#4898,
#4899),(#4900,#4901,#4902,#4903,#4904,#4905)),.UNSPECIFIED.,.F.,.F.,.F.,
(6,4,6),(6,6),(0.,0.5,1.),(0.,1.),.UNSPECIFIED.);
#66=B_SPLINE_SURFACE_WITH_KNOTS('',3,3,((#4907,#4908,#4909,#4910),(#4911,
#4912,#4913,#4914),(#4915,#4916,#4917,#4918),(#4919,#4920,#4921,#4922),
(#4923,#4924,#4925,#4926),(#4927,#4928,#4929,#4930),(#4931,#4932,#4933,
#4934),(#4935,#4936,#4937,#4938),(#4939,#4940,#4941,#4942),(#4943,#4944,
#4945,#4946),(#4947,#4948,#4949,#4950),(#4951,#4952,#4953,#4954),(#4955,
#4956,#4957,#4958),(#4959,#4960,#4961,#4962),(#4963,#4964,#4965,#4966),
(#4967,#4968,#4969,#4970),(#4971,#4972,#4973,#4974),(#4975,#4976,#4977,
#4978),(#4979,#4980,#4981,#4982),(#4983,#4984,#4985,#4986),(#4987,#4988,
#4989,#4990),(#4991,#4992,#4993,#4994),(#4995,#4996,#4997,#4998),(#4999,
#5000,#5001,#5002),(#5003,#5004,#5005,#5006),(#5007,#5008,#5009,#5010),
(#5011,#5012,#5013,#5014),(#5015,#5016,#5017,#5018),(#5019,#5020,#5021,
#5022),(#5023,#5024,#5025,#5026),(#5027,#5028,#5029,#5030),(#5031,#5032,
#5033,#5034),(#5035,#5036,#5037,#5038),(#5039,#5040,#5041,#5042),(#5043,
#5044,#5045,#5046),(#5047,#5048,#5049,#5050),(#5051,#5052,#5053,#5054),
(#5055,#5056,#5057,#5058),(#5059,#5060,#5061,#5062),(#5063,#5064,#5065,
#5066),(#5067,#5068,#5069,#5070),(#5071,#5072,#5073,#5074),(#5075,#5076,
#5077,#5078),(#5079,#5080,#5081,#5082),(#5083,#5084,#5085,#5086),(#5087,
#5088,#5089,#5090),(#5091,#5092,#5093,#5094)),.UNSPECIFIED.,.T.,.F.,.F.,
(4,1,1,1,1,2,1,1,1,1,1,1,1,1,2,1,1,1,2,1,1,1,1,1,1,1,1,1,1,1,2,1,1,1,1,
2,1,1,1,4),(4,4),(0.,0.0230859424438305,0.0615625131835479,0.123125026367096,
0.184687539550644,0.246250052734192,0.300278121240455,0.354306189746718,
0.388073732563132,0.408334258252981,0.428594783942829,0.442101801069395,
0.448855309632678,0.455608818195961,0.462362326759243,0.464877867960321,
0.467393409161398,0.469908950362475,0.472424491563552,0.479968577563962,
0.487512663564372,0.495056749564782,0.502600835565191,0.510144921565601,
0.53277717956683,0.54032126556724,0.55540943756806,0.593129867570108,0.615762125571337,
0.653482555573386,0.713835243576664,0.765595863188862,0.817356482801059,
0.869117102413257,0.898694599334513,0.920877722025455,0.940658291519091,
0.960438861012727,0.980219430506364,1.),(-2.2513970350988E-5,1.),
 .UNSPECIFIED.);
#67=FACE_OUTER_BOUND('',#91,.T.);
#68=FACE_OUTER_BOUND('',#92,.T.);
#69=FACE_OUTER_BOUND('',#93,.T.);
#70=FACE_OUTER_BOUND('',#94,.T.);
#71=FACE_OUTER_BOUND('',#96,.T.);
#72=FACE_OUTER_BOUND('',#98,.T.);
#73=FACE_OUTER_BOUND('',#99,.T.);
#74=FACE_OUTER_BOUND('',#100,.T.);
#75=FACE_OUTER_BOUND('',#101,.T.);
#76=FACE_OUTER_BOUND('',#102,.T.);
#77=FACE_OUTER_BOUND('',#103,.T.);
#78=FACE_OUTER_BOUND('',#104,.T.);
#79=FACE_OUTER_BOUND('',#105,.T.);
#80=FACE_OUTER_BOUND('',#106,.T.);
#81=FACE_OUTER_BOUND('',#107,.T.);
#82=FACE_OUTER_BOUND('',#108,.T.);
#83=FACE_OUTER_BOUND('',#110,.T.);
#84=FACE_OUTER_BOUND('',#112,.T.);
#85=FACE_OUTER_BOUND('',#113,.T.);
#86=FACE_OUTER_BOUND('',#114,.T.);
#87=FACE_OUTER_BOUND('',#115,.T.);
#88=FACE_OUTER_BOUND('',#116,.T.);
#89=FACE_OUTER_BOUND('',#117,.T.);
#90=FACE_OUTER_BOUND('',#118,.T.);
#91=EDGE_LOOP('',(#349,#350,#351,#352));
#92=EDGE_LOOP('',(#353,#354,#355,#356,#357,#358,#359,#360));
#93=EDGE_LOOP('',(#361,#362,#363,#364,#365,#366,#367,#368,#369,#370,#371,
#372));
#94=EDGE_LOOP('',(#373));
#95=EDGE_LOOP('',(#374));
#96=EDGE_LOOP('',(#375));
#97=EDGE_LOOP('',(#376));
#98=EDGE_LOOP('',(#377,#378,#379,#380,#381,#382,#383));
#99=EDGE_LOOP('',(#384,#385,#386,#387,#388,#389,#390,#391,#392));
#100=EDGE_LOOP('',(#393,#394,#395,#396,#397,#398,#399,#400));
#101=EDGE_LOOP('',(#401,#402,#403,#404,#405,#406,#407,#408));
#102=EDGE_LOOP('',(#409,#410,#411,#412,#413,#414,#415,#416,#417,#418,#419,
#420,#421));
#103=EDGE_LOOP('',(#422,#423,#424,#425,#426,#427));
#104=EDGE_LOOP('',(#428,#429,#430,#431,#432));
#105=EDGE_LOOP('',(#433,#434,#435,#436));
#106=EDGE_LOOP('',(#437,#438,#439,#440,#441,#442,#443,#444));
#107=EDGE_LOOP('',(#445,#446,#447,#448,#449,#450,#451,#452,#453,#454,#455,
#456));
#108=EDGE_LOOP('',(#457));
#109=EDGE_LOOP('',(#458));
#110=EDGE_LOOP('',(#459));
#111=EDGE_LOOP('',(#460));
#112=EDGE_LOOP('',(#461,#462,#463,#464,#465,#466,#467));
#113=EDGE_LOOP('',(#468,#469,#470,#471,#472,#473,#474,#475,#476));
#114=EDGE_LOOP('',(#477,#478,#479,#480,#481,#482,#483,#484));
#115=EDGE_LOOP('',(#485,#486,#487,#488,#489,#490,#491,#492));
#116=EDGE_LOOP('',(#493,#494,#495,#496,#497,#498,#499,#500,#501,#502,#503,
#504,#505));
#117=EDGE_LOOP('',(#506,#507,#508,#509,#510,#511));
#118=EDGE_LOOP('',(#512,#513,#514,#515,#516));
#119=LINE('',#717,#143);
#120=LINE('',#909,#144);
#121=LINE('',#911,#145);
#122=LINE('',#925,#146);
#123=LINE('',#927,#147);
#124=LINE('',#933,#148);
#125=LINE('',#991,#149);
#126=LINE('',#1147,#150);
#127=LINE('',#1242,#151);
#128=LINE('',#1319,#152);
#129=LINE('',#1414,#153);
#130=LINE('',#2715,#154);
#131=LINE('',#2908,#155);
#132=LINE('',#3100,#156);
#133=LINE('',#3102,#157);
#134=LINE('',#3116,#158);
#135=LINE('',#3118,#159);
#136=LINE('',#3124,#160);
#137=LINE('',#3182,#161);
#138=LINE('',#3338,#162);
#139=LINE('',#3433,#163);
#140=LINE('',#3510,#164);
#141=LINE('',#3605,#165);
#142=LINE('',#4906,#166);
#143=VECTOR('',#608,2.5);
#144=VECTOR('',#611,1000.);
#145=VECTOR('',#612,1000.);
#146=VECTOR('',#615,1000.);
#147=VECTOR('',#616,1000.);
#148=VECTOR('',#623,5.5);
#149=VECTOR('',#624,5.5);
#150=VECTOR('',#635,1000.);
#151=VECTOR('',#642,1000.);
#152=VECTOR('',#645,1000.);
#153=VECTOR('',#652,1000.);
#154=VECTOR('',#657,1000.);
#155=VECTOR('',#662,2.5);
#156=VECTOR('',#665,1000.);
#157=VECTOR('',#666,1000.);
#158=VECTOR('',#669,1000.);
#159=VECTOR('',#670,1000.);
#160=VECTOR('',#677,5.5);
#161=VECTOR('',#678,5.5);
#162=VECTOR('',#689,1000.);
#163=VECTOR('',#696,1000.);
#164=VECTOR('',#699,1000.);
#165=VECTOR('',#706,1000.);
#166=VECTOR('',#711,1000.);
#167=CIRCLE('',#561,2.5);
#168=CIRCLE('',#562,2.5);
#169=CIRCLE('',#563,20.);
#170=CIRCLE('',#564,0.1);
#171=CIRCLE('',#566,5.5);
#172=CIRCLE('',#567,5.5);
#173=CIRCLE('',#568,1.24999878880489);
#174=CIRCLE('',#571,0.125);
#175=CIRCLE('',#572,26.6174708229813);
#176=CIRCLE('',#573,1.25);
#177=CIRCLE('',#574,25.);
#178=CIRCLE('',#575,0.1125);
#179=CIRCLE('',#576,28.1741285407387);
#180=CIRCLE('',#577,0.999999999999999);
#181=CIRCLE('',#578,18.);
#182=CIRCLE('',#579,25.3254953815837);
#183=CIRCLE('',#580,0.75);
#184=CIRCLE('',#582,2.5);
#185=CIRCLE('',#583,2.5);
#186=CIRCLE('',#584,20.);
#187=CIRCLE('',#585,0.1);
#188=CIRCLE('',#587,5.5);
#189=CIRCLE('',#588,5.5);
#190=CIRCLE('',#589,1.24999878880489);
#191=CIRCLE('',#592,0.125);
#192=CIRCLE('',#593,26.6174708229813);
#193=CIRCLE('',#594,1.25);
#194=CIRCLE('',#595,25.);
#195=CIRCLE('',#596,0.1125);
#196=CIRCLE('',#597,28.1741285407387);
#197=CIRCLE('',#598,0.999999999999999);
#198=CIRCLE('',#599,18.);
#199=CIRCLE('',#600,25.3254953815837);
#200=CIRCLE('',#601,0.75);
#201=VERTEX_POINT('',#714);
#202=VERTEX_POINT('',#716);
#203=VERTEX_POINT('',#907);
#204=VERTEX_POINT('',#908);
#205=VERTEX_POINT('',#910);
#206=VERTEX_POINT('',#912);
#207=VERTEX_POINT('',#917);
#208=VERTEX_POINT('',#922);
#209=VERTEX_POINT('',#924);
#210=VERTEX_POINT('',#926);
#211=VERTEX_POINT('',#930);
#212=VERTEX_POINT('',#932);
#213=VERTEX_POINT('',#934);
#214=VERTEX_POINT('',#947);
#215=VERTEX_POINT('',#990);
#216=VERTEX_POINT('',#993);
#217=VERTEX_POINT('',#1004);
#218=VERTEX_POINT('',#1017);
#219=VERTEX_POINT('',#1139);
#220=VERTEX_POINT('',#1144);
#221=VERTEX_POINT('',#1146);
#222=VERTEX_POINT('',#1148);
#223=VERTEX_POINT('',#1238);
#224=VERTEX_POINT('',#1240);
#225=VERTEX_POINT('',#1311);
#226=VERTEX_POINT('',#1316);
#227=VERTEX_POINT('',#1318);
#228=VERTEX_POINT('',#1320);
#229=VERTEX_POINT('',#1410);
#230=VERTEX_POINT('',#1412);
#231=VERTEX_POINT('',#2639);
#232=VERTEX_POINT('',#2640);
#233=VERTEX_POINT('',#2905);
#234=VERTEX_POINT('',#2907);
#235=VERTEX_POINT('',#3098);
#236=VERTEX_POINT('',#3099);
#237=VERTEX_POINT('',#3101);
#238=VERTEX_POINT('',#3103);
#239=VERTEX_POINT('',#3108);
#240=VERTEX_POINT('',#3113);
#241=VERTEX_POINT('',#3115);
#242=VERTEX_POINT('',#3117);
#243=VERTEX_POINT('',#3121);
#244=VERTEX_POINT('',#3123);
#245=VERTEX_POINT('',#3125);
#246=VERTEX_POINT('',#3138);
#247=VERTEX_POINT('',#3181);
#248=VERTEX_POINT('',#3184);
#249=VERTEX_POINT('',#3195);
#250=VERTEX_POINT('',#3208);
#251=VERTEX_POINT('',#3330);
#252=VERTEX_POINT('',#3335);
#253=VERTEX_POINT('',#3337);
#254=VERTEX_POINT('',#3339);
#255=VERTEX_POINT('',#3429);
#256=VERTEX_POINT('',#3431);
#257=VERTEX_POINT('',#3502);
#258=VERTEX_POINT('',#3507);
#259=VERTEX_POINT('',#3509);
#260=VERTEX_POINT('',#3511);
#261=VERTEX_POINT('',#3601);
#262=VERTEX_POINT('',#3603);
#263=VERTEX_POINT('',#4830);
#264=VERTEX_POINT('',#4831);
#265=EDGE_CURVE('',#201,#201,#167,.T.);
#266=EDGE_CURVE('',#201,#202,#119,.T.);
#267=EDGE_CURVE('',#202,#202,#168,.T.);
#268=EDGE_CURVE('',#203,#204,#120,.T.);
#269=EDGE_CURVE('',#204,#205,#121,.T.);
#270=EDGE_CURVE('',#205,#206,#25,.T.);
#271=EDGE_CURVE('',#207,#206,#26,.T.);
#272=EDGE_CURVE('',#207,#208,#169,.T.);
#273=EDGE_CURVE('',#208,#209,#122,.T.);
#274=EDGE_CURVE('',#209,#210,#123,.T.);
#275=EDGE_CURVE('',#210,#203,#170,.T.);
#276=EDGE_CURVE('',#211,#211,#171,.T.);
#277=EDGE_CURVE('',#211,#212,#124,.T.);
#278=EDGE_CURVE('',#212,#213,#27,.F.);
#279=EDGE_CURVE('',#213,#214,#28,.T.);
#280=EDGE_CURVE('',#214,#215,#125,.T.);
#281=EDGE_CURVE('',#215,#215,#172,.T.);
#282=EDGE_CURVE('',#214,#216,#29,.T.);
#283=EDGE_CURVE('',#216,#217,#30,.T.);
#284=EDGE_CURVE('',#218,#217,#173,.F.);
#285=EDGE_CURVE('',#218,#212,#31,.F.);
#286=EDGE_CURVE('',#213,#219,#32,.T.);
#287=EDGE_CURVE('',#220,#219,#174,.T.);
#288=EDGE_CURVE('',#221,#220,#126,.T.);
#289=EDGE_CURVE('',#222,#221,#175,.T.);
#290=EDGE_CURVE('',#222,#216,#33,.T.);
#291=EDGE_CURVE('',#223,#222,#176,.T.);
#292=EDGE_CURVE('',#224,#223,#177,.T.);
#293=EDGE_CURVE('',#219,#224,#127,.T.);
#294=EDGE_CURVE('',#219,#225,#34,.T.);
#295=EDGE_CURVE('',#226,#225,#178,.T.);
#296=EDGE_CURVE('',#227,#226,#128,.T.);
#297=EDGE_CURVE('',#228,#227,#179,.T.);
#298=EDGE_CURVE('',#228,#222,#35,.T.);
#299=EDGE_CURVE('',#229,#228,#180,.T.);
#300=EDGE_CURVE('',#230,#229,#181,.T.);
#301=EDGE_CURVE('',#225,#230,#129,.T.);
#302=EDGE_CURVE('',#231,#232,#182,.T.);
#303=EDGE_CURVE('',#230,#231,#36,.T.);
#304=EDGE_CURVE('',#225,#203,#37,.T.);
#305=EDGE_CURVE('',#232,#207,#183,.T.);
#306=EDGE_CURVE('',#205,#231,#130,.T.);
#307=EDGE_CURVE('',#233,#233,#184,.T.);
#308=EDGE_CURVE('',#233,#234,#131,.T.);
#309=EDGE_CURVE('',#234,#234,#185,.T.);
#310=EDGE_CURVE('',#235,#236,#132,.T.);
#311=EDGE_CURVE('',#236,#237,#133,.T.);
#312=EDGE_CURVE('',#237,#238,#38,.T.);
#313=EDGE_CURVE('',#239,#238,#39,.T.);
#314=EDGE_CURVE('',#239,#240,#186,.T.);
#315=EDGE_CURVE('',#240,#241,#134,.T.);
#316=EDGE_CURVE('',#241,#242,#135,.T.);
#317=EDGE_CURVE('',#242,#235,#187,.T.);
#318=EDGE_CURVE('',#243,#243,#188,.T.);
#319=EDGE_CURVE('',#243,#244,#136,.T.);
#320=EDGE_CURVE('',#244,#245,#40,.F.);
#321=EDGE_CURVE('',#245,#246,#41,.T.);
#322=EDGE_CURVE('',#246,#247,#137,.T.);
#323=EDGE_CURVE('',#247,#247,#189,.T.);
#324=EDGE_CURVE('',#246,#248,#42,.T.);
#325=EDGE_CURVE('',#248,#249,#43,.T.);
#326=EDGE_CURVE('',#250,#249,#190,.F.);
#327=EDGE_CURVE('',#250,#244,#44,.F.);
#328=EDGE_CURVE('',#245,#251,#45,.T.);
#329=EDGE_CURVE('',#252,#251,#191,.T.);
#330=EDGE_CURVE('',#253,#252,#138,.T.);
#331=EDGE_CURVE('',#254,#253,#192,.T.);
#332=EDGE_CURVE('',#254,#248,#46,.T.);
#333=EDGE_CURVE('',#255,#254,#193,.T.);
#334=EDGE_CURVE('',#256,#255,#194,.T.);
#335=EDGE_CURVE('',#251,#256,#139,.T.);
#336=EDGE_CURVE('',#251,#257,#47,.T.);
#337=EDGE_CURVE('',#258,#257,#195,.T.);
#338=EDGE_CURVE('',#259,#258,#140,.T.);
#339=EDGE_CURVE('',#260,#259,#196,.T.);
#340=EDGE_CURVE('',#260,#254,#48,.T.);
#341=EDGE_CURVE('',#261,#260,#197,.T.);
#342=EDGE_CURVE('',#262,#261,#198,.T.);
#343=EDGE_CURVE('',#257,#262,#141,.T.);
#344=EDGE_CURVE('',#263,#264,#199,.T.);
#345=EDGE_CURVE('',#262,#263,#49,.T.);
#346=EDGE_CURVE('',#257,#235,#50,.T.);
#347=EDGE_CURVE('',#264,#239,#200,.T.);
#348=EDGE_CURVE('',#237,#263,#142,.T.);
#349=ORIENTED_EDGE('',*,*,#265,.F.);
#350=ORIENTED_EDGE('',*,*,#266,.T.);
#351=ORIENTED_EDGE('',*,*,#267,.T.);
#352=ORIENTED_EDGE('',*,*,#266,.F.);
#353=ORIENTED_EDGE('',*,*,#268,.T.);
#354=ORIENTED_EDGE('',*,*,#269,.T.);
#355=ORIENTED_EDGE('',*,*,#270,.T.);
#356=ORIENTED_EDGE('',*,*,#271,.F.);
#357=ORIENTED_EDGE('',*,*,#272,.T.);
#358=ORIENTED_EDGE('',*,*,#273,.T.);
#359=ORIENTED_EDGE('',*,*,#274,.T.);
#360=ORIENTED_EDGE('',*,*,#275,.T.);
#361=ORIENTED_EDGE('',*,*,#276,.T.);
#362=ORIENTED_EDGE('',*,*,#277,.T.);
#363=ORIENTED_EDGE('',*,*,#278,.T.);
#364=ORIENTED_EDGE('',*,*,#279,.T.);
#365=ORIENTED_EDGE('',*,*,#280,.T.);
#366=ORIENTED_EDGE('',*,*,#281,.F.);
#367=ORIENTED_EDGE('',*,*,#280,.F.);
#368=ORIENTED_EDGE('',*,*,#282,.T.);
#369=ORIENTED_EDGE('',*,*,#283,.T.);
#370=ORIENTED_EDGE('',*,*,#284,.F.);
#371=ORIENTED_EDGE('',*,*,#285,.T.);
#372=ORIENTED_EDGE('',*,*,#277,.F.);
#373=ORIENTED_EDGE('',*,*,#281,.T.);
#374=ORIENTED_EDGE('',*,*,#267,.F.);
#375=ORIENTED_EDGE('',*,*,#276,.F.);
#376=ORIENTED_EDGE('',*,*,#265,.T.);
#377=ORIENTED_EDGE('',*,*,#279,.F.);
#378=ORIENTED_EDGE('',*,*,#286,.T.);
#379=ORIENTED_EDGE('',*,*,#287,.F.);
#380=ORIENTED_EDGE('',*,*,#288,.F.);
#381=ORIENTED_EDGE('',*,*,#289,.F.);
#382=ORIENTED_EDGE('',*,*,#290,.T.);
#383=ORIENTED_EDGE('',*,*,#282,.F.);
#384=ORIENTED_EDGE('',*,*,#285,.F.);
#385=ORIENTED_EDGE('',*,*,#284,.T.);
#386=ORIENTED_EDGE('',*,*,#283,.F.);
#387=ORIENTED_EDGE('',*,*,#290,.F.);
#388=ORIENTED_EDGE('',*,*,#291,.F.);
#389=ORIENTED_EDGE('',*,*,#292,.F.);
#390=ORIENTED_EDGE('',*,*,#293,.F.);
#391=ORIENTED_EDGE('',*,*,#286,.F.);
#392=ORIENTED_EDGE('',*,*,#278,.F.);
#393=ORIENTED_EDGE('',*,*,#289,.T.);
#394=ORIENTED_EDGE('',*,*,#288,.T.);
#395=ORIENTED_EDGE('',*,*,#287,.T.);
#396=ORIENTED_EDGE('',*,*,#294,.T.);
#397=ORIENTED_EDGE('',*,*,#295,.F.);
#398=ORIENTED_EDGE('',*,*,#296,.F.);
#399=ORIENTED_EDGE('',*,*,#297,.F.);
#400=ORIENTED_EDGE('',*,*,#298,.T.);
#401=ORIENTED_EDGE('',*,*,#293,.T.);
#402=ORIENTED_EDGE('',*,*,#292,.T.);
#403=ORIENTED_EDGE('',*,*,#291,.T.);
#404=ORIENTED_EDGE('',*,*,#298,.F.);
#405=ORIENTED_EDGE('',*,*,#299,.F.);
#406=ORIENTED_EDGE('',*,*,#300,.F.);
#407=ORIENTED_EDGE('',*,*,#301,.F.);
#408=ORIENTED_EDGE('',*,*,#294,.F.);
#409=ORIENTED_EDGE('',*,*,#302,.F.);
#410=ORIENTED_EDGE('',*,*,#303,.F.);
#411=ORIENTED_EDGE('',*,*,#300,.T.);
#412=ORIENTED_EDGE('',*,*,#299,.T.);
#413=ORIENTED_EDGE('',*,*,#297,.T.);
#414=ORIENTED_EDGE('',*,*,#296,.T.);
#415=ORIENTED_EDGE('',*,*,#295,.T.);
#416=ORIENTED_EDGE('',*,*,#304,.T.);
#417=ORIENTED_EDGE('',*,*,#275,.F.);
#418=ORIENTED_EDGE('',*,*,#274,.F.);
#419=ORIENTED_EDGE('',*,*,#273,.F.);
#420=ORIENTED_EDGE('',*,*,#272,.F.);
#421=ORIENTED_EDGE('',*,*,#305,.F.);
#422=ORIENTED_EDGE('',*,*,#303,.T.);
#423=ORIENTED_EDGE('',*,*,#306,.F.);
#424=ORIENTED_EDGE('',*,*,#269,.F.);
#425=ORIENTED_EDGE('',*,*,#268,.F.);
#426=ORIENTED_EDGE('',*,*,#304,.F.);
#427=ORIENTED_EDGE('',*,*,#301,.T.);
#428=ORIENTED_EDGE('',*,*,#270,.F.);
#429=ORIENTED_EDGE('',*,*,#306,.T.);
#430=ORIENTED_EDGE('',*,*,#302,.T.);
#431=ORIENTED_EDGE('',*,*,#305,.T.);
#432=ORIENTED_EDGE('',*,*,#271,.T.);
#433=ORIENTED_EDGE('',*,*,#307,.F.);
#434=ORIENTED_EDGE('',*,*,#308,.T.);
#435=ORIENTED_EDGE('',*,*,#309,.T.);
#436=ORIENTED_EDGE('',*,*,#308,.F.);
#437=ORIENTED_EDGE('',*,*,#310,.T.);
#438=ORIENTED_EDGE('',*,*,#311,.T.);
#439=ORIENTED_EDGE('',*,*,#312,.T.);
#440=ORIENTED_EDGE('',*,*,#313,.F.);
#441=ORIENTED_EDGE('',*,*,#314,.T.);
#442=ORIENTED_EDGE('',*,*,#315,.T.);
#443=ORIENTED_EDGE('',*,*,#316,.T.);
#444=ORIENTED_EDGE('',*,*,#317,.T.);
#445=ORIENTED_EDGE('',*,*,#318,.T.);
#446=ORIENTED_EDGE('',*,*,#319,.T.);
#447=ORIENTED_EDGE('',*,*,#320,.T.);
#448=ORIENTED_EDGE('',*,*,#321,.T.);
#449=ORIENTED_EDGE('',*,*,#322,.T.);
#450=ORIENTED_EDGE('',*,*,#323,.F.);
#451=ORIENTED_EDGE('',*,*,#322,.F.);
#452=ORIENTED_EDGE('',*,*,#324,.T.);
#453=ORIENTED_EDGE('',*,*,#325,.T.);
#454=ORIENTED_EDGE('',*,*,#326,.F.);
#455=ORIENTED_EDGE('',*,*,#327,.T.);
#456=ORIENTED_EDGE('',*,*,#319,.F.);
#457=ORIENTED_EDGE('',*,*,#323,.T.);
#458=ORIENTED_EDGE('',*,*,#309,.F.);
#459=ORIENTED_EDGE('',*,*,#318,.F.);
#460=ORIENTED_EDGE('',*,*,#307,.T.);
#461=ORIENTED_EDGE('',*,*,#321,.F.);
#462=ORIENTED_EDGE('',*,*,#328,.T.);
#463=ORIENTED_EDGE('',*,*,#329,.F.);
#464=ORIENTED_EDGE('',*,*,#330,.F.);
#465=ORIENTED_EDGE('',*,*,#331,.F.);
#466=ORIENTED_EDGE('',*,*,#332,.T.);
#467=ORIENTED_EDGE('',*,*,#324,.F.);
#468=ORIENTED_EDGE('',*,*,#327,.F.);
#469=ORIENTED_EDGE('',*,*,#326,.T.);
#470=ORIENTED_EDGE('',*,*,#325,.F.);
#471=ORIENTED_EDGE('',*,*,#332,.F.);
#472=ORIENTED_EDGE('',*,*,#333,.F.);
#473=ORIENTED_EDGE('',*,*,#334,.F.);
#474=ORIENTED_EDGE('',*,*,#335,.F.);
#475=ORIENTED_EDGE('',*,*,#328,.F.);
#476=ORIENTED_EDGE('',*,*,#320,.F.);
#477=ORIENTED_EDGE('',*,*,#331,.T.);
#478=ORIENTED_EDGE('',*,*,#330,.T.);
#479=ORIENTED_EDGE('',*,*,#329,.T.);
#480=ORIENTED_EDGE('',*,*,#336,.T.);
#481=ORIENTED_EDGE('',*,*,#337,.F.);
#482=ORIENTED_EDGE('',*,*,#338,.F.);
#483=ORIENTED_EDGE('',*,*,#339,.F.);
#484=ORIENTED_EDGE('',*,*,#340,.T.);
#485=ORIENTED_EDGE('',*,*,#335,.T.);
#486=ORIENTED_EDGE('',*,*,#334,.T.);
#487=ORIENTED_EDGE('',*,*,#333,.T.);
#488=ORIENTED_EDGE('',*,*,#340,.F.);
#489=ORIENTED_EDGE('',*,*,#341,.F.);
#490=ORIENTED_EDGE('',*,*,#342,.F.);
#491=ORIENTED_EDGE('',*,*,#343,.F.);
#492=ORIENTED_EDGE('',*,*,#336,.F.);
#493=ORIENTED_EDGE('',*,*,#344,.F.);
#494=ORIENTED_EDGE('',*,*,#345,.F.);
#495=ORIENTED_EDGE('',*,*,#342,.T.);
#496=ORIENTED_EDGE('',*,*,#341,.T.);
#497=ORIENTED_EDGE('',*,*,#339,.T.);
#498=ORIENTED_EDGE('',*,*,#338,.T.);
#499=ORIENTED_EDGE('',*,*,#337,.T.);
#500=ORIENTED_EDGE('',*,*,#346,.T.);
#501=ORIENTED_EDGE('',*,*,#317,.F.);
#502=ORIENTED_EDGE('',*,*,#316,.F.);
#503=ORIENTED_EDGE('',*,*,#315,.F.);
#504=ORIENTED_EDGE('',*,*,#314,.F.);
#505=ORIENTED_EDGE('',*,*,#347,.F.);
#506=ORIENTED_EDGE('',*,*,#345,.T.);
#507=ORIENTED_EDGE('',*,*,#348,.F.);
#508=ORIENTED_EDGE('',*,*,#311,.F.);
#509=ORIENTED_EDGE('',*,*,#310,.F.);
#510=ORIENTED_EDGE('',*,*,#346,.F.);
#511=ORIENTED_EDGE('',*,*,#343,.T.);
#512=ORIENTED_EDGE('',*,*,#312,.F.);
#513=ORIENTED_EDGE('',*,*,#348,.T.);
#514=ORIENTED_EDGE('',*,*,#344,.T.);
#515=ORIENTED_EDGE('',*,*,#347,.T.);
#516=ORIENTED_EDGE('',*,*,#313,.T.);
#517=CYLINDRICAL_SURFACE('',#560,2.5);
#518=CYLINDRICAL_SURFACE('',#565,5.5);
#519=CYLINDRICAL_SURFACE('',#581,2.5);
#520=CYLINDRICAL_SURFACE('',#586,5.5);
#521=ADVANCED_FACE('',(#67),#517,.F.);
#522=ADVANCED_FACE('',(#68),#51,.T.);
#523=ADVANCED_FACE('',(#69),#518,.T.);
#524=ADVANCED_FACE('',(#70,#17),#21,.T.);
#525=ADVANCED_FACE('',(#71,#18),#22,.F.);
#526=ADVANCED_FACE('',(#72),#52,.T.);
#527=ADVANCED_FACE('',(#73),#53,.T.);
#528=ADVANCED_FACE('',(#74),#54,.T.);
#529=ADVANCED_FACE('',(#75),#55,.T.);
#530=ADVANCED_FACE('',(#76),#56,.T.);
#531=ADVANCED_FACE('',(#77),#57,.T.);
#532=ADVANCED_FACE('',(#78),#58,.T.);
#533=ADVANCED_FACE('',(#79),#519,.F.);
#534=ADVANCED_FACE('',(#80),#59,.T.);
#535=ADVANCED_FACE('',(#81),#520,.T.);
#536=ADVANCED_FACE('',(#82,#19),#23,.T.);
#537=ADVANCED_FACE('',(#83,#20),#24,.F.);
#538=ADVANCED_FACE('',(#84),#60,.T.);
#539=ADVANCED_FACE('',(#85),#61,.T.);
#540=ADVANCED_FACE('',(#86),#62,.T.);
#541=ADVANCED_FACE('',(#87),#63,.T.);
#542=ADVANCED_FACE('',(#88),#64,.T.);
#543=ADVANCED_FACE('',(#89),#65,.T.);
#544=ADVANCED_FACE('',(#90),#66,.T.);
#545=CLOSED_SHELL('',(#521,#522,#523,#524,#525,#526,#527,#528,#529,#530,
#531,#532));
#546=CLOSED_SHELL('',(#533,#534,#535,#536,#537,#538,#539,#540,#541,#542,
#543,#544));
#547=DERIVED_UNIT_ELEMENT(#549,1.);
#548=DERIVED_UNIT_ELEMENT(#5100,-3.);
#549=(
MASS_UNIT()
NAMED_UNIT(*)
SI_UNIT(.KILO.,.GRAM.)
);
#550=DERIVED_UNIT((#547,#548));
#551=MEASURE_REPRESENTATION_ITEM('density measure',
POSITIVE_RATIO_MEASURE(7850.),#550);
#552=PROPERTY_DEFINITION_REPRESENTATION(#557,#554);
#553=PROPERTY_DEFINITION_REPRESENTATION(#558,#555);
#554=REPRESENTATION('material name',(#556),#5097);
#555=REPRESENTATION('density',(#551),#5097);
#556=DESCRIPTIVE_REPRESENTATION_ITEM('Acero','Acero');
#557=PROPERTY_DEFINITION('material property','material name',#5107);
#558=PROPERTY_DEFINITION('material property','density of part',#5107);
#559=AXIS2_PLACEMENT_3D('',#712,#602,#603);
#560=AXIS2_PLACEMENT_3D('',#713,#604,#605);
#561=AXIS2_PLACEMENT_3D('',#715,#606,#607);
#562=AXIS2_PLACEMENT_3D('',#718,#609,#610);
#563=AXIS2_PLACEMENT_3D('',#923,#613,#614);
#564=AXIS2_PLACEMENT_3D('',#928,#617,#618);
#565=AXIS2_PLACEMENT_3D('',#929,#619,#620);
#566=AXIS2_PLACEMENT_3D('',#931,#621,#622);
#567=AXIS2_PLACEMENT_3D('',#992,#625,#626);
#568=AXIS2_PLACEMENT_3D('',#1018,#627,#628);
#569=AXIS2_PLACEMENT_3D('',#1037,#629,#630);
#570=AXIS2_PLACEMENT_3D('',#1038,#631,#632);
#571=AXIS2_PLACEMENT_3D('',#1145,#633,#634);
#572=AXIS2_PLACEMENT_3D('',#1149,#636,#637);
#573=AXIS2_PLACEMENT_3D('',#1239,#638,#639);
#574=AXIS2_PLACEMENT_3D('',#1241,#640,#641);
#575=AXIS2_PLACEMENT_3D('',#1317,#643,#644);
#576=AXIS2_PLACEMENT_3D('',#1321,#646,#647);
#577=AXIS2_PLACEMENT_3D('',#1411,#648,#649);
#578=AXIS2_PLACEMENT_3D('',#1413,#650,#651);
#579=AXIS2_PLACEMENT_3D('',#2641,#653,#654);
#580=AXIS2_PLACEMENT_3D('',#2654,#655,#656);
#581=AXIS2_PLACEMENT_3D('',#2904,#658,#659);
#582=AXIS2_PLACEMENT_3D('',#2906,#660,#661);
#583=AXIS2_PLACEMENT_3D('',#2909,#663,#664);
#584=AXIS2_PLACEMENT_3D('',#3114,#667,#668);
#585=AXIS2_PLACEMENT_3D('',#3119,#671,#672);
#586=AXIS2_PLACEMENT_3D('',#3120,#673,#674);
#587=AXIS2_PLACEMENT_3D('',#3122,#675,#676);
#588=AXIS2_PLACEMENT_3D('',#3183,#679,#680);
#589=AXIS2_PLACEMENT_3D('',#3209,#681,#682);
#590=AXIS2_PLACEMENT_3D('',#3228,#683,#684);
#591=AXIS2_PLACEMENT_3D('',#3229,#685,#686);
#592=AXIS2_PLACEMENT_3D('',#3336,#687,#688);
#593=AXIS2_PLACEMENT_3D('',#3340,#690,#691);
#594=AXIS2_PLACEMENT_3D('',#3430,#692,#693);
#595=AXIS2_PLACEMENT_3D('',#3432,#694,#695);
#596=AXIS2_PLACEMENT_3D('',#3508,#697,#698);
#597=AXIS2_PLACEMENT_3D('',#3512,#700,#701);
#598=AXIS2_PLACEMENT_3D('',#3602,#702,#703);
#599=AXIS2_PLACEMENT_3D('',#3604,#704,#705);
#600=AXIS2_PLACEMENT_3D('',#4832,#707,#708);
#601=AXIS2_PLACEMENT_3D('',#4845,#709,#710);
#602=DIRECTION('axis',(0.,0.,1.));
#603=DIRECTION('refdir',(1.,0.,0.));
#604=DIRECTION('center_axis',(0.,1.,0.));
#605=DIRECTION('ref_axis',(0.,0.,1.));
#606=DIRECTION('center_axis',(0.,1.,0.));
#607=DIRECTION('ref_axis',(0.,0.,1.));
#608=DIRECTION('',(0.,1.,0.));
#609=DIRECTION('center_axis',(0.,1.,0.));
#610=DIRECTION('ref_axis',(0.,0.,1.));
#611=DIRECTION('',(0.970305375161799,0.241883192744185,0.));
#612=DIRECTION('',(0.970305375161799,0.241883192744185,0.));
#613=DIRECTION('center_axis',(0.,0.,1.));
#614=DIRECTION('ref_axis',(1.,0.,0.));
#615=DIRECTION('',(-0.929049434171869,-0.369955603910699,0.));
#616=DIRECTION('',(-0.929049434171869,-0.369955603910699,0.));
#617=DIRECTION('center_axis',(0.,0.,1.));
#618=DIRECTION('ref_axis',(1.,0.,0.));
#619=DIRECTION('center_axis',(0.,-1.,0.));
#620=DIRECTION('ref_axis',(0.,0.,-1.));
#621=DIRECTION('center_axis',(0.,1.,0.));
#622=DIRECTION('ref_axis',(0.,0.,1.));
#623=DIRECTION('',(0.,1.,0.));
#624=DIRECTION('',(0.,1.,0.));
#625=DIRECTION('center_axis',(0.,1.,0.));
#626=DIRECTION('ref_axis',(0.,0.,1.));
#627=DIRECTION('center_axis',(0.,0.,-1.));
#628=DIRECTION('ref_axis',(0.000704576592640165,0.999999751785882,0.));
#629=DIRECTION('center_axis',(0.,1.,0.));
#630=DIRECTION('ref_axis',(0.,0.,1.));
#631=DIRECTION('center_axis',(0.,1.,0.));
#632=DIRECTION('ref_axis',(0.,0.,1.));
#633=DIRECTION('center_axis',(0.,0.,1.));
#634=DIRECTION('ref_axis',(1.,0.,0.));
#635=DIRECTION('',(-0.807556502714251,-0.589790212638297,0.));
#636=DIRECTION('center_axis',(0.,0.,1.));
#637=DIRECTION('ref_axis',(1.,0.,0.));
#638=DIRECTION('center_axis',(0.,0.,1.));
#639=DIRECTION('ref_axis',(1.,0.,0.));
#640=DIRECTION('center_axis',(0.,0.,-1.));
#641=DIRECTION('ref_axis',(1.,0.,0.));
#642=DIRECTION('',(0.871357763128292,0.490648192329351,0.));
#643=DIRECTION('center_axis',(0.,0.,1.));
#644=DIRECTION('ref_axis',(1.,0.,0.));
#645=DIRECTION('',(-0.868953993707959,-0.494892874083865,0.));
#646=DIRECTION('center_axis',(0.,0.,1.));
#647=DIRECTION('ref_axis',(1.,0.,0.));
#648=DIRECTION('center_axis',(0.,0.,1.));
#649=DIRECTION('ref_axis',(1.,0.,0.));
#650=DIRECTION('center_axis',(0.,0.,-1.));
#651=DIRECTION('ref_axis',(1.,0.,0.));
#652=DIRECTION('',(0.914379789279763,0.404857506978315,0.));
#653=DIRECTION('center_axis',(0.,0.,-1.));
#654=DIRECTION('ref_axis',(1.,0.,0.));
#655=DIRECTION('center_axis',(0.,0.,1.));
#656=DIRECTION('ref_axis',(1.,0.,0.));
#657=DIRECTION('',(0.970305375161799,0.241883192744185,0.));
#658=DIRECTION('center_axis',(0.,1.,0.));
#659=DIRECTION('ref_axis',(0.,0.,-1.));
#660=DIRECTION('center_axis',(0.,1.,0.));
#661=DIRECTION('ref_axis',(0.,0.,-1.));
#662=DIRECTION('',(0.,1.,0.));
#663=DIRECTION('center_axis',(0.,1.,0.));
#664=DIRECTION('ref_axis',(0.,0.,-1.));
#665=DIRECTION('',(-0.970305375161799,0.241883192744185,0.));
#666=DIRECTION('',(-0.970305375161799,0.241883192744185,0.));
#667=DIRECTION('center_axis',(0.,0.,-1.));
#668=DIRECTION('ref_axis',(-1.,0.,0.));
#669=DIRECTION('',(0.929049434171869,-0.369955603910699,0.));
#670=DIRECTION('',(0.929049434171869,-0.369955603910699,0.));
#671=DIRECTION('center_axis',(0.,0.,-1.));
#672=DIRECTION('ref_axis',(-1.,0.,0.));
#673=DIRECTION('center_axis',(0.,-1.,0.));
#674=DIRECTION('ref_axis',(0.,0.,1.));
#675=DIRECTION('center_axis',(0.,1.,0.));
#676=DIRECTION('ref_axis',(0.,0.,-1.));
#677=DIRECTION('',(0.,1.,0.));
#678=DIRECTION('',(0.,1.,0.));
#679=DIRECTION('center_axis',(0.,1.,0.));
#680=DIRECTION('ref_axis',(0.,0.,-1.));
#681=DIRECTION('center_axis',(0.,0.,1.));
#682=DIRECTION('ref_axis',(0.000704576592640165,-0.999999751785882,0.));
#683=DIRECTION('center_axis',(0.,1.,0.));
#684=DIRECTION('ref_axis',(0.,0.,-1.));
#685=DIRECTION('center_axis',(0.,1.,0.));
#686=DIRECTION('ref_axis',(0.,0.,-1.));
#687=DIRECTION('center_axis',(0.,0.,-1.));
#688=DIRECTION('ref_axis',(-1.,0.,0.));
#689=DIRECTION('',(0.807556502714251,-0.589790212638297,0.));
#690=DIRECTION('center_axis',(0.,0.,-1.));
#691=DIRECTION('ref_axis',(-1.,0.,0.));
#692=DIRECTION('center_axis',(0.,0.,-1.));
#693=DIRECTION('ref_axis',(-1.,0.,0.));
#694=DIRECTION('center_axis',(0.,0.,1.));
#695=DIRECTION('ref_axis',(-1.,0.,0.));
#696=DIRECTION('',(-0.871357763128292,0.490648192329351,0.));
#697=DIRECTION('center_axis',(0.,0.,-1.));
#698=DIRECTION('ref_axis',(-1.,0.,0.));
#699=DIRECTION('',(0.868953993707959,-0.494892874083865,0.));
#700=DIRECTION('center_axis',(0.,0.,-1.));
#701=DIRECTION('ref_axis',(-1.,0.,0.));
#702=DIRECTION('center_axis',(0.,0.,-1.));
#703=DIRECTION('ref_axis',(-1.,0.,0.));
#704=DIRECTION('center_axis',(0.,0.,1.));
#705=DIRECTION('ref_axis',(-1.,0.,0.));
#706=DIRECTION('',(-0.914379789279763,0.404857506978315,0.));
#707=DIRECTION('center_axis',(0.,0.,1.));
#708=DIRECTION('ref_axis',(-1.,0.,0.));
#709=DIRECTION('center_axis',(0.,0.,-1.));
#710=DIRECTION('ref_axis',(-1.,0.,0.));
#711=DIRECTION('',(-0.970305375161799,0.241883192744185,0.));
#712=CARTESIAN_POINT('',(0.,0.,0.));
#713=CARTESIAN_POINT('Origin',(0.,-3.92677778474323,0.));
#714=CARTESIAN_POINT('',(-3.06161699786838E-16,-3.5,-2.5));
#715=CARTESIAN_POINT('Origin',(0.,-3.5,0.));
#716=CARTESIAN_POINT('',(-3.06161699786838E-16,3.5,-2.5));
#717=CARTESIAN_POINT('',(-3.06161699786838E-16,-3.92677778474323,-2.5));
#718=CARTESIAN_POINT('Origin',(0.,3.5,0.));
#719=CARTESIAN_POINT('Ctrl Pts',(5.56676376188333,0.500002450759113,91.5995140464751));
#720=CARTESIAN_POINT('Ctrl Pts',(5.17557089113444,-0.169577370556525,98.3809360258174));
#721=CARTESIAN_POINT('Ctrl Pts',(-0.16221455443278,-1.83478868527826,99.9904680129087));
#722=CARTESIAN_POINT('Ctrl Pts',(-5.50000000000001,-3.5,101.6));
#723=CARTESIAN_POINT('Ctrl Pts',(5.33681686779554,0.49746273448046,91.5995173407394));
#724=CARTESIAN_POINT('Ctrl Pts',(4.90551147971181,-0.0920598069328342,98.3349674549879));
#725=CARTESIAN_POINT('Ctrl Pts',(-0.297244260144098,-1.79602990346642,99.9674837274939));
#726=CARTESIAN_POINT('Ctrl Pts',(-5.50000000000001,-3.5,101.6));
#727=CARTESIAN_POINT('Ctrl Pts',(4.7237228981655,0.480127096021112,91.5995773277568));
#728=CARTESIAN_POINT('Ctrl Pts',(4.45024781560624,-0.170467680207437,97.4979012098283));
#729=CARTESIAN_POINT('Ctrl Pts',(-0.524876092196879,-1.83523384010372,99.5489506049142));
#730=CARTESIAN_POINT('Ctrl Pts',(-5.50000000000001,-3.5,101.6));
#731=CARTESIAN_POINT('Ctrl Pts',(3.50012164611256,0.389102210324897,91.5996371442085));
#732=CARTESIAN_POINT('Ctrl Pts',(3.24887508039248,-0.0962994388546085,96.6632150611235));
#733=CARTESIAN_POINT('Ctrl Pts',(-1.12556245980376,-1.7981497194273,99.1316075305618));
#734=CARTESIAN_POINT('Ctrl Pts',(-5.50000000000001,-3.5,101.6));
#735=CARTESIAN_POINT('Ctrl Pts',(1.90651678138171,0.149878699208608,91.5997297907886));
#736=CARTESIAN_POINT('Ctrl Pts',(1.78972796052145,-0.253466413973882,95.3704132473814));
#737=CARTESIAN_POINT('Ctrl Pts',(-1.85513601973927,-1.87673320698694,98.4852066236907));
#738=CARTESIAN_POINT('Ctrl Pts',(-5.50000000000001,-3.5,101.6));
#739=CARTESIAN_POINT('Ctrl Pts',(0.118070995213177,-0.289652349368543,91.5998097493509));
#740=CARTESIAN_POINT('Ctrl Pts',(0.0670584752668324,-0.560664010445732,
94.2546616013008));
#741=CARTESIAN_POINT('Ctrl Pts',(-2.71647076236658,-2.03033200522287,97.9273308006504));
#742=CARTESIAN_POINT('Ctrl Pts',(-5.50000000000001,-3.5,101.6));
#743=CARTESIAN_POINT('Ctrl Pts',(-1.04226774519908,-0.690956444191489,91.5998537499083));
#744=CARTESIAN_POINT('Ctrl Pts',(-1.05183985845935,-0.912199024822387,93.6406723920515));
#745=CARTESIAN_POINT('Ctrl Pts',(-3.27591992922967,-2.20609951241119,97.6203361960257));
#746=CARTESIAN_POINT('Ctrl Pts',(-5.50000000000001,-3.5,101.6));
#747=CARTESIAN_POINT('Ctrl Pts',(-2.11199603080473,-1.11693506307272,91.5998895690472));
#748=CARTESIAN_POINT('Ctrl Pts',(-2.10542053643567,-1.2833676986626,93.140847706787));
#749=CARTESIAN_POINT('Ctrl Pts',(-3.80271026821783,-2.3916838493313,97.3704238533935));
#750=CARTESIAN_POINT('Ctrl Pts',(-5.50000000000001,-3.5,101.6));
#751=CARTESIAN_POINT('Ctrl Pts',(-3.11199577503856,-1.51514794956365,91.5999185502998));
#752=CARTESIAN_POINT('Ctrl Pts',(-3.10899555940392,-1.62370815091219,92.7364397318303));
#753=CARTESIAN_POINT('Ctrl Pts',(-4.30449777970196,-2.5618540754561,97.1682198659151));
#754=CARTESIAN_POINT('Ctrl Pts',(-5.50000000000001,-3.5,101.6));
#755=CARTESIAN_POINT('Ctrl Pts',(-4.42449612710263,-2.03779977400992,91.5999464488873));
#756=CARTESIAN_POINT('Ctrl Pts',(-4.41659072841869,-2.10653323969028,92.3471393984149));
#757=CARTESIAN_POINT('Ctrl Pts',(-4.95829536420935,-2.80326661984514,96.9735696992075));
#758=CARTESIAN_POINT('Ctrl Pts',(-5.50000000000001,-3.5,101.6));
#759=CARTESIAN_POINT('Ctrl Pts',(-5.42449606622415,-2.43601012835763,91.5999612585117));
#760=CARTESIAN_POINT('Ctrl Pts',(-5.41744626443044,-2.4822075308798,92.1404840716302));
#761=CARTESIAN_POINT('Ctrl Pts',(-5.45872313221522,-2.9911037654399,96.8702420358151));
#762=CARTESIAN_POINT('Ctrl Pts',(-5.50000000000001,-3.5,101.6));
#763=CARTESIAN_POINT('Ctrl Pts',(-6.11199608808735,-2.70977940005913,91.5999686879419));
#764=CARTESIAN_POINT('Ctrl Pts',(-6.10464532829875,-2.74532446660232,92.03681288477));
#765=CARTESIAN_POINT('Ctrl Pts',(-5.80232266414938,-3.12266223330116,96.818406442385));
#766=CARTESIAN_POINT('Ctrl Pts',(-5.50000000000001,-3.5,101.6));
#767=CARTESIAN_POINT('Ctrl Pts',(-6.61199595708971,-2.90888422809165,91.5999725332896));
#768=CARTESIAN_POINT('Ctrl Pts',(-6.60647630061681,-2.93803357351105,91.9831544288865));
#769=CARTESIAN_POINT('Ctrl Pts',(-6.05323815030841,-3.21901678675553,96.7915772144433));
#770=CARTESIAN_POINT('Ctrl Pts',(-5.50000000000001,-3.5,101.6));
#771=CARTESIAN_POINT('Ctrl Pts',(-6.98699621029612,-3.05821264146616,91.5999744261576));
#772=CARTESIAN_POINT('Ctrl Pts',(-6.97794486774736,-3.08546266812655,91.9567411155563));
#773=CARTESIAN_POINT('Ctrl Pts',(-6.23897243387368,-3.29273133406328,96.7783705577782));
#774=CARTESIAN_POINT('Ctrl Pts',(-5.50000000000001,-3.5,101.6));
#775=CARTESIAN_POINT('Ctrl Pts',(-7.23699575192479,-3.1577651070475,91.5999752411789));
#776=CARTESIAN_POINT('Ctrl Pts',(-7.23434198443895,-3.18109726592013,91.9453682069096));
#777=CARTESIAN_POINT('Ctrl Pts',(-6.36717099221947,-3.34054863296006,96.7726841034548));
#778=CARTESIAN_POINT('Ctrl Pts',(-5.50000000000001,-3.5,101.6));
#779=CARTESIAN_POINT('Ctrl Pts',(-7.42449716922458,-3.23242882475675,91.5999757233845));
#780=CARTESIAN_POINT('Ctrl Pts',(-7.40206534984242,-3.26163479569685,91.9386394506748));
#781=CARTESIAN_POINT('Ctrl Pts',(-6.45103267492121,-3.38081739784842,96.7693197253374));
#782=CARTESIAN_POINT('Ctrl Pts',(-5.50000000000001,-3.5,101.6));
#783=CARTESIAN_POINT('Ctrl Pts',(-7.54949363803957,-3.28220619744463,91.5999756882757));
#784=CARTESIAN_POINT('Ctrl Pts',(-7.57634017139973,-3.29354565050438,91.9391293636518));
#785=CARTESIAN_POINT('Ctrl Pts',(-6.53817008569987,-3.39677282525219,96.7695646818259));
#786=CARTESIAN_POINT('Ctrl Pts',(-5.50000000000001,-3.5,101.6));
#787=CARTESIAN_POINT('Ctrl Pts',(-7.63527690710223,-3.31636338384179,91.5999758857519));
#788=CARTESIAN_POINT('Ctrl Pts',(-7.61577129501597,-3.3435888150782,91.9363737566352));
#789=CARTESIAN_POINT('Ctrl Pts',(-6.55788564750798,-3.4217944075391,96.7681868783176));
#790=CARTESIAN_POINT('Ctrl Pts',(-5.50000000000001,-3.5,101.6));
#791=CARTESIAN_POINT('Ctrl Pts',(-7.67444244789046,-3.3530818420858,91.5999760377345));
#792=CARTESIAN_POINT('Ctrl Pts',(-7.61356932824209,-3.39462091286782,91.9342529733764));
#793=CARTESIAN_POINT('Ctrl Pts',(-6.55678466412104,-3.44731045643391,96.7671264866882));
#794=CARTESIAN_POINT('Ctrl Pts',(-5.50000000000001,-3.5,101.6));
#795=CARTESIAN_POINT('Ctrl Pts',(-7.67963284220485,-3.43382266514522,91.5999760844539));
#796=CARTESIAN_POINT('Ctrl Pts',(-7.60813849097185,-3.40776730698988,91.9336010437037));
#797=CARTESIAN_POINT('Ctrl Pts',(-6.55406924548593,-3.45388365349494,96.7668005218518));
#798=CARTESIAN_POINT('Ctrl Pts',(-5.50000000000001,-3.5,101.6));
#799=CARTESIAN_POINT('Ctrl Pts',(-7.62835890242086,-3.49606096466474,91.5999758596896));
#800=CARTESIAN_POINT('Ctrl Pts',(-7.62191973132745,-3.45553691905305,91.936737433633));
#801=CARTESIAN_POINT('Ctrl Pts',(-6.56095986566373,-3.47776845952653,96.7683687168165));
#802=CARTESIAN_POINT('Ctrl Pts',(-5.50000000000001,-3.5,101.6));
#803=CARTESIAN_POINT('Ctrl Pts',(-7.57512580383469,-3.50309148775569,91.5999758404029));
#804=CARTESIAN_POINT('Ctrl Pts',(-7.56967866021357,-3.50467767764539,91.9370065618163));
#805=CARTESIAN_POINT('Ctrl Pts',(-6.53483933010679,-3.5023388388227,96.7685032809081));
#806=CARTESIAN_POINT('Ctrl Pts',(-5.50000000000001,-3.5,101.6));
#807=CARTESIAN_POINT('Ctrl Pts',(-7.47789531289083,-3.47884951221571,91.5999757942508));
#808=CARTESIAN_POINT('Ctrl Pts',(-7.47374632250411,-3.53393877362741,91.9376505739753));
#809=CARTESIAN_POINT('Ctrl Pts',(-6.48687316125206,-3.5169693868137,96.7688252869876));
#810=CARTESIAN_POINT('Ctrl Pts',(-5.50000000000001,-3.5,101.6));
#811=CARTESIAN_POINT('Ctrl Pts',(-7.33206206095744,-3.44249950039418,91.5999756908943));
#812=CARTESIAN_POINT('Ctrl Pts',(-7.32677613749734,-3.43976607686924,91.9390928226163));
#813=CARTESIAN_POINT('Ctrl Pts',(-6.41338806874867,-3.46988303843462,96.7695464113081));
#814=CARTESIAN_POINT('Ctrl Pts',(-5.50000000000001,-3.5,101.6));
#815=CARTESIAN_POINT('Ctrl Pts',(-7.1133120083936,-3.38796651734488,91.5999753156139));
#816=CARTESIAN_POINT('Ctrl Pts',(-7.10875790983245,-3.4096559908637,91.9443295328916));
#817=CARTESIAN_POINT('Ctrl Pts',(-6.30437895491622,-3.45482799543185,96.7721647664458));
#818=CARTESIAN_POINT('Ctrl Pts',(-5.50000000000001,-3.5,101.6));
#819=CARTESIAN_POINT('Ctrl Pts',(-6.89456200496891,-3.33343565454684,91.5999747541338));
#820=CARTESIAN_POINT('Ctrl Pts',(-6.89005379168052,-3.34995960818937,91.9521644958154));
#821=CARTESIAN_POINT('Ctrl Pts',(-6.19502689584026,-3.42497980409469,96.7760822479077));
#822=CARTESIAN_POINT('Ctrl Pts',(-5.50000000000001,-3.5,101.6));
#823=CARTESIAN_POINT('Ctrl Pts',(-6.67581199013346,-3.27890420976151,91.5999739993814));
#824=CARTESIAN_POINT('Ctrl Pts',(-6.67150873665382,-3.29838430700776,91.962696403663));
#825=CARTESIAN_POINT('Ctrl Pts',(-6.08575436832691,-3.39919215350388,96.7813482018315));
#826=CARTESIAN_POINT('Ctrl Pts',(-5.50000000000001,-3.5,101.6));
#827=CARTESIAN_POINT('Ctrl Pts',(-6.31122863885487,-3.18801869260804,91.5999724250016));
#828=CARTESIAN_POINT('Ctrl Pts',(-6.30717214383454,-3.20929752506187,91.9846654936342));
#829=CARTESIAN_POINT('Ctrl Pts',(-5.90358607191727,-3.35464876253094,96.7923327468171));
#830=CARTESIAN_POINT('Ctrl Pts',(-5.50000000000001,-3.5,101.6));
#831=CARTESIAN_POINT('Ctrl Pts',(-5.94664528702674,-3.09713305520421,91.5999702194394));
#832=CARTESIAN_POINT('Ctrl Pts',(-5.94284289139645,-3.12188864947868,92.0154421813888));
#833=CARTESIAN_POINT('Ctrl Pts',(-5.72142144569823,-3.31094432473934,96.8077210906944));
#834=CARTESIAN_POINT('Ctrl Pts',(-5.50000000000001,-3.5,101.6));
#835=CARTESIAN_POINT('Ctrl Pts',(-5.50914526131259,-2.98807025140815,91.5999668172786));
#836=CARTESIAN_POINT('Ctrl Pts',(-5.505696912381,-3.01754097430398,92.0629163520849));
#837=CARTESIAN_POINT('Ctrl Pts',(-5.5028484561905,-3.25877048715199,96.8314581760424));
#838=CARTESIAN_POINT('Ctrl Pts',(-5.50000000000001,-3.5,101.6));
#839=CARTESIAN_POINT('Ctrl Pts',(-4.92581188825122,-2.84265309660624,91.5999615220985));
#840=CARTESIAN_POINT('Ctrl Pts',(-4.92291155243427,-2.87956996322995,92.1368059492003));
#841=CARTESIAN_POINT('Ctrl Pts',(-5.21145577621713,-3.18978498161497,96.8684029746001));
#842=CARTESIAN_POINT('Ctrl Pts',(-5.50000000000001,-3.5,101.6));
#843=CARTESIAN_POINT('Ctrl Pts',(-4.19664514016375,-2.66088140420843,91.5999526713051));
#844=CARTESIAN_POINT('Ctrl Pts',(-4.1948730459886,-2.71057931674588,92.2603110128366));
#845=CARTESIAN_POINT('Ctrl Pts',(-4.8474365229943,-3.10528965837294,96.9301555064183));
#846=CARTESIAN_POINT('Ctrl Pts',(-5.50000000000001,-3.5,101.6));
#847=CARTESIAN_POINT('Ctrl Pts',(-3.24872831333984,-2.42457769670553,91.5999376741678));
#848=CARTESIAN_POINT('Ctrl Pts',(-3.24918083880172,-2.49797159978565,92.4695829173806));
#849=CARTESIAN_POINT('Ctrl Pts',(-4.37459041940086,-2.99898579989283,97.0347914586903));
#850=CARTESIAN_POINT('Ctrl Pts',(-5.50000000000001,-3.5,101.6));
#851=CARTESIAN_POINT('Ctrl Pts',(-2.08206123513276,-2.13374166611405,91.599914689991));
#852=CARTESIAN_POINT('Ctrl Pts',(-2.0882440648,-2.24604445186304,92.7903069564594));
#853=CARTESIAN_POINT('Ctrl Pts',(-3.7941220324,-2.87302222593152,97.1951534782297));
#854=CARTESIAN_POINT('Ctrl Pts',(-5.50000000000001,-3.5,101.6));
#855=CARTESIAN_POINT('Ctrl Pts',(-1.13414448611045,-1.89743603919036,91.5998896330469));
#856=CARTESIAN_POINT('Ctrl Pts',(-1.14146620449621,-2.06022056934714,93.1399546478556));
#857=CARTESIAN_POINT('Ctrl Pts',(-3.3207331022481,-2.78011028467357,97.3699773239278));
#858=CARTESIAN_POINT('Ctrl Pts',(-5.50000000000001,-3.5,101.6));
#859=CARTESIAN_POINT('Ctrl Pts',(-0.0505225179867617,-1.62729977182616,
91.5998555148042));
#860=CARTESIAN_POINT('Ctrl Pts',(-0.0738258465185857,-1.86210847654122,
93.6160448175523));
#861=CARTESIAN_POINT('Ctrl Pts',(-2.78691292325929,-2.68105423827061,97.6080224087761));
#862=CARTESIAN_POINT('Ctrl Pts',(-5.50000000000001,-3.5,101.6));
#863=CARTESIAN_POINT('Ctrl Pts',(0.957675505838687,-1.40842899757349,91.5998196762778));
#864=CARTESIAN_POINT('Ctrl Pts',(0.907990572426237,-1.72107938793715,94.1161400395955));
#865=CARTESIAN_POINT('Ctrl Pts',(-2.29600471378688,-2.61053969396858,97.8580700197978));
#866=CARTESIAN_POINT('Ctrl Pts',(-5.50000000000001,-3.5,101.6));
#867=CARTESIAN_POINT('Ctrl Pts',(2.48719647508489,-1.17304522399198,91.5997550162209));
#868=CARTESIAN_POINT('Ctrl Pts',(2.38558683892385,-1.61460040762639,95.0184144492963));
#869=CARTESIAN_POINT('Ctrl Pts',(-1.55720658053807,-2.5573002038132,98.3092072246481));
#870=CARTESIAN_POINT('Ctrl Pts',(-5.50000000000001,-3.5,101.6));
#871=CARTESIAN_POINT('Ctrl Pts',(3.80807060363536,-1.05168770248788,91.5996912173485));
#872=CARTESIAN_POINT('Ctrl Pts',(3.59913761615339,-1.57984839863375,95.9086717935186));
#873=CARTESIAN_POINT('Ctrl Pts',(-0.950431191923306,-2.53992419931687,98.7543358967593));
#874=CARTESIAN_POINT('Ctrl Pts',(-5.50000000000001,-3.5,101.6));
#875=CARTESIAN_POINT('Ctrl Pts',(4.8384460514745,-1.00671515800431,91.5996404164206));
#876=CARTESIAN_POINT('Ctrl Pts',(4.61690269458317,-1.49390382789054,96.617554209942));
#877=CARTESIAN_POINT('Ctrl Pts',(-0.441548652708417,-2.49695191394527,99.108777104971));
#878=CARTESIAN_POINT('Ctrl Pts',(-5.50000000000001,-3.5,101.6));
#879=CARTESIAN_POINT('Ctrl Pts',(5.35405478411585,-0.999963319286585,91.5996123710115));
#880=CARTESIAN_POINT('Ctrl Pts',(5.00047347717115,-1.5118173427008,97.008903309649));
#881=CARTESIAN_POINT('Ctrl Pts',(-0.249763261414424,-2.5059086713504,99.3044516548245));
#882=CARTESIAN_POINT('Ctrl Pts',(-5.50000000000001,-3.5,101.6));
#883=CARTESIAN_POINT('Ctrl Pts',(5.77205733443594,-0.999970055926162,91.5995933328034));
#884=CARTESIAN_POINT('Ctrl Pts',(5.50577008321559,-1.4178134425839,97.2745648141294));
#885=CARTESIAN_POINT('Ctrl Pts',(0.00288504160779302,-2.45890672129195,
99.4372824070647));
#886=CARTESIAN_POINT('Ctrl Pts',(-5.50000000000001,-3.5,101.6));
#887=CARTESIAN_POINT('Ctrl Pts',(6.16480159810242,-0.83713401413134,91.5995784940785));
#888=CARTESIAN_POINT('Ctrl Pts',(6.14418149992099,-1.07050566086329,97.4816262131025));
#889=CARTESIAN_POINT('Ctrl Pts',(0.322090749960497,-2.28525283043164,99.5408131065512));
#890=CARTESIAN_POINT('Ctrl Pts',(-5.50000000000001,-3.5,101.6));
#891=CARTESIAN_POINT('Ctrl Pts',(6.40752463368695,-0.24539699769388,91.5995383159625));
#892=CARTESIAN_POINT('Ctrl Pts',(5.74281212730601,-0.473028813023282,98.0422766034296));
#893=CARTESIAN_POINT('Ctrl Pts',(0.121406063653003,-1.98651440651164,99.8211383017148));
#894=CARTESIAN_POINT('Ctrl Pts',(-5.50000000000001,-3.5,101.6));
#895=CARTESIAN_POINT('Ctrl Pts',(6.1583046713579,0.343687687148719,91.5995337711446));
#896=CARTESIAN_POINT('Ctrl Pts',(6.01601953840649,-0.682855064273349,98.1056955535038));
#897=CARTESIAN_POINT('Ctrl Pts',(0.258009769203246,-2.09142753213667,99.8528477767519));
#898=CARTESIAN_POINT('Ctrl Pts',(-5.50000000000001,-3.5,101.6));
#899=CARTESIAN_POINT('Ctrl Pts',(5.76378757970735,0.502178538413591,91.5995112238732));
#900=CARTESIAN_POINT('Ctrl Pts',(5.40696404166547,-0.235996212150994,98.4203229606168));
#901=CARTESIAN_POINT('Ctrl Pts',(-0.0465179791672643,-1.8679981060755,100.010161480308));
#902=CARTESIAN_POINT('Ctrl Pts',(-5.50000000000001,-3.5,101.6));
#903=CARTESIAN_POINT('Ctrl Pts',(5.56676376188333,0.500002450759113,91.5995140464751));
#904=CARTESIAN_POINT('Ctrl Pts',(5.17557089113444,-0.169577370556525,98.3809360258174));
#905=CARTESIAN_POINT('Ctrl Pts',(-0.16221455443278,-1.83478868527826,99.9904680129087));
#906=CARTESIAN_POINT('Ctrl Pts',(-5.50000000000001,-3.5,101.6));
#907=CARTESIAN_POINT('',(-7.55081168072558,-3.49703053751618,91.6));
#908=CARTESIAN_POINT('',(-7.33206168058643,-3.44249930456529,91.6));
#909=CARTESIAN_POINT('',(-7.55081168072558,-3.49703053751618,91.6));
#910=CARTESIAN_POINT('',(-6.75122608878445,-3.2977053345421,91.6));
#911=CARTESIAN_POINT('',(-7.55081168072558,-3.49703053751618,91.6));
#912=CARTESIAN_POINT('',(-5.5,-3.5,101.6));
#913=CARTESIAN_POINT('Ctrl Pts',(-6.75122608878445,-3.2977053345421,91.6));
#914=CARTESIAN_POINT('Ctrl Pts',(-6.74682112440458,-3.31613682688172,91.9594384520942));
#915=CARTESIAN_POINT('Ctrl Pts',(-6.12341056220229,-3.40806841344086,96.7797192260471));
#916=CARTESIAN_POINT('Ctrl Pts',(-5.5,-3.5,101.6));
#917=CARTESIAN_POINT('',(5.56673572008482,0.499954466402781,91.6));
#918=CARTESIAN_POINT('Ctrl Pts',(5.56673572008482,0.499954466402781,91.6));
#919=CARTESIAN_POINT('Ctrl Pts',(5.17531588435113,-0.169656924181382,98.3810129194241));
#920=CARTESIAN_POINT('Ctrl Pts',(-0.162342057824436,-1.83482846209069,99.9905064597121));
#921=CARTESIAN_POINT('Ctrl Pts',(-5.5,-3.5,101.6));
#922=CARTESIAN_POINT('',(-1.61199556272776,-0.917842621831225,91.6));
#923=CARTESIAN_POINT('Origin',(5.78711651782292,-19.4988313043381,91.6));
#924=CARTESIAN_POINT('',(-7.42449556015707,-3.23243091787457,91.6));
#925=CARTESIAN_POINT('',(-1.61199556039107,-0.917842620900734,91.6));
#926=CARTESIAN_POINT('',(-7.61199556018519,-3.30709505650083,91.6));
#927=CARTESIAN_POINT('',(-1.61199556039107,-0.917842620900734,91.6));
#928=CARTESIAN_POINT('Origin',(-7.575,-3.4,91.6));
#929=CARTESIAN_POINT('Origin',(0.,3.5,0.));
#930=CARTESIAN_POINT('',(-6.73555739531044E-16,-3.5,5.5));
#931=CARTESIAN_POINT('Origin',(0.,-3.5,0.));
#932=CARTESIAN_POINT('',(2.46735978451301E-14,-0.885812742306294,5.5));
#933=CARTESIAN_POINT('',(-6.73555739531044E-16,3.5,5.5));
#934=CARTESIAN_POINT('',(-5.22522384064014,-3.42918459135548,1.71669327930353));
#935=CARTESIAN_POINT('Ctrl Pts',(-5.22522384064014,-3.42918459135548,1.71669327930353));
#936=CARTESIAN_POINT('Ctrl Pts',(-5.01976303420554,-3.32180407952138,2.34206923728176));
#937=CARTESIAN_POINT('Ctrl Pts',(-4.70748060854292,-3.15895398734038,2.91432897575889));
#938=CARTESIAN_POINT('Ctrl Pts',(-4.04649459419262,-2.81416607012794,3.74976292337886));
#939=CARTESIAN_POINT('Ctrl Pts',(-3.74500034410263,-2.6567084970989,4.04968839747926));
#940=CARTESIAN_POINT('Ctrl Pts',(-3.17359253076265,-2.35740253492278,4.50277400964607));
#941=CARTESIAN_POINT('Ctrl Pts',(-2.91398783326567,-2.22231709953447,4.67487976657019));
#942=CARTESIAN_POINT('Ctrl Pts',(-1.98586894771511,-1.75783516805516,5.18332774451393));
#943=CARTESIAN_POINT('Ctrl Pts',(-1.26097999108008,-1.41906749193896,5.40610206884884));
#944=CARTESIAN_POINT('Ctrl Pts',(-0.342167817632736,-1.0270551864476,5.49199282063229));
#945=CARTESIAN_POINT('Ctrl Pts',(-0.171332061965234,-0.955692140245315,
5.5));
#946=CARTESIAN_POINT('Ctrl Pts',(5.01335084557297E-14,-0.885812742306294,
5.5));
#947=CARTESIAN_POINT('',(-1.273528546793E-15,2.03457619198796,5.5));
#948=CARTESIAN_POINT('Ctrl Pts',(-5.22522384064014,-3.42918459135548,1.71669327930353));
#949=CARTESIAN_POINT('Ctrl Pts',(-5.24103446788397,-3.43743964066414,1.66856932646588));
#950=CARTESIAN_POINT('Ctrl Pts',(-5.27346898998089,-3.45172404671462,1.57026942513923));
#951=CARTESIAN_POINT('Ctrl Pts',(-5.39734231930078,-3.4469124227397,1.10562946818292));
#952=CARTESIAN_POINT('Ctrl Pts',(-5.48653081037513,-3.37976343385904,0.661117922221196));
#953=CARTESIAN_POINT('Ctrl Pts',(-5.49938698530322,-3.26516111721809,0.0890723780283893));
#954=CARTESIAN_POINT('Ctrl Pts',(-5.499690430414,-3.25943335091354,0.0606578149242204));
#955=CARTESIAN_POINT('Ctrl Pts',(-5.49990073052672,-3.25327958431572,0.0344303570821124));
#956=CARTESIAN_POINT('Ctrl Pts',(-5.49992400386532,-3.25167536687921,0.029022883699002));
#957=CARTESIAN_POINT('Ctrl Pts',(-5.49993835324412,-3.25007405541167,0.0260445007911529));
#958=CARTESIAN_POINT('Ctrl Pts',(-5.49994035671221,-3.24980205874369,0.0256159407408688));
#959=CARTESIAN_POINT('Ctrl Pts',(-5.49994254580041,-3.24936567584627,0.0251399393681017));
#960=CARTESIAN_POINT('Ctrl Pts',(-5.49994321833908,-3.24920249909142,0.0249921237206817));
#961=CARTESIAN_POINT('Ctrl Pts',(-5.49994400309497,-3.24890692264914,0.0248186903117379));
#962=CARTESIAN_POINT('Ctrl Pts',(-5.49994423433358,-3.24878326500015,0.0247673138264944));
#963=CARTESIAN_POINT('Ctrl Pts',(-5.49994445059608,-3.2485283880808,0.0247192415043484));
#964=CARTESIAN_POINT('Ctrl Pts',(-5.49994444340578,-3.24840524908202,0.0247208441501394));
#965=CARTESIAN_POINT('Ctrl Pts',(-5.49994417891973,-3.24812914406518,0.0247796252920732));
#966=CARTESIAN_POINT('Ctrl Pts',(-5.49994387056041,-3.24798686358023,0.0248481039695088));
#967=CARTESIAN_POINT('Ctrl Pts',(-5.49994285335393,-3.24765214689822,0.0250724686491667));
#968=CARTESIAN_POINT('Ctrl Pts',(-5.49994198523687,-3.24746864556897,0.0252625300351035));
#969=CARTESIAN_POINT('Ctrl Pts',(-5.4999380277376,-3.24677447022843,0.0261176651530237));
#970=CARTESIAN_POINT('Ctrl Pts',(-5.49993274480317,-3.24621016225643,0.0272492774640875));
#971=CARTESIAN_POINT('Ctrl Pts',(-5.49981505999014,-3.23789110888245,0.049646784005406));
#972=CARTESIAN_POINT('Ctrl Pts',(-5.49957157765601,-3.23547555687647,0.0720026639373167));
#973=CARTESIAN_POINT('Ctrl Pts',(-5.49822781225546,-3.22008984761791,0.15084794182577));
#974=CARTESIAN_POINT('Ctrl Pts',(-5.49621155624487,-3.20806489161152,0.215933326305721));
#975=CARTESIAN_POINT('Ctrl Pts',(-5.47434828199392,-3.13030064585301,0.635331910286435));
#976=CARTESIAN_POINT('Ctrl Pts',(-5.42496983258404,-3.09022601979277,0.99207711443795));
#977=CARTESIAN_POINT('Ctrl Pts',(-5.24896742296689,-2.92735336959029,1.66867979792585));
#978=CARTESIAN_POINT('Ctrl Pts',(-5.15381108226741,-2.8393120772404,1.9411722509309));
#979=CARTESIAN_POINT('Ctrl Pts',(-4.87772102259637,-2.5838285928248,2.57368379399249));
#980=CARTESIAN_POINT('Ctrl Pts',(-4.67882201876674,-2.39977320009939,2.9162508280778));
#981=CARTESIAN_POINT('Ctrl Pts',(-4.08169165363534,-1.84586813921372,3.74092868281922));
#982=CARTESIAN_POINT('Ctrl Pts',(-3.63980926656539,-1.43523125532553,4.16318675878788));
#983=CARTESIAN_POINT('Ctrl Pts',(-2.7016365955996,-0.548644910844667,4.82492018421293));
#984=CARTESIAN_POINT('Ctrl Pts',(-2.08257176088429,0.0316883564391125,5.15168114166987));
#985=CARTESIAN_POINT('Ctrl Pts',(-1.02845985754829,1.14109657966222,5.41096644015467));
#986=CARTESIAN_POINT('Ctrl Pts',(-0.64039181075214,1.60891124717399,5.49748171745727));
#987=CARTESIAN_POINT('Ctrl Pts',(-0.0146813696893942,2.02489761768143,5.49998528281221));
#988=CARTESIAN_POINT('Ctrl Pts',(-0.00734593197436536,2.02974702891207,
5.5));
#989=CARTESIAN_POINT('Ctrl Pts',(-1.59594559789866E-15,2.03457619198796,
5.5));
#990=CARTESIAN_POINT('',(-6.73555739531044E-16,3.5,5.5));
#991=CARTESIAN_POINT('',(-6.73555739531044E-16,3.5,5.5));
#992=CARTESIAN_POINT('Origin',(0.,3.5,0.));
#993=CARTESIAN_POINT('',(4.58673884151164,2.87850726836756,3.03509914167041));
#994=CARTESIAN_POINT('Ctrl Pts',(-1.59594559789866E-15,2.03457619198796,
5.5));
#995=CARTESIAN_POINT('Ctrl Pts',(0.434422326778899,2.32016231872354,5.5));
#996=CARTESIAN_POINT('Ctrl Pts',(0.905342671019117,2.53524445370629,5.4474129088179));
#997=CARTESIAN_POINT('Ctrl Pts',(1.9286079602061,2.87222764843834,5.1814884181068));
#998=CARTESIAN_POINT('Ctrl Pts',(2.46538307905473,2.97084218663991,4.95207036576087));
#999=CARTESIAN_POINT('Ctrl Pts',(3.27262945136532,3.02902815860052,4.43550735311283));
#1000=CARTESIAN_POINT('Ctrl Pts',(3.56042943177555,3.02693598257777,4.20808066392222));
#1001=CARTESIAN_POINT('Ctrl Pts',(4.11238646917884,2.98215987976152,3.67411866556818));
#1002=CARTESIAN_POINT('Ctrl Pts',(4.36753692383845,2.93588576019767,3.36636408656842));
#1003=CARTESIAN_POINT('Ctrl Pts',(4.58673884151164,2.87850726836756,3.03509914167041));
#1004=CARTESIAN_POINT('',(5.5,1.51133387303939,-1.15516625117719E-18));
#1005=CARTESIAN_POINT('Ctrl Pts',(4.58673884151164,2.87850726836756,3.03509914167041));
#1006=CARTESIAN_POINT('Ctrl Pts',(4.74351634291954,2.83844915946179,2.79817197006343));
#1007=CARTESIAN_POINT('Ctrl Pts',(4.88065043758412,2.76149037445857,2.5502351897929));
#1008=CARTESIAN_POINT('Ctrl Pts',(5.11221878050089,2.57042521219881,2.04787533812332));
#1009=CARTESIAN_POINT('Ctrl Pts',(5.20755326754061,2.45364119640949,1.78994488070794));
#1010=CARTESIAN_POINT('Ctrl Pts',(5.41874503379401,2.09571350787417,1.06140061448129));
#1011=CARTESIAN_POINT('Ctrl Pts',(5.47948927242136,1.84557663642341,0.619746355472027));
#1012=CARTESIAN_POINT('Ctrl Pts',(5.49947247393473,1.57138915175396,0.123866276390969));
#1013=CARTESIAN_POINT('Ctrl Pts',(5.49987389724501,1.52740700738312,0.0468953211359708));
#1014=CARTESIAN_POINT('Ctrl Pts',(5.49999484738751,1.51266642325361,0.0107397303297741));
#1015=CARTESIAN_POINT('Ctrl Pts',(5.5,1.51133387303939,0.0052401227009654));
#1016=CARTESIAN_POINT('Ctrl Pts',(5.5,1.51133387303939,-1.15516625117719E-18));
#1017=CARTESIAN_POINT('',(5.5,1.49200321841364,5.60737557621229E-11));
#1018=CARTESIAN_POINT('Origin',(4.25000242245429,1.4999999982932,0.));
#1019=CARTESIAN_POINT('Ctrl Pts',(5.01682029252493E-14,-0.885812742306294,
5.5));
#1020=CARTESIAN_POINT('Ctrl Pts',(0.559692404744916,-0.657536914501578,
5.5));
#1021=CARTESIAN_POINT('Ctrl Pts',(1.12472836104864,-0.445209589553167,5.41462501237941));
#1022=CARTESIAN_POINT('Ctrl Pts',(2.32521503582169,-0.0503553411185032,
5.03090528486551));
#1023=CARTESIAN_POINT('Ctrl Pts',(2.93950038003762,0.1125463566835,4.70187702259063));
#1024=CARTESIAN_POINT('Ctrl Pts',(3.86510832213418,0.303420003667163,3.94356291619296));
#1025=CARTESIAN_POINT('Ctrl Pts',(4.20308891479586,0.356602377914465,3.5817983127712));
#1026=CARTESIAN_POINT('Ctrl Pts',(4.62988206285289,0.411209310689978,2.9788402268705));
#1027=CARTESIAN_POINT('Ctrl Pts',(4.95100506540074,0.420098711794973,2.5236314385526));
#1028=CARTESIAN_POINT('Ctrl Pts',(5.34046517354312,0.819058041140776,1.37891407665219));
#1029=CARTESIAN_POINT('Ctrl Pts',(5.46315548674188,1.02715243307533,0.881283135092865));
#1030=CARTESIAN_POINT('Ctrl Pts',(5.49978326743951,1.4227643914517,0.140224326049631));
#1031=CARTESIAN_POINT('Ctrl Pts',(5.49984300388404,1.47312931222607,0.0522464728310285));
#1032=CARTESIAN_POINT('Ctrl Pts',(5.49997334752524,1.48800168293411,0.0174128978977447));
#1033=CARTESIAN_POINT('Ctrl Pts',(5.49998347832408,1.48937434810844,0.0138977233661583));
#1034=CARTESIAN_POINT('Ctrl Pts',(5.49999723957566,1.49146317286646,0.00670321688358654));
#1035=CARTESIAN_POINT('Ctrl Pts',(5.49999999999997,1.49200321840757,0.0033473654292725));
#1036=CARTESIAN_POINT('Ctrl Pts',(5.5,1.49200321841364,5.60737557621231E-11));
#1037=CARTESIAN_POINT('Origin',(0.,3.5,0.));
#1038=CARTESIAN_POINT('Origin',(0.,-3.5,0.));
#1039=CARTESIAN_POINT('Ctrl Pts',(4.43829031172954,2.73573733394633,0.));
#1040=CARTESIAN_POINT('Ctrl Pts',(4.43829031172954,2.73573733394633,5.87107369846031));
#1041=CARTESIAN_POINT('Ctrl Pts',(7.31249999999993,5.5,23.2578526030794));
#1042=CARTESIAN_POINT('Ctrl Pts',(7.31249999999993,5.5,35.));
#1043=CARTESIAN_POINT('Ctrl Pts',(3.9835833823905,2.80502140194274,0.));
#1044=CARTESIAN_POINT('Ctrl Pts',(3.9835833823905,2.80502140194274,5.84413757797571));
#1045=CARTESIAN_POINT('Ctrl Pts',(5.95662728200701,5.5,23.2802236235962));
#1046=CARTESIAN_POINT('Ctrl Pts',(5.95662728200701,5.5,35.));
#1047=CARTESIAN_POINT('Ctrl Pts',(3.35214728696486,2.82463147872383,0.));
#1048=CARTESIAN_POINT('Ctrl Pts',(3.35214728696486,2.82463147872383,5.80373339724882));
#1049=CARTESIAN_POINT('Ctrl Pts',(3.76559169366514,5.34048907867454,23.3137801543714));
#1050=CARTESIAN_POINT('Ctrl Pts',(3.76559169366514,5.34048907867454,35.));
#1051=CARTESIAN_POINT('Ctrl Pts',(2.54947668003542,2.73320051506506,0.));
#1052=CARTESIAN_POINT('Ctrl Pts',(2.54947668003542,2.73320051506506,6.05990572680579));
#1053=CARTESIAN_POINT('Ctrl Pts',(0.768900430906004,4.71670025056911,23.3039655031323));
#1054=CARTESIAN_POINT('Ctrl Pts',(0.768900430906004,4.71670025056911,35.));
#1055=CARTESIAN_POINT('Ctrl Pts',(1.96058851731577,2.60461031892772,0.));
#1056=CARTESIAN_POINT('Ctrl Pts',(1.96058851731577,2.60461031892772,6.47723528126501));
#1057=CARTESIAN_POINT('Ctrl Pts',(-1.41908541641003,4.06154698637997,23.2732810185709));
#1058=CARTESIAN_POINT('Ctrl Pts',(-1.41908541641003,4.06154698637997,35.));
#1059=CARTESIAN_POINT('Ctrl Pts',(1.3783078460653,2.41477504235397,0.));
#1060=CARTESIAN_POINT('Ctrl Pts',(1.3783078460653,2.41477504235397,7.19287658097488));
#1061=CARTESIAN_POINT('Ctrl Pts',(-3.45770310293487,3.25389406643655,23.2227850391781));
#1062=CARTESIAN_POINT('Ctrl Pts',(-3.45770310293487,3.25389406643655,35.));
#1063=CARTESIAN_POINT('Ctrl Pts',(0.794653479402689,2.1558011055307,0.));
#1064=CARTESIAN_POINT('Ctrl Pts',(0.794653479402689,2.1558011055307,8.28137028511799));
#1065=CARTESIAN_POINT('Ctrl Pts',(-5.31605442173087,2.34189415834089,23.1591493419661));
#1066=CARTESIAN_POINT('Ctrl Pts',(-5.31605442173087,2.34189415834089,35.));
#1067=CARTESIAN_POINT('Ctrl Pts',(0.20036057979356,1.80945985987098,0.));
#1068=CARTESIAN_POINT('Ctrl Pts',(0.20036057979356,1.80945985987098,9.81452409365925));
#1069=CARTESIAN_POINT('Ctrl Pts',(-6.96324116586036,1.37369992969505,23.0933961806786));
#1070=CARTESIAN_POINT('Ctrl Pts',(-6.96324116586036,1.37369992969505,35.));
#1071=CARTESIAN_POINT('Ctrl Pts',(-0.213450325745014,1.49865407377228,0.));
#1072=CARTESIAN_POINT('Ctrl Pts',(-0.213450325745014,1.49865407377228,11.1876436961021));
#1073=CARTESIAN_POINT('Ctrl Pts',(-7.93166654735282,0.709621812989429,23.0483899768516));
#1074=CARTESIAN_POINT('Ctrl Pts',(-7.93166654735282,0.709621812989429,35.));
#1075=CARTESIAN_POINT('Ctrl Pts',(-0.739035052139661,1.0355274768846,0.));
#1076=CARTESIAN_POINT('Ctrl Pts',(-0.739035052139661,1.0355274768846,13.0627219709278));
#1077=CARTESIAN_POINT('Ctrl Pts',(-9.0237006188055,-0.0879335345875854,
23.0086741180302));
#1078=CARTESIAN_POINT('Ctrl Pts',(-9.0237006188055,-0.0879335345875854,
35.));
#1079=CARTESIAN_POINT('Ctrl Pts',(-1.41143573778902,0.443031870275395,0.));
#1080=CARTESIAN_POINT('Ctrl Pts',(-1.41143573778902,0.443031870275395,15.6213905361385));
#1081=CARTESIAN_POINT('Ctrl Pts',(-9.9191992846941,-0.741951360952168,22.9857945326073));
#1082=CARTESIAN_POINT('Ctrl Pts',(-9.9191992846941,-0.741951360952168,35.));
#1083=CARTESIAN_POINT('Ctrl Pts',(-2.64931131899882,-0.647740133752697,
0.));
#1084=CARTESIAN_POINT('Ctrl Pts',(-2.64931131899882,-0.647740133752697,
19.6158078474644));
#1085=CARTESIAN_POINT('Ctrl Pts',(-11.113026214228,-1.61385002842195,22.9923870786448));
#1086=CARTESIAN_POINT('Ctrl Pts',(-11.113026214228,-1.61385002842195,35.));
#1087=CARTESIAN_POINT('Ctrl Pts',(-4.09035602791509,-1.91753755838765,0.));
#1088=CARTESIAN_POINT('Ctrl Pts',(-4.09035602791509,-1.91753755838765,22.8089194135147));
#1089=CARTESIAN_POINT('Ctrl Pts',(-12.2114101094402,-2.41604290153776,23.0266183852249));
#1090=CARTESIAN_POINT('Ctrl Pts',(-12.2114101094402,-2.41604290153776,35.));
#1091=CARTESIAN_POINT('Ctrl Pts',(-5.01187891617249,-2.72955080336976,0.));
#1092=CARTESIAN_POINT('Ctrl Pts',(-5.01187891617249,-2.72955080336976,23.8583116208952));
#1093=CARTESIAN_POINT('Ctrl Pts',(-12.9769507961026,-2.9751473144826,23.0261961456212));
#1094=CARTESIAN_POINT('Ctrl Pts',(-12.9769507961026,-2.9751473144826,35.));
#1095=CARTESIAN_POINT('Ctrl Pts',(-5.46456944261224,-3.12844561979924,0.));
#1096=CARTESIAN_POINT('Ctrl Pts',(-5.46456944261224,-3.12844561979924,23.9339702251126));
#1097=CARTESIAN_POINT('Ctrl Pts',(-13.4177171942992,-3.29705631632018,23.0364505393856));
#1098=CARTESIAN_POINT('Ctrl Pts',(-13.4177171942992,-3.29705631632018,35.));
#1099=CARTESIAN_POINT('Ctrl Pts',(-5.50830229623571,-3.19982205596985,0.));
#1100=CARTESIAN_POINT('Ctrl Pts',(-5.50830229623571,-3.19982205596985,23.9380427955513));
#1101=CARTESIAN_POINT('Ctrl Pts',(-13.4351131202081,-3.33662234361765,23.0376360227447));
#1102=CARTESIAN_POINT('Ctrl Pts',(-13.4351131202081,-3.33662234361765,35.));
#1103=CARTESIAN_POINT('Ctrl Pts',(-5.4951089597024,-3.31421717372204,0.));
#1104=CARTESIAN_POINT('Ctrl Pts',(-5.4951089597024,-3.31421717372204,23.9429093827511));
#1105=CARTESIAN_POINT('Ctrl Pts',(-13.439180272896,-3.38684106459701,23.0365990565309));
#1106=CARTESIAN_POINT('Ctrl Pts',(-13.439180272896,-3.38684106459701,35.));
#1107=CARTESIAN_POINT('Ctrl Pts',(-5.45237997871677,-3.39071409231554,0.));
#1108=CARTESIAN_POINT('Ctrl Pts',(-5.45237997871677,-3.39071409231554,23.9475383910193));
#1109=CARTESIAN_POINT('Ctrl Pts',(-13.4297102536449,-3.42287190354939,23.0341252452742));
#1110=CARTESIAN_POINT('Ctrl Pts',(-13.4297102536449,-3.42287190354939,35.));
#1111=CARTESIAN_POINT('Ctrl Pts',(-5.37973494457551,-3.43899890337206,0.));
#1112=CARTESIAN_POINT('Ctrl Pts',(-5.37973494457551,-3.43899890337206,23.9532899616465));
#1113=CARTESIAN_POINT('Ctrl Pts',(-13.4110588550547,-3.4550102918138,23.0301240659314));
#1114=CARTESIAN_POINT('Ctrl Pts',(-13.4110588550547,-3.4550102918138,35.0000000000001));
#1115=CARTESIAN_POINT('Ctrl Pts',(-5.31434733730838,-3.45172083456614,0.));
#1116=CARTESIAN_POINT('Ctrl Pts',(-5.31434733730838,-3.45172083456615,23.9563020471026));
#1117=CARTESIAN_POINT('Ctrl Pts',(-13.3864621636637,-3.47755567697977,23.0270747731438));
#1118=CARTESIAN_POINT('Ctrl Pts',(-13.3864621636637,-3.47755567697977,35.));
#1119=CARTESIAN_POINT('Ctrl Pts',(-5.27461052861867,-3.44930868977056,0.));
#1120=CARTESIAN_POINT('Ctrl Pts',(-5.27461052861867,-3.44930868977056,23.955472098405));
#1121=CARTESIAN_POINT('Ctrl Pts',(-13.3606426899051,-3.49097017576912,23.0260122995966));
#1122=CARTESIAN_POINT('Ctrl Pts',(-13.3606426899051,-3.49097017576912,35.));
#1123=CARTESIAN_POINT('Ctrl Pts',(-5.24975828406631,-3.44376252999808,0.));
#1124=CARTESIAN_POINT('Ctrl Pts',(-5.24975828406631,-3.44376252999808,23.9533261680373));
#1125=CARTESIAN_POINT('Ctrl Pts',(-13.3379425850614,-3.49852074838876,23.0258862214445));
#1126=CARTESIAN_POINT('Ctrl Pts',(-13.3379425850614,-3.49852074838876,35.));
#1127=CARTESIAN_POINT('Ctrl Pts',(-5.22852012488179,-3.43703711274941,0.));
#1128=CARTESIAN_POINT('Ctrl Pts',(-5.22852012488179,-3.43703711274941,23.9500263764568));
#1129=CARTESIAN_POINT('Ctrl Pts',(-13.3093638302863,-3.50081528990351,23.0262764737373));
#1130=CARTESIAN_POINT('Ctrl Pts',(-13.3093638302863,-3.50081528990351,35.));
#1131=CARTESIAN_POINT('Ctrl Pts',(-5.21648779227943,-3.4318356598566,0.));
#1132=CARTESIAN_POINT('Ctrl Pts',(-5.21648779227943,-3.4318356598566,23.9458843459559));
#1133=CARTESIAN_POINT('Ctrl Pts',(-13.2863102388585,-3.498586476246,23.0274877143439));
#1134=CARTESIAN_POINT('Ctrl Pts',(-13.2863102388585,-3.498586476246,35.));
#1135=CARTESIAN_POINT('Ctrl Pts',(-5.21093249851061,-3.42907255562603,0.));
#1136=CARTESIAN_POINT('Ctrl Pts',(-5.21093249851061,-3.42907255562603,23.9438133307055));
#1137=CARTESIAN_POINT('Ctrl Pts',(-13.2691551417107,-3.49224428881558,23.0280933346473));
#1138=CARTESIAN_POINT('Ctrl Pts',(-13.2691551417107,-3.49224428881558,35.));
#1139=CARTESIAN_POINT('',(-13.2691551417107,-3.49224428881558,35.));
#1140=CARTESIAN_POINT('Ctrl Pts',(-5.22522384064014,-3.42918459135548,1.71669327930353));
#1141=CARTESIAN_POINT('Ctrl Pts',(-5.60118659258317,-3.43213191853997,23.9066606762041));
#1142=CARTESIAN_POINT('Ctrl Pts',(-13.2691551417107,-3.49224428881558,23.3215863861037));
#1143=CARTESIAN_POINT('Ctrl Pts',(-13.2691551417107,-3.49224428881558,35.));
#1144=CARTESIAN_POINT('',(-13.3862237765793,-3.27405543716033,35.));
#1145=CARTESIAN_POINT('Origin',(-13.3125000000001,-3.375,35.));
#1146=CARTESIAN_POINT('',(-8.38622377733011,0.377640825376166,35.));
#1147=CARTESIAN_POINT('',(-13.3862237765799,-3.27405543716072,35.));
#1148=CARTESIAN_POINT('',(7.31249999999993,5.50000000000001,35.));
#1149=CARTESIAN_POINT('Origin',(7.31249999999993,-21.1174708229813,35.));
#1150=CARTESIAN_POINT('Ctrl Pts',(7.31249999999993,5.50000000000001,35.));
#1151=CARTESIAN_POINT('Ctrl Pts',(7.31249999999993,5.5,24.8745244124275));
#1152=CARTESIAN_POINT('Ctrl Pts',(5.17525526736355,3.44451120015472,10.5517353836211));
#1153=CARTESIAN_POINT('Ctrl Pts',(4.58673884151164,2.87850726836756,3.03509914167041));
#1154=CARTESIAN_POINT('Ctrl Pts',(-5.21093249851061,-3.42907255562603,0.));
#1155=CARTESIAN_POINT('Ctrl Pts',(-5.21093249851061,-3.42907255562603,23.9438133307055));
#1156=CARTESIAN_POINT('Ctrl Pts',(-13.2691551417107,-3.49224428881558,23.0280933346473));
#1157=CARTESIAN_POINT('Ctrl Pts',(-13.2691551417107,-3.49224428881558,35.));
#1158=CARTESIAN_POINT('Ctrl Pts',(-4.99280660809282,-3.32058062060148,0.));
#1159=CARTESIAN_POINT('Ctrl Pts',(-4.99280660809282,-3.32058062060148,24.0233608240767));
#1160=CARTESIAN_POINT('Ctrl Pts',(-12.8626758734076,-3.26336204704126,23.0459204061025));
#1161=CARTESIAN_POINT('Ctrl Pts',(-12.8626758734076,-3.26336204704126,35.));
#1162=CARTESIAN_POINT('Ctrl Pts',(-4.6564993664744,-3.15330738524153,0.));
#1163=CARTESIAN_POINT('Ctrl Pts',(-4.6564993664744,-3.15330738524153,24.1824558108191));
#1164=CARTESIAN_POINT('Ctrl Pts',(-11.9642692355369,-2.75748304819533,23.0815745490131));
#1165=CARTESIAN_POINT('Ctrl Pts',(-11.9642692355369,-2.75748304819533,35.));
#1166=CARTESIAN_POINT('Ctrl Pts',(-4.20179484901,-2.92714545247128,0.));
#1167=CARTESIAN_POINT('Ctrl Pts',(-4.20179484901,-2.92714545247128,24.2483744761815));
#1168=CARTESIAN_POINT('Ctrl Pts',(-10.320621574052,-1.83197025877733,23.1544216475989));
#1169=CARTESIAN_POINT('Ctrl Pts',(-10.320621574052,-1.83197025877733,35.));
#1170=CARTESIAN_POINT('Ctrl Pts',(-3.75114897447919,-2.7030022164481,0.));
#1171=CARTESIAN_POINT('Ctrl Pts',(-3.75114897447919,-2.7030022164481,24.0962588301056));
#1172=CARTESIAN_POINT('Ctrl Pts',(-8.635008004818,-0.882827110340462,23.2077007308161));
#1173=CARTESIAN_POINT('Ctrl Pts',(-8.635008004818,-0.882827110340462,35.));
#1174=CARTESIAN_POINT('Ctrl Pts',(-3.41895978968448,-2.53777722924654,0.));
#1175=CARTESIAN_POINT('Ctrl Pts',(-3.41895978968448,-2.53777722924654,23.7805525608309));
#1176=CARTESIAN_POINT('Ctrl Pts',(-7.69398735670747,-0.352952815903201,
23.223254504907));
#1177=CARTESIAN_POINT('Ctrl Pts',(-7.69398735670747,-0.352952815903201,
35.));
#1178=CARTESIAN_POINT('Ctrl Pts',(-2.63975122137027,-2.1502127580955,0.));
#1179=CARTESIAN_POINT('Ctrl Pts',(-2.63975122137027,-2.1502127580955,22.8815692491773));
#1180=CARTESIAN_POINT('Ctrl Pts',(-6.10269181781885,0.543081296209832,23.2474934916452));
#1181=CARTESIAN_POINT('Ctrl Pts',(-6.10269181781885,0.543081296209832,35.));
#1182=CARTESIAN_POINT('Ctrl Pts',(-1.45823308107348,-1.60371001441531,0.));
#1183=CARTESIAN_POINT('Ctrl Pts',(-1.45823308107348,-1.60371001441531,20.3249601068751));
#1184=CARTESIAN_POINT('Ctrl Pts',(-3.70965456563203,1.64381267928125,23.2633414737803));
#1185=CARTESIAN_POINT('Ctrl Pts',(-3.70965456563203,1.64381267928125,35.));
#1186=CARTESIAN_POINT('Ctrl Pts',(0.428004756843222,-0.865200470019666,
0.));
#1187=CARTESIAN_POINT('Ctrl Pts',(0.428004756843222,-0.865200470019666,
14.6119541461476));
#1188=CARTESIAN_POINT('Ctrl Pts',(-0.0383486799264096,2.68554565100712,
23.2776514727636));
#1189=CARTESIAN_POINT('Ctrl Pts',(-0.0383486799264096,2.68554565100712,
35.));
#1190=CARTESIAN_POINT('Ctrl Pts',(2.41980758143097,-0.224985910061236,0.));
#1191=CARTESIAN_POINT('Ctrl Pts',(2.41980758143097,-0.224985910061236,8.94380457425827));
#1192=CARTESIAN_POINT('Ctrl Pts',(3.63062387887045,3.1533237661246,23.2759088640234));
#1193=CARTESIAN_POINT('Ctrl Pts',(3.63062387887045,3.1533237661246,35.));
#1194=CARTESIAN_POINT('Ctrl Pts',(3.80876407148631,0.125087096156177,0.));
#1195=CARTESIAN_POINT('Ctrl Pts',(3.80876407148631,0.125087096156177,6.46217317360999));
#1196=CARTESIAN_POINT('Ctrl Pts',(6.02682551876072,3.10895864760474,23.2698821901442));
#1197=CARTESIAN_POINT('Ctrl Pts',(6.02682551876072,3.10895864760474,35.));
#1198=CARTESIAN_POINT('Ctrl Pts',(4.6375810987122,0.305025601223731,0.));
#1199=CARTESIAN_POINT('Ctrl Pts',(4.6375810987122,0.305025601223731,5.76520711217246));
#1200=CARTESIAN_POINT('Ctrl Pts',(7.40586519631299,2.98684082171361,23.262701838712));
#1201=CARTESIAN_POINT('Ctrl Pts',(7.40586519631299,2.98684082171361,35.));
#1202=CARTESIAN_POINT('Ctrl Pts',(4.88779301470965,0.398004694513048,0.));
#1203=CARTESIAN_POINT('Ctrl Pts',(4.88779301470965,0.398004694513048,5.59820316006203));
#1204=CARTESIAN_POINT('Ctrl Pts',(7.77660612129451,3.05089630580778,23.2603949069869));
#1205=CARTESIAN_POINT('Ctrl Pts',(7.77660612129451,3.05089630580778,35.));
#1206=CARTESIAN_POINT('Ctrl Pts',(5.22975383656658,0.679439967188673,0.));
#1207=CARTESIAN_POINT('Ctrl Pts',(5.22975383656658,0.679439967188673,5.44884900292163));
#1208=CARTESIAN_POINT('Ctrl Pts',(8.1996371095498,3.3262630609022,23.2582005432566));
#1209=CARTESIAN_POINT('Ctrl Pts',(8.1996371095498,3.3262630609022,35.));
#1210=CARTESIAN_POINT('Ctrl Pts',(5.46615764047162,1.09595769628407,0.));
#1211=CARTESIAN_POINT('Ctrl Pts',(5.46615764047162,1.09595769628407,5.3859186194722));
#1212=CARTESIAN_POINT('Ctrl Pts',(8.47291163877638,3.71379740406141,23.2579001586519));
#1213=CARTESIAN_POINT('Ctrl Pts',(8.47291163877638,3.71379740406141,35.));
#1214=CARTESIAN_POINT('Ctrl Pts',(5.52898175433107,1.58789044303322,0.));
#1215=CARTESIAN_POINT('Ctrl Pts',(5.52898175433107,1.58789044303322,5.39582158645451));
#1216=CARTESIAN_POINT('Ctrl Pts',(8.58760802972899,4.1634130770834,23.2574610270841));
#1217=CARTESIAN_POINT('Ctrl Pts',(8.58760802972899,4.1634130770834,35.));
#1218=CARTESIAN_POINT('Ctrl Pts',(5.40164345499783,2.05657918112187,0.));
#1219=CARTESIAN_POINT('Ctrl Pts',(5.40164345499783,2.05657918112187,5.46469622109445));
#1220=CARTESIAN_POINT('Ctrl Pts',(8.53490460316238,4.62502382176615,23.2554030965591));
#1221=CARTESIAN_POINT('Ctrl Pts',(8.53490460316238,4.62502382176615,35.));
#1222=CARTESIAN_POINT('Ctrl Pts',(5.13142879835868,2.42056859337485,0.));
#1223=CARTESIAN_POINT('Ctrl Pts',(5.13142879835868,2.42056859337485,5.57763277655271));
#1224=CARTESIAN_POINT('Ctrl Pts',(8.31208561003274,5.05345313091821,23.2525740669353));
#1225=CARTESIAN_POINT('Ctrl Pts',(8.31208561003274,5.05345313091821,35.));
#1226=CARTESIAN_POINT('Ctrl Pts',(4.78957643110397,2.64959916391395,0.));
#1227=CARTESIAN_POINT('Ctrl Pts',(4.78957643110397,2.64959916391395,5.71922720483449));
#1228=CARTESIAN_POINT('Ctrl Pts',(7.91537663729057,5.38811688840973,23.2509199304893));
#1229=CARTESIAN_POINT('Ctrl Pts',(7.91537663729057,5.38811688840973,35.));
#1230=CARTESIAN_POINT('Ctrl Pts',(4.55284617161689,2.71828236356056,0.));
#1231=CARTESIAN_POINT('Ctrl Pts',(4.55284617161689,2.71828236356056,5.82045820058504));
#1232=CARTESIAN_POINT('Ctrl Pts',(7.53438853813957,5.50000000000001,23.255541712216));
#1233=CARTESIAN_POINT('Ctrl Pts',(7.53438853813957,5.50000000000001,35.));
#1234=CARTESIAN_POINT('Ctrl Pts',(4.43829031172954,2.73573733394634,0.));
#1235=CARTESIAN_POINT('Ctrl Pts',(4.43829031172954,2.73573733394634,5.87107369846031));
#1236=CARTESIAN_POINT('Ctrl Pts',(7.31249999999993,5.50000000000001,23.2578526030794));
#1237=CARTESIAN_POINT('Ctrl Pts',(7.31249999999993,5.50000000000001,35.));
#1238=CARTESIAN_POINT('',(7.20224046031055,3.00487236240316,35.));
#1239=CARTESIAN_POINT('Origin',(7.31249999999993,4.25,35.));
#1240=CARTESIAN_POINT('',(-7.26915514259757,-0.113736311825762,35.));
#1241=CARTESIAN_POINT('Origin',(4.9970496665231,-21.8976803895336,35.));
#1242=CARTESIAN_POINT('',(-7.26915514171067,-0.113736311326352,35.));
#1243=CARTESIAN_POINT('Ctrl Pts',(7.31249999999993,5.5,35.));
#1244=CARTESIAN_POINT('Ctrl Pts',(7.31249999999993,5.5,45.0297285306537));
#1245=CARTESIAN_POINT('Ctrl Pts',(7.06248713439068,4.37494210475841,55.0152490911575));
#1246=CARTESIAN_POINT('Ctrl Pts',(6.81248070183435,3.24991315825489,65.0007707891717));
#1247=CARTESIAN_POINT('Ctrl Pts',(5.91407164169352,5.5,35.));
#1248=CARTESIAN_POINT('Ctrl Pts',(5.91407164169352,5.5,45.0510535174152));
#1249=CARTESIAN_POINT('Ctrl Pts',(5.75518762602384,4.37494210475841,55.025910761472));
#1250=CARTESIAN_POINT('Ctrl Pts',(5.59630769858089,3.24991315825489,65.0007699661266));
#1251=CARTESIAN_POINT('Ctrl Pts',(3.10987833684244,5.27892567368559,35.));
#1252=CARTESIAN_POINT('Ctrl Pts',(3.10987833684244,5.27892567368559,45.0937034909384));
#1253=CARTESIAN_POINT('Ctrl Pts',(3.14010712817577,4.18564982070658,55.0472341021012));
#1254=CARTESIAN_POINT('Ctrl Pts',(3.17033514169547,3.09240209868548,65.0007683200366));
#1255=CARTESIAN_POINT('Ctrl Pts',(-0.997760810812317,4.28655237715878,35.));
#1256=CARTESIAN_POINT('Ctrl Pts',(-0.997760810812317,4.28655237715878,44.8960695904214));
#1257=CARTESIAN_POINT('Ctrl Pts',(-0.700204307934999,3.33894530150922,54.9484247797861));
#1258=CARTESIAN_POINT('Ctrl Pts',(-0.402655461450567,2.39136260863066,65.0007759477836));
#1259=CARTESIAN_POINT('Ctrl Pts',(-4.88894465325203,2.66284772195536,35.));
#1260=CARTESIAN_POINT('Ctrl Pts',(-4.88894465325203,2.66284772195536,44.1785508062179));
#1261=CARTESIAN_POINT('Ctrl Pts',(-4.37612579846412,1.94850926556572,54.589693081277));
#1262=CARTESIAN_POINT('Ctrl Pts',(-3.86332013896044,1.23418918973851,65.0008036406637));
#1263=CARTESIAN_POINT('Ctrl Pts',(-7.26672201681123,1.19525690445691,35.));
#1264=CARTESIAN_POINT('Ctrl Pts',(-7.26672201681123,1.19525690445691,43.1811559447263));
#1265=CARTESIAN_POINT('Ctrl Pts',(-6.6655926179762,0.680149209534647,54.0910341463135));
#1266=CARTESIAN_POINT('Ctrl Pts',(-6.06447868673408,0.165054768790503,65.0008421354555));
#1267=CARTESIAN_POINT('Ctrl Pts',(-8.81331334032803,0.0657205531357635,
35.));
#1268=CARTESIAN_POINT('Ctrl Pts',(-8.81331334032803,0.0657205531357635,
42.2533409827213));
#1269=CARTESIAN_POINT('Ctrl Pts',(-8.17532909478172,-0.304035590260589,
53.6271624755646));
#1270=CARTESIAN_POINT('Ctrl Pts',(-7.53736126513623,-0.673782219503233,
65.0008779447876));
#1271=CARTESIAN_POINT('Ctrl Pts',(-9.65652141524319,-0.55010740209836,35.));
#1272=CARTESIAN_POINT('Ctrl Pts',(-9.65652141524319,-0.55010740209836,41.6905825986588));
#1273=CARTESIAN_POINT('Ctrl Pts',(-9.00846928488478,-0.846327082655348,
53.3458050039422));
#1274=CARTESIAN_POINT('Ctrl Pts',(-8.3604338294828,-1.14253914121708,65.0008996646376));
#1275=CARTESIAN_POINT('Ctrl Pts',(-10.9022951800789,-1.45994488243828,35.));
#1276=CARTESIAN_POINT('Ctrl Pts',(-10.9022951800789,-1.45994488243828,40.8620785784157));
#1277=CARTESIAN_POINT('Ctrl Pts',(-10.2582554505897,-1.65827681751828,52.9315849710363));
#1278=CARTESIAN_POINT('Ctrl Pts',(-9.61423229281428,-1.85660364934159,65.0009316410305));
#1279=CARTESIAN_POINT('Ctrl Pts',(-12.1409061624108,-2.36455110155772,35.));
#1280=CARTESIAN_POINT('Ctrl Pts',(-12.1409061624108,-2.36455110155772,40.2158047732602));
#1281=CARTESIAN_POINT('Ctrl Pts',(-11.5083808834827,-2.46984387275859,52.6084730122563));
#1282=CARTESIAN_POINT('Ctrl Pts',(-10.8758718799914,-2.57513393468301,65.0009565841864));
#1283=CARTESIAN_POINT('Ctrl Pts',(-12.9693691948586,-2.96961017349647,35.));
#1284=CARTESIAN_POINT('Ctrl Pts',(-12.9693691948586,-2.96961017349647,40.017752296694));
#1285=CARTESIAN_POINT('Ctrl Pts',(-12.3417462196743,-3.01107806218331,52.5094544180722));
#1286=CARTESIAN_POINT('Ctrl Pts',(-11.7141393937862,-3.05254488386458,65.0009642280887));
#1287=CARTESIAN_POINT('Ctrl Pts',(-13.410135800066,-3.29151932652203,35.));
#1288=CARTESIAN_POINT('Ctrl Pts',(-13.410135800066,-3.29151932652203,40.0037455852665));
#1289=CARTESIAN_POINT('Ctrl Pts',(-12.7823319736431,-3.29744208498263,52.5024516029661));
#1290=CARTESIAN_POINT('Ctrl Pts',(-12.1545443011699,-3.3033646910454,65.0009647686825));
#1291=CARTESIAN_POINT('Ctrl Pts',(-13.4448337900217,-3.34392746451783,35.));
#1292=CARTESIAN_POINT('Ctrl Pts',(-13.4448337900217,-3.34392746451783,40.0027900119032));
#1293=CARTESIAN_POINT('Ctrl Pts',(-12.818394493935,-3.34642418645715,52.5019738531662));
#1294=CARTESIAN_POINT('Ctrl Pts',(-12.1919713166872,-3.34892084415361,65.0009648055632));
#1295=CARTESIAN_POINT('Ctrl Pts',(-13.4332861142111,-3.43770050601482,35.0000000000001));
#1296=CARTESIAN_POINT('Ctrl Pts',(-13.4332861142111,-3.43770050601482,40.0025968355111));
#1297=CARTESIAN_POINT('Ctrl Pts',(-12.8103625480797,-3.4375918547836,52.501877272426));
#1298=CARTESIAN_POINT('Ctrl Pts',(-12.1874550103244,-3.43748320634807,65.0009648130188));
#1299=CARTESIAN_POINT('Ctrl Pts',(-13.3624290685934,-3.50191459391851,35.));
#1300=CARTESIAN_POINT('Ctrl Pts',(-13.3624290685934,-3.50191459391851,40.0032428480372));
#1301=CARTESIAN_POINT('Ctrl Pts',(-12.7439754497567,-3.50063988350586,52.5022002537553));
#1302=CARTESIAN_POINT('Ctrl Pts',(-12.1255377442805,-3.49936520589264,65.0009647880859));
#1303=CARTESIAN_POINT('Ctrl Pts',(-13.2978474378327,-3.50285637914766,35.));
#1304=CARTESIAN_POINT('Ctrl Pts',(-13.2978474378327,-3.50285637914766,40.0039507424369));
#1305=CARTESIAN_POINT('Ctrl Pts',(-12.683064257999,-3.50288901527977,52.502554173633));
#1306=CARTESIAN_POINT('Ctrl Pts',(-12.0682968970821,-3.50292165057212,65.0009647607644));
#1307=CARTESIAN_POINT('Ctrl Pts',(-13.2691390574404,-3.49223834121077,35.));
#1308=CARTESIAN_POINT('Ctrl Pts',(-13.2691390574404,-3.49223834121077,40.0043047097427));
#1309=CARTESIAN_POINT('Ctrl Pts',(-12.6559427888986,-3.49376737097662,52.5027311436241));
#1310=CARTESIAN_POINT('Ctrl Pts',(-12.042762298441,-3.49529636139918,65.0009647471029));
#1311=CARTESIAN_POINT('',(-12.0428239364306,-3.49530051453111,65.));
#1312=CARTESIAN_POINT('Ctrl Pts',(-13.2691551417107,-3.49224428881558,35.));
#1313=CARTESIAN_POINT('Ctrl Pts',(-13.2691551417107,-3.49224428881558,40.0041757495493));
#1314=CARTESIAN_POINT('Ctrl Pts',(-12.6559895390706,-3.49377240167334,52.5020878747746));
#1315=CARTESIAN_POINT('Ctrl Pts',(-12.0428239364306,-3.49530051453111,65.));
#1316=CARTESIAN_POINT('',(-12.1306636538107,-3.28973595840772,65.));
#1317=CARTESIAN_POINT('Origin',(-12.0750000000001,-3.3875,65.));
#1318=CARTESIAN_POINT('',(-7.13067544931762,-0.442107026582321,65.));
#1319=CARTESIAN_POINT('',(-12.1306754483345,-3.28974267570785,65.));
#1320=CARTESIAN_POINT('',(6.81249999839828,3.25000000000013,64.9999999999988));
#1321=CARTESIAN_POINT('Origin',(6.81249999999993,-24.9241285407387,65.));
#1322=CARTESIAN_POINT('Ctrl Pts',(6.81250000000002,3.2500000000004,64.9999999999964));
#1323=CARTESIAN_POINT('Ctrl Pts',(7.06249999999999,4.37500000000027,55.0147352317366));
#1324=CARTESIAN_POINT('Ctrl Pts',(7.31249999999993,5.50000000000001,45.0294704634768));
#1325=CARTESIAN_POINT('Ctrl Pts',(7.31249999999993,5.50000000000001,35.));
#1326=CARTESIAN_POINT('Ctrl Pts',(-13.2707459233461,-3.49314003355653,35.));
#1327=CARTESIAN_POINT('Ctrl Pts',(-13.2707459233461,-3.49314003355653,40.0057396398326));
#1328=CARTESIAN_POINT('Ctrl Pts',(-12.657168786493,-3.4946301932985,52.5127580473104));
#1329=CARTESIAN_POINT('Ctrl Pts',(-12.0438613267116,-3.49611969809117,65.0164795214913));
#1330=CARTESIAN_POINT('Ctrl Pts',(-12.7287522060437,-3.18795168394731,35.));
#1331=CARTESIAN_POINT('Ctrl Pts',(-12.7287522060437,-3.18795168394731,40.2222504287037));
#1332=CARTESIAN_POINT('Ctrl Pts',(-12.0717566440391,-3.20285186734348,52.6208707017577));
#1333=CARTESIAN_POINT('Ctrl Pts',(-11.4150498422062,-3.21774550186815,65.0163368442395));
#1334=CARTESIAN_POINT('Ctrl Pts',(-11.740600709439,-2.63153873157283,35.));
#1335=CARTESIAN_POINT('Ctrl Pts',(-11.740600709439,-2.63153873157283,40.6550599561584));
#1336=CARTESIAN_POINT('Ctrl Pts',(-10.9061887979837,-2.62738288758172,52.8369901253078));
#1337=CARTESIAN_POINT('Ctrl Pts',(-10.0721436240542,-2.62322887015124,65.0160516294738));
#1338=CARTESIAN_POINT('Ctrl Pts',(-10.3422794973962,-1.84416550324301,35.));
#1339=CARTESIAN_POINT('Ctrl Pts',(-10.3422794973962,-1.84416550324301,41.3048060568923));
#1340=CARTESIAN_POINT('Ctrl Pts',(-9.12599465208571,-1.75512389004419,53.1614348148005));
#1341=CARTESIAN_POINT('Ctrl Pts',(-7.91024438362934,-1.66612141207397,65.0156234568711));
#1342=CARTESIAN_POINT('Ctrl Pts',(-8.91727040529647,-1.04176473896741,35.));
#1343=CARTESIAN_POINT('Ctrl Pts',(-8.91727040529647,-1.04176473896741,41.9444942508206));
#1344=CARTESIAN_POINT('Ctrl Pts',(-7.37516978882037,-0.8942645561138,53.4808571818092));
#1345=CARTESIAN_POINT('Ctrl Pts',(-5.83374695049749,-0.746829201975301,
65.0152019122728));
#1346=CARTESIAN_POINT('Ctrl Pts',(-7.8740315623484,-0.454332946746297,35.));
#1347=CARTESIAN_POINT('Ctrl Pts',(-7.8740315623484,-0.454332946746297,42.3507003850085));
#1348=CARTESIAN_POINT('Ctrl Pts',(-6.24159833744297,-0.329651467625986,
53.6836924476581));
#1349=CARTESIAN_POINT('Ctrl Pts',(-4.60988259333264,-0.205024788031565,
65.0149342287308));
#1350=CARTESIAN_POINT('Ctrl Pts',(-6.28273582092958,0.441701279408341,35.));
#1351=CARTESIAN_POINT('Ctrl Pts',(-6.28273582092958,0.441701279408341,42.8662517549837));
#1352=CARTESIAN_POINT('Ctrl Pts',(-4.69725921921557,0.449777509085029,53.9411282429021));
#1353=CARTESIAN_POINT('Ctrl Pts',(-3.11247946010157,0.457850189128199,65.0145944883742));
#1354=CARTESIAN_POINT('Ctrl Pts',(-4.14080363421359,1.47067456867644,35.));
#1355=CARTESIAN_POINT('Ctrl Pts',(-4.14080363421359,1.47067456867644,43.4674708422195));
#1356=CARTESIAN_POINT('Ctrl Pts',(-2.72716475114125,1.27083596579413,54.2413414182562));
#1357=CARTESIAN_POINT('Ctrl Pts',(-1.31414718521336,1.07108519520872,65.0141982943207));
#1358=CARTESIAN_POINT('Ctrl Pts',(-0.486150950696734,2.59797616184566,35.));
#1359=CARTESIAN_POINT('Ctrl Pts',(-0.486150950696734,2.59797616184566,44.2217072743243));
#1360=CARTESIAN_POINT('Ctrl Pts',(0.41616186822394,2.07309640756257,54.6179623856493));
#1361=CARTESIAN_POINT('Ctrl Pts',(1.31807810607235,1.5484473464176,65.0137012642101));
#1362=CARTESIAN_POINT('Ctrl Pts',(3.40905554848106,3.15428641924974,35.));
#1363=CARTESIAN_POINT('Ctrl Pts',(3.40905554848106,3.15428641924974,44.7773603590706));
#1364=CARTESIAN_POINT('Ctrl Pts',(3.67529161394162,2.39559469615665,54.8954226002509));
#1365=CARTESIAN_POINT('Ctrl Pts',(3.94141066434698,1.63723643034219,65.0133350974456));
#1366=CARTESIAN_POINT('Ctrl Pts',(5.97079947077877,3.1139199110725,35.));
#1367=CARTESIAN_POINT('Ctrl Pts',(5.97079947077877,3.1139199110725,44.9764777376499));
#1368=CARTESIAN_POINT('Ctrl Pts',(5.84440974666836,2.27677136561866,54.9948500165798));
#1369=CARTESIAN_POINT('Ctrl Pts',(5.71807557288513,1.43999076048534,65.0132038821814));
#1370=CARTESIAN_POINT('Ctrl Pts',(7.37785152164561,2.98932151106671,35.));
#1371=CARTESIAN_POINT('Ctrl Pts',(7.37785152164561,2.98932151106671,45.0296378638248));
#1372=CARTESIAN_POINT('Ctrl Pts',(7.06564933062749,2.11542976153185,55.0213950325648));
#1373=CARTESIAN_POINT('Ctrl Pts',(6.75358435751993,1.24192210154976,65.0131688504828));
#1374=CARTESIAN_POINT('Ctrl Pts',(7.73948181860871,3.03343869512669,35.));
#1375=CARTESIAN_POINT('Ctrl Pts',(7.73948181860871,3.03343869512669,45.0407510038879));
#1376=CARTESIAN_POINT('Ctrl Pts',(7.38019914901858,2.13936274168516,55.0269442759893));
#1377=CARTESIAN_POINT('Ctrl Pts',(7.02107438997051,1.24567974908035,65.0131615270959));
#1378=CARTESIAN_POINT('Ctrl Pts',(8.20827351621197,3.32302460039355,35.));
#1379=CARTESIAN_POINT('Ctrl Pts',(8.20827351621197,3.32302460039355,45.0532312999833));
#1380=CARTESIAN_POINT('Ctrl Pts',(7.79979258108929,2.36125623357918,55.0331761960991));
#1381=CARTESIAN_POINT('Ctrl Pts',(7.3914911799418,1.39991057951165,65.0131533027743));
#1382=CARTESIAN_POINT('Ctrl Pts',(8.51149085154169,3.77826777370653,35.));
#1383=CARTESIAN_POINT('Ctrl Pts',(8.51149085154169,3.77826777370653,45.0607342300213));
#1384=CARTESIAN_POINT('Ctrl Pts',(8.0922958881643,2.73478467255091,55.0369227146295));
#1385=CARTESIAN_POINT('Ctrl Pts',(7.67328516775074,1.69176019908901,65.0131483584598));
#1386=CARTESIAN_POINT('Ctrl Pts',(8.59726680106994,4.30872730981836,35.));
#1387=CARTESIAN_POINT('Ctrl Pts',(8.59726680106994,4.30872730981836,45.0631774735631));
#1388=CARTESIAN_POINT('Ctrl Pts',(8.21168909718313,3.19028029946697,55.0381427256328));
#1389=CARTESIAN_POINT('Ctrl Pts',(7.82628086093109,2.07232486465939,65.0131467484002));
#1390=CARTESIAN_POINT('Ctrl Pts',(8.46753116173998,4.81020147395026,35.));
#1391=CARTESIAN_POINT('Ctrl Pts',(8.46753116173998,4.81020147395026,45.0603531127162));
#1392=CARTESIAN_POINT('Ctrl Pts',(8.13882699555242,3.65120098986441,55.0367324072378));
#1393=CARTESIAN_POINT('Ctrl Pts',(7.81026730016031,2.49270990522973,65.0131486096102));
#1394=CARTESIAN_POINT('Ctrl Pts',(8.16288174068911,5.20911562238773,35.));
#1395=CARTESIAN_POINT('Ctrl Pts',(8.16288174068911,5.20911562238773,45.0533025580269));
#1396=CARTESIAN_POINT('Ctrl Pts',(7.89491733034265,4.04557040244755,55.0332117781423));
#1397=CARTESIAN_POINT('Ctrl Pts',(7.62707069468692,2.88253657944343,65.0131532558164));
#1398=CARTESIAN_POINT('Ctrl Pts',(7.75157733697554,5.44922083952816,35.));
#1399=CARTESIAN_POINT('Ctrl Pts',(7.75157733697554,5.44922083952816,45.0432605140006));
#1400=CARTESIAN_POINT('Ctrl Pts',(7.51362526645932,4.31119504252627,55.0281973765903));
#1401=CARTESIAN_POINT('Ctrl Pts',(7.27577777972523,3.17366942626146,65.0131598733676));
#1402=CARTESIAN_POINT('Ctrl Pts',(7.45001567045743,5.50121730109082,35.));
#1403=CARTESIAN_POINT('Ctrl Pts',(7.45001567045743,5.50121730109082,45.036884260646));
#1404=CARTESIAN_POINT('Ctrl Pts',(7.20734921924819,4.37551384411572,55.0250134536126));
#1405=CARTESIAN_POINT('Ctrl Pts',(6.96478942386763,3.25030515201004,65.0131640752197));
#1406=CARTESIAN_POINT('Ctrl Pts',(7.30236334244044,5.4999567611417,35.));
#1407=CARTESIAN_POINT('Ctrl Pts',(7.30236334244044,5.4999567611417,45.0336571992017));
#1408=CARTESIAN_POINT('Ctrl Pts',(7.05159683471929,4.37395751854818,55.0234020504089));
#1409=CARTESIAN_POINT('Ctrl Pts',(6.80094054293262,3.24845317082664,65.0131662018031));
#1410=CARTESIAN_POINT('',(6.62470919224234,1.26779095271155,65.));
#1411=CARTESIAN_POINT('Origin',(6.81249999999993,2.25,65.));
#1412=CARTESIAN_POINT('',(-4.04282468447694,0.046837873637803,65.));
#1413=CARTESIAN_POINT('Origin',(3.2446111891791,-16.4119980021867,65.));
#1414=CARTESIAN_POINT('',(-4.04282393643057,0.0468382048490551,65.));
#1415=CARTESIAN_POINT('Ctrl Pts',(-4.20973322057328,-0.0242295030794176,
64.9302462333175));
#1416=CARTESIAN_POINT('Ctrl Pts',(-4.15377745642774,-0.140014800261675,
67.5631236794927));
#1417=CARTESIAN_POINT('Ctrl Pts',(-3.96735198876425,-0.593563824361778,
70.0879876640566));
#1418=CARTESIAN_POINT('Ctrl Pts',(-2.74599000830541,-0.846668587826526,
78.1866575228677));
#1419=CARTESIAN_POINT('Ctrl Pts',(-1.70879750798897,-1.31457507432393,84.8934403548446));
#1420=CARTESIAN_POINT('Ctrl Pts',(-0.671600807581155,-1.78247666194707,
91.6002549305793));
#1421=CARTESIAN_POINT('Ctrl Pts',(-4.16979461524326,-0.00596944073825323,
64.9299070719798));
#1422=CARTESIAN_POINT('Ctrl Pts',(-4.11242725221028,-0.127418889696254,
67.5754451008416));
#1423=CARTESIAN_POINT('Ctrl Pts',(-4.02402829666652,-0.360391330511054,
70.1262470219094));
#1424=CARTESIAN_POINT('Ctrl Pts',(-2.7108462401651,-0.833716899320661,78.1995881286246));
#1425=CARTESIAN_POINT('Ctrl Pts',(-1.6764926832905,-1.30434899575298,84.899905750242));
#1426=CARTESIAN_POINT('Ctrl Pts',(-0.642132767503754,-1.77498115357421,
91.6002546848159));
#1427=CARTESIAN_POINT('Ctrl Pts',(-4.12970450153498,0.0121737016695625,
64.9295668916054));
#1428=CARTESIAN_POINT('Ctrl Pts',(-4.07200171461172,-0.112502529340262,
67.5878730434353));
#1429=CARTESIAN_POINT('Ctrl Pts',(-4.03143203291311,-0.23897094757778,70.1581002080357));
#1430=CARTESIAN_POINT('Ctrl Pts',(-2.67566406737967,-0.820814576643504,
78.2124893270955));
#1431=CARTESIAN_POINT('Ctrl Pts',(-1.64420448522714,-1.29418088803401,84.9063563693997));
#1432=CARTESIAN_POINT('Ctrl Pts',(-0.612737506937134,-1.76754967334217,
91.6002544396141));
#1433=CARTESIAN_POINT('Ctrl Pts',(-4.08946774066871,0.0302089159280149,
64.92922622415));
#1434=CARTESIAN_POINT('Ctrl Pts',(-4.03215110440031,-0.0960619954076968,
67.6003649709358));
#1435=CARTESIAN_POINT('Ctrl Pts',(-4.00593717355105,-0.192108253163672,
70.1856650528554));
#1436=CARTESIAN_POINT('Ctrl Pts',(-2.6404417228369,-0.807964969521264,78.2253636340238));
#1437=CARTESIAN_POINT('Ctrl Pts',(-1.61193147257743,-1.28407163007644,84.9127934946344));
#1438=CARTESIAN_POINT('Ctrl Pts',(-0.58341353706988,-1.76018147776248,91.6002541949253));
#1439=CARTESIAN_POINT('Ctrl Pts',(-4.04195659258656,0.0513135708223522,
64.9288254321416));
#1440=CARTESIAN_POINT('Ctrl Pts',(-3.98552611709751,-0.0758608236806307,
67.6150887779177));
#1441=CARTESIAN_POINT('Ctrl Pts',(-3.95649523055634,-0.180930778289075,
70.2155451788523));
#1442=CARTESIAN_POINT('Ctrl Pts',(-2.59894823012206,-0.792911505373737,
78.2404834456686));
#1443=CARTESIAN_POINT('Ctrl Pts',(-1.57397380237131,-1.27224690636313,84.9203533388789));
#1444=CARTESIAN_POINT('Ctrl Pts',(-0.548991790007563,-1.75158533245102,
91.6002539075596));
#1445=CARTESIAN_POINT('Ctrl Pts',(-3.9942561632052,0.0722937558693567,64.928425438713));
#1446=CARTESIAN_POINT('Ctrl Pts',(-3.93872897975377,-0.0557542641769281,
67.6297833904629));
#1447=CARTESIAN_POINT('Ctrl Pts',(-3.90684501375109,-0.169987007874211,
70.2453523687272));
#1448=CARTESIAN_POINT('Ctrl Pts',(-2.55739445021601,-0.777940292951232,
78.2555729907662));
#1449=CARTESIAN_POINT('Ctrl Pts',(-1.53603333839596,-1.26050612345632,84.9278980498235));
#1450=CARTESIAN_POINT('Ctrl Pts',(-0.514664744205662,-1.74307481353496,
91.6002536207691));
#1451=CARTESIAN_POINT('Ctrl Pts',(-3.98709076015806,0.0754405038575578,
64.928365400278));
#1452=CARTESIAN_POINT('Ctrl Pts',(-3.93170343988224,-0.0527292317983307,
67.6319892841806));
#1453=CARTESIAN_POINT('Ctrl Pts',(-3.89920713133565,-0.168755669009659,
70.2498025867207));
#1454=CARTESIAN_POINT('Ctrl Pts',(-2.551154774048,-0.775694578794201,78.257837660557));
#1455=CARTESIAN_POINT('Ctrl Pts',(-1.53033785796102,-1.2587454201606,84.9290303752075));
#1456=CARTESIAN_POINT('Ctrl Pts',(-0.509513478980513,-1.74179908690516,
91.600253577727));
#1457=CARTESIAN_POINT('Ctrl Pts',(-3.93690453497489,0.0974512291189149,
64.927945436025));
#1458=CARTESIAN_POINT('Ctrl Pts',(-3.88239006352529,-0.0318128051296748,
67.6474123111334));
#1459=CARTESIAN_POINT('Ctrl Pts',(-3.85074760277381,-0.148743973396753,
70.2815911918731));
#1460=CARTESIAN_POINT('Ctrl Pts',(-2.50746731580278,-0.759988009524797,
78.2736857571145));
#1461=CARTESIAN_POINT('Ctrl Pts',(-1.49047210491013,-1.2464338090058,84.9369543642929));
#1462=CARTESIAN_POINT('Ctrl Pts',(-0.473469452797849,-1.7328824546222,91.6002532765194));
#1463=CARTESIAN_POINT('Ctrl Pts',(-3.828915357193,0.144319952540213,64.9270472928838));
#1464=CARTESIAN_POINT('Ctrl Pts',(-3.77630762777027,0.0127699308117116,
67.6803962689711));
#1465=CARTESIAN_POINT('Ctrl Pts',(-3.74653064158432,-0.106027576256398,
70.3495754714094));
#1466=CARTESIAN_POINT('Ctrl Pts',(-2.41370644483695,-0.726530066628734,
78.3075787890405));
#1467=CARTESIAN_POINT('Ctrl Pts',(-1.40508386315718,-1.22025198223667,84.9539007536708));
#1468=CARTESIAN_POINT('Ctrl Pts',(-0.396453887772911,-1.71397678918908,
91.6002526323511));
#1469=CARTESIAN_POINT('Ctrl Pts',(-3.72729298798478,0.187499512424838,64.9262119087783));
#1470=CARTESIAN_POINT('Ctrl Pts',(-3.67652680739757,0.0539141172478869,
67.7110754135734));
#1471=CARTESIAN_POINT('Ctrl Pts',(-3.64855160994579,-0.0665019616034813,
70.4128103813837));
#1472=CARTESIAN_POINT('Ctrl Pts',(-2.3259176190324,-0.695690285552558,78.3391035087329));
#1473=CARTESIAN_POINT('Ctrl Pts',(-1.32545108539822,-1.19619511737569,84.9696629957896));
#1474=CARTESIAN_POINT('Ctrl Pts',(-0.324977204450263,-1.6967028839411,91.6002520331948));
#1475=CARTESIAN_POINT('Ctrl Pts',(-3.62484490146794,0.230091474826356,64.925378380087));
#1476=CARTESIAN_POINT('Ctrl Pts',(-3.57596834310119,0.0945413649773445,
67.7416864061055));
#1477=CARTESIAN_POINT('Ctrl Pts',(-3.54984148780013,-0.0273965913513682,
70.4759060398375));
#1478=CARTESIAN_POINT('Ctrl Pts',(-2.23783177090252,-0.665275855327886,
78.3705582235546));
#1479=CARTESIAN_POINT('Ctrl Pts',(-1.24586153902835,-1.17253141485552,84.9853902357479));
#1480=CARTESIAN_POINT('Ctrl Pts',(-0.253884008370661,-1.67978995337381,
91.600251435369));
#1481=CARTESIAN_POINT('Ctrl Pts',(-3.40356359587993,0.320052756523074,64.9235940214274));
#1482=CARTESIAN_POINT('Ctrl Pts',(-3.35880959848987,0.180384997042906,67.8072162042322));
#1483=CARTESIAN_POINT('Ctrl Pts',(-3.33671137884336,0.0553317056461639,
70.610979274408));
#1484=CARTESIAN_POINT('Ctrl Pts',(-2.0484046273662,-0.601094117656136,78.4378942560983));
#1485=CARTESIAN_POINT('Ctrl Pts',(-1.07536608292518,-1.12269574216921,85.0190580006142));
#1486=CARTESIAN_POINT('Ctrl Pts',(-0.10232034851377,-1.64430044146918,91.6002501555857));
#1487=CARTESIAN_POINT('Ctrl Pts',(-3.22415663610036,0.390191969153806,64.9221672424419));
#1488=CARTESIAN_POINT('Ctrl Pts',(-3.18277806189893,0.247310582758718,67.8596140046932));
#1489=CARTESIAN_POINT('Ctrl Pts',(-3.16397171209572,0.119921471540768,70.7189879474008));
#1490=CARTESIAN_POINT('Ctrl Pts',(-1.8959157106175,-0.551172242360631,78.4917364051157));
#1491=CARTESIAN_POINT('Ctrl Pts',(-0.939013890865866,-1.08404698321917,
85.0459788741391));
#1492=CARTESIAN_POINT('Ctrl Pts',(0.0178950250322461,-1.61692487628566,
91.6002491322661));
#1493=CARTESIAN_POINT('Ctrl Pts',(-3.1035083946701,0.436103742605157,64.9212129471722));
#1494=CARTESIAN_POINT('Ctrl Pts',(-3.0644191738408,0.291131202834464,67.8946600400693));
#1495=CARTESIAN_POINT('Ctrl Pts',(-3.04784274832667,0.162274190169189,70.7912308363896));
#1496=CARTESIAN_POINT('Ctrl Pts',(-1.79383775328667,-0.518523002790194,
78.5277485236697));
#1497=CARTESIAN_POINT('Ctrl Pts',(-0.848118697602852,-1.05881585661367,
85.0639847990081));
#1498=CARTESIAN_POINT('Ctrl Pts',(0.0976073888146956,-1.59911191476506,
91.6002484478227));
#1499=CARTESIAN_POINT('Ctrl Pts',(-2.73849785462461,0.571213822606665,64.9183531449325));
#1500=CARTESIAN_POINT('Ctrl Pts',(-2.70610396201098,0.419489320047143,67.9996848587178));
#1501=CARTESIAN_POINT('Ctrl Pts',(-2.69601503074023,0.285807563031116,71.007730278257));
#1502=CARTESIAN_POINT('Ctrl Pts',(-1.48605958608666,-0.423148521529299,
78.6356685591275));
#1503=CARTESIAN_POINT('Ctrl Pts',(-0.575266730080648,-0.985045451062563,
85.1179444139943));
#1504=CARTESIAN_POINT('Ctrl Pts',(0.335532948593165,-1.54694573441263,91.6002463967031));
#1505=CARTESIAN_POINT('Ctrl Pts',(-2.36448018439937,0.698131780869787,64.9154377534322));
#1506=CARTESIAN_POINT('Ctrl Pts',(-2.3387616635239,0.539377339405494,68.1067510005556));
#1507=CARTESIAN_POINT('Ctrl Pts',(-2.33507441524767,0.400909656820309,71.2284535342054));
#1508=CARTESIAN_POINT('Ctrl Pts',(-1.17417723999152,-0.334462225255372,
78.7456865221417));
#1509=CARTESIAN_POINT('Ctrl Pts',(-0.302063319608614,-0.916473113531076,
85.1729529851022));
#1510=CARTESIAN_POINT('Ctrl Pts',(0.570057186732368,-1.49848749934323,91.6002443057105));
#1511=CARTESIAN_POINT('Ctrl Pts',(-2.1113138983419,0.7788478107647,64.9134809342624));
#1512=CARTESIAN_POINT('Ctrl Pts',(-2.08999664653017,0.61532615990152,68.1786141809366));
#1513=CARTESIAN_POINT('Ctrl Pts',(-2.09042136286281,0.47342554420056,71.3765963301831));
#1514=CARTESIAN_POINT('Ctrl Pts',(-0.964416720103069,-0.278388153033074,
78.8195308194171));
#1515=CARTESIAN_POINT('Ctrl Pts',(-0.11966040463944,-0.873058304389686,
85.2098748581977));
#1516=CARTESIAN_POINT('Ctrl Pts',(0.72510232494167,-1.46773203954757,91.6002429022316));
#1517=CARTESIAN_POINT('Ctrl Pts',(-1.34106145329657,1.00864372831308,64.9074215996389));
#1518=CARTESIAN_POINT('Ctrl Pts',(-1.33285164649641,0.829097536510704,68.4011391947259));
#1519=CARTESIAN_POINT('Ctrl Pts',(-1.34565371854128,0.676833452724837,71.8354122667947));
#1520=CARTESIAN_POINT('Ctrl Pts',(-0.329888302458746,-0.121077774751962,
79.0481922744168));
#1521=CARTESIAN_POINT('Ctrl Pts',(0.428491270179871,-0.750470306480327,
85.3242047334585));
#1522=CARTESIAN_POINT('Ctrl Pts',(1.18687671273126,-1.37986668143205,91.6002385563102));
#1523=CARTESIAN_POINT('Ctrl Pts',(-0.541080007911939,1.19942289701751,64.9011744378544));
#1524=CARTESIAN_POINT('Ctrl Pts',(-0.545071177725775,1.00148509379425,68.6305630231531));
#1525=CARTESIAN_POINT('Ctrl Pts',(-0.568027169918025,0.834171160307592,
72.308357898155));
#1526=CARTESIAN_POINT('Ctrl Pts',(0.320112768388717,0.00525715195235768,
79.283940803625));
#1527=CARTESIAN_POINT('Ctrl Pts',(0.980088589135749,-0.649658015458251,
85.442078118375));
#1528=CARTESIAN_POINT('Ctrl Pts',(1.64006961336826,-1.30457715107283,91.6002340756925));
#1529=CARTESIAN_POINT('Ctrl Pts',(0.00321996921172484,1.30760100555688,
64.8970231943106));
#1530=CARTESIAN_POINT('Ctrl Pts',(-0.00855814441979555,1.09591990147741,
68.7830148629076));
#1531=CARTESIAN_POINT('Ctrl Pts',(-0.0378251636850313,0.917493169871634,
72.6226738586032));
#1532=CARTESIAN_POINT('Ctrl Pts',(0.75943938377372,0.0745222812256732,79.4405963251852));
#1533=CARTESIAN_POINT('Ctrl Pts',(1.34957682074651,-0.592444748460755,85.5204052950832));
#1534=CARTESIAN_POINT('Ctrl Pts',(1.93971898143723,-1.25941579207824,91.6002310983101));
#1535=CARTESIAN_POINT('Ctrl Pts',(1.66033567959029,1.57124663602375,64.884648370311));
#1536=CARTESIAN_POINT('Ctrl Pts',(1.62563018226079,1.31426038946535,69.2374735167027));
#1537=CARTESIAN_POINT('Ctrl Pts',(1.57947320717342,1.09527511444552,73.5595598312915));
#1538=CARTESIAN_POINT('Ctrl Pts',(2.09080853114431,0.235809025855467,79.9075842745712));
#1539=CARTESIAN_POINT('Ctrl Pts',(2.46260752798098,-0.451090063178529,85.7538975276899));
#1540=CARTESIAN_POINT('Ctrl Pts',(2.83440970706755,-1.13799308776475,91.6002222227743));
#1541=CARTESIAN_POINT('Ctrl Pts',(3.36180378223369,1.64577172181637,64.8737619935695));
#1542=CARTESIAN_POINT('Ctrl Pts',(3.30551938002619,1.32547962932069,69.6372736838739));
#1543=CARTESIAN_POINT('Ctrl Pts',(3.24560648309326,1.0359481212547,74.3833885172101));
#1544=CARTESIAN_POINT('Ctrl Pts',(3.44877611588349,0.248413009163507,80.3183989281528));
#1545=CARTESIAN_POINT('Ctrl Pts',(3.58697416472026,-0.404344674842175,85.959303317835));
#1546=CARTESIAN_POINT('Ctrl Pts',(3.72517369529111,-1.05710543257385,91.6002144148639));
#1547=CARTESIAN_POINT('Ctrl Pts',(4.49066541287909,1.60547920709493,64.8673951137145));
#1548=CARTESIAN_POINT('Ctrl Pts',(4.42106317707064,1.23682298079622,69.8711009555001));
#1549=CARTESIAN_POINT('Ctrl Pts',(4.3520829931096,0.88739517855284,74.8647539971008));
#1550=CARTESIAN_POINT('Ctrl Pts',(4.35429304086682,0.189584342583933,80.5586585109182));
#1551=CARTESIAN_POINT('Ctrl Pts',(4.33971318163074,-0.415071866632948,86.0794322055136));
#1552=CARTESIAN_POINT('Ctrl Pts',(4.3251337053027,-1.01973020032797,91.6002098485096));
#1553=CARTESIAN_POINT('Ctrl Pts',(5.58521016485628,1.47810778303373,64.8621482210048));
#1554=CARTESIAN_POINT('Ctrl Pts',(5.50381726094764,1.05664037201173,70.0638002872231));
#1555=CARTESIAN_POINT('Ctrl Pts',(5.42503509478201,0.640949985011728,75.2610470598031));
#1556=CARTESIAN_POINT('Ctrl Pts',(5.24567398445129,0.0666686573786562,80.7566502865462));
#1557=CARTESIAN_POINT('Ctrl Pts',(5.09175585569388,-0.466675340905798,86.1784273441847));
#1558=CARTESIAN_POINT('Ctrl Pts',(4.93783714668648,-1.00002027280328,91.6002060854941));
#1559=CARTESIAN_POINT('Ctrl Pts',(6.62850811056119,1.28017110548972,64.8582454072104));
#1560=CARTESIAN_POINT('Ctrl Pts',(6.53726426980821,0.803133391074883,70.2071403884772));
#1561=CARTESIAN_POINT('Ctrl Pts',(6.44869053870739,0.318966025456364,75.5554560651989));
#1562=CARTESIAN_POINT('Ctrl Pts',(6.11811673592629,-0.109418680771492,80.90391933143));
#1563=CARTESIAN_POINT('Ctrl Pts',(5.8469785144447,-0.554717996320567,86.2520613053066));
#1564=CARTESIAN_POINT('Ctrl Pts',(5.57583893748266,-1.00001692611491,91.6002032865108));
#1565=CARTESIAN_POINT('Ctrl Pts',(6.62989676763515,1.27991019846135,64.8582402146082));
#1566=CARTESIAN_POINT('Ctrl Pts',(6.53863981787264,0.802798510061308,70.2073310991299));
#1567=CARTESIAN_POINT('Ctrl Pts',(6.45005305223884,0.318540000908019,75.5558477686002));
#1568=CARTESIAN_POINT('Ctrl Pts',(6.11927809530342,-0.109651044278565,80.9041152694316));
#1569=CARTESIAN_POINT('Ctrl Pts',(5.84798393470044,-0.554833568672469,86.2521592735606));
#1570=CARTESIAN_POINT('Ctrl Pts',(5.57668841758585,-1.00001570555855,91.6002032827868));
#1571=CARTESIAN_POINT('Ctrl Pts',(6.63122876897617,1.2796637664126,64.8582351700378));
#1572=CARTESIAN_POINT('Ctrl Pts',(6.54209341785987,0.802030550142728,70.2075165405828));
#1573=CARTESIAN_POINT('Ctrl Pts',(6.45569130060828,0.31704017313885,75.5562125773883));
#1574=CARTESIAN_POINT('Ctrl Pts',(6.12257474844532,-0.110332766978536,80.9043054569621));
#1575=CARTESIAN_POINT('Ctrl Pts',(5.85005711344748,-0.555173212053411,86.2522543664253));
#1576=CARTESIAN_POINT('Ctrl Pts',(5.57753809643829,-1.00001325876421,91.6002032791721));
#1577=CARTESIAN_POINT('Ctrl Pts',(6.63670670819995,1.27865279940778,64.8582143981974));
#1578=CARTESIAN_POINT('Ctrl Pts',(6.55038976440014,0.800265373541441,70.2082795244006));
#1579=CARTESIAN_POINT('Ctrl Pts',(6.46691181271416,0.314339241019847,75.5577711828275));
#1580=CARTESIAN_POINT('Ctrl Pts',(6.13009257943671,-0.111706480213467,80.9050891759387));
#1581=CARTESIAN_POINT('Ctrl Pts',(5.8555159329008,-0.555852756678742,86.2526462228335));
#1582=CARTESIAN_POINT('Ctrl Pts',(5.5809378668682,-0.999998620342619,91.6002032642768));
#1583=CARTESIAN_POINT('Ctrl Pts',(6.64218220899778,1.27767603868735,64.8581932990238));
#1584=CARTESIAN_POINT('Ctrl Pts',(6.55872730209301,0.798784468258098,70.2090542757593));
#1585=CARTESIAN_POINT('Ctrl Pts',(6.47825706379388,0.3124456932955,75.5593783642455));
#1586=CARTESIAN_POINT('Ctrl Pts',(6.13765557088053,-0.11279214728919,80.9058854965186));
#1587=CARTESIAN_POINT('Ctrl Pts',(5.86099920720964,-0.55637851041067,86.2530443802621));
#1588=CARTESIAN_POINT('Ctrl Pts',(5.58434138521407,-0.999964455075676,91.600203249142));
#1589=CARTESIAN_POINT('Ctrl Pts',(6.64628750035904,1.27696336217355,64.8581773552069));
#1590=CARTESIAN_POINT('Ctrl Pts',(6.56499808119004,0.797807238562023,70.2096395980448));
#1591=CARTESIAN_POINT('Ctrl Pts',(6.48682194752791,0.311409556555839,75.560604754136));
#1592=CARTESIAN_POINT('Ctrl Pts',(6.14334747946148,-0.113471836644483,80.9064873693306));
#1593=CARTESIAN_POINT('Ctrl Pts',(5.86512251586852,-0.556700030261942,86.2533453146383));
#1594=CARTESIAN_POINT('Ctrl Pts',(5.58689606420344,-0.999927805462276,91.6002032377029));
#1595=CARTESIAN_POINT('Ctrl Pts',(6.65586348879955,1.27534839304298,64.8581400252209));
#1596=CARTESIAN_POINT('Ctrl Pts',(6.57965809082622,0.795776692769013,70.2110097793906));
#1597=CARTESIAN_POINT('Ctrl Pts',(6.50690403627296,0.309724324103221,75.563500592434));
#1598=CARTESIAN_POINT('Ctrl Pts',(6.15666109647058,-0.114807889186736,80.9078968173805));
#1599=CARTESIAN_POINT('Ctrl Pts',(5.87476211859432,-0.557312383649097,86.2540500341825));
#1600=CARTESIAN_POINT('Ctrl Pts',(5.59286158207406,-0.999816468235837,91.6002032109149));
#1601=CARTESIAN_POINT('Ctrl Pts',(6.66543262894804,1.27384884403501,64.8581027493507));
#1602=CARTESIAN_POINT('Ctrl Pts',(6.59435370205361,0.794184654352113,70.2123774444019));
#1603=CARTESIAN_POINT('Ctrl Pts',(6.52713588308667,0.309366253061526,75.5664419653683));
#1604=CARTESIAN_POINT('Ctrl Pts',(6.17001930136108,-0.115710404226644,80.9093047427679));
#1605=CARTESIAN_POINT('Ctrl Pts',(5.88442919425608,-0.557677727529829,86.2547539929553));
#1606=CARTESIAN_POINT('Ctrl Pts',(5.59883745592701,-0.999644665625028,91.600203184156));
#1607=CARTESIAN_POINT('Ctrl Pts',(6.67089790770503,1.27302776150327,64.8580813024462));
#1608=CARTESIAN_POINT('Ctrl Pts',(6.6027737835213,0.793481468007483,70.2131642073165));
#1609=CARTESIAN_POINT('Ctrl Pts',(6.53876180347472,0.30968855010617,75.5681466581132));
#1610=CARTESIAN_POINT('Ctrl Pts',(6.17767828783232,-0.116020126595525,80.9101149307492));
#1611=CARTESIAN_POINT('Ctrl Pts',(5.88996770935289,-0.557773575070252,86.2551590848275));
#1612=CARTESIAN_POINT('Ctrl Pts',(5.60225545753912,-0.999526657628661,91.6002031687576));
#1613=CARTESIAN_POINT('Ctrl Pts',(6.68729152564553,1.2707074572764,64.8580198392292));
#1614=CARTESIAN_POINT('Ctrl Pts',(6.62784545151578,0.790668824754134,70.2154185184056));
#1615=CARTESIAN_POINT('Ctrl Pts',(6.57328602916675,0.309399408501386,75.5730713296834));
#1616=CARTESIAN_POINT('Ctrl Pts',(6.20046871746572,-0.117692489528809,80.9124372045373));
#1617=CARTESIAN_POINT('Ctrl Pts',(5.90649456579314,-0.558402817936724,86.2563202160875));
#1618=CARTESIAN_POINT('Ctrl Pts',(5.61251861603282,-0.999112835764195,91.6002031246205));
#1619=CARTESIAN_POINT('Ctrl Pts',(6.70366161924905,1.26873721504648,64.8579598183761));
#1620=CARTESIAN_POINT('Ctrl Pts',(6.65288396401513,0.788586431751359,70.2176192763452));
#1621=CARTESIAN_POINT('Ctrl Pts',(6.6077874040529,0.31086022790313,75.5779415149432));
#1622=CARTESIAN_POINT('Ctrl Pts',(6.22324588323604,-0.118682778633018,80.914705620627));
#1623=CARTESIAN_POINT('Ctrl Pts',(5.92302775467941,-0.558600961287655,86.2574544193102));
#1624=CARTESIAN_POINT('Ctrl Pts',(5.62280770305336,-0.99851890732835,91.600203081507));
#1625=CARTESIAN_POINT('Ctrl Pts',(6.71456271758481,1.26757815082674,64.857920420867));
#1626=CARTESIAN_POINT('Ctrl Pts',(6.66955065029497,0.787510084355174,70.2190631352326));
#1627=CARTESIAN_POINT('Ctrl Pts',(6.63082565863948,0.31302250549959,75.5812051019098));
#1628=CARTESIAN_POINT('Ctrl Pts',(6.2384153050932,-0.119042855947284,80.9161953015156));
#1629=CARTESIAN_POINT('Ctrl Pts',(5.93404728920129,-0.558542625094822,86.2581992573324));
#1630=CARTESIAN_POINT('Ctrl Pts',(5.62967726542599,-0.998042224696294,91.6002030531941));
#1631=CARTESIAN_POINT('Ctrl Pts',(6.74722308296789,1.26455842662578,64.8578037786809));
#1632=CARTESIAN_POINT('Ctrl Pts',(6.71947826156328,0.785356701239317,70.2233429577316));
#1633=CARTESIAN_POINT('Ctrl Pts',(6.69879495071932,0.315878790419464,75.5903923376487));
#1634=CARTESIAN_POINT('Ctrl Pts',(6.28385640414578,-0.119233457966309,80.920600750456));
#1635=CARTESIAN_POINT('Ctrl Pts',(5.96708547435237,-0.55780082224294,86.2604019693465));
#1636=CARTESIAN_POINT('Ctrl Pts',(5.65031230575961,-0.996368107726148,91.6002029694644));
#1637=CARTESIAN_POINT('Ctrl Pts',(6.77973946478405,1.26290413305762,64.8576919028974));
#1638=CARTESIAN_POINT('Ctrl Pts',(6.76903495544377,0.786049617176579,70.2274468325816));
#1639=CARTESIAN_POINT('Ctrl Pts',(6.76585585070653,0.324180507747236,75.59930354579));
#1640=CARTESIAN_POINT('Ctrl Pts',(6.32900002451355,-0.116780578388559,80.924827217916));
#1641=CARTESIAN_POINT('Ctrl Pts',(6.00000806958535,-0.555368591067766,86.2625151922352));
#1642=CARTESIAN_POINT('Ctrl Pts',(5.67101365472622,-0.99395665787229,91.6002028891363));
#1643=CARTESIAN_POINT('Ctrl Pts',(6.80133835330808,1.26239803935848,64.8576189041313));
#1644=CARTESIAN_POINT('Ctrl Pts',(6.80184209401003,0.787740432773441,70.230124214963));
#1645=CARTESIAN_POINT('Ctrl Pts',(6.8099990525899,0.331996510747431,75.6051546178821));
#1646=CARTESIAN_POINT('Ctrl Pts',(6.35889738770261,-0.11400278350944,80.9275853633263));
#1647=CARTESIAN_POINT('Ctrl Pts',(6.02186633956348,-0.553009694416187,86.2638942582726));
#1648=CARTESIAN_POINT('Ctrl Pts',(5.68483268994321,-0.992016764796981,91.6002028367151));
#1649=CARTESIAN_POINT('Ctrl Pts',(6.86585437137088,1.26263883963238,64.8574059516043));
#1650=CARTESIAN_POINT('Ctrl Pts',(6.8994399555153,0.796409356456082,70.2379332949102));
#1651=CARTESIAN_POINT('Ctrl Pts',(6.94035440799901,0.362355420078026,75.622354696459));
#1652=CARTESIAN_POINT('Ctrl Pts',(6.44786158535259,-0.102311601264767,80.9356328192258));
#1653=CARTESIAN_POINT('Ctrl Pts',(6.08708666831736,-0.543750210115403,86.267917968232));
#1654=CARTESIAN_POINT('Ctrl Pts',(5.72630874733951,-0.985189348721405,91.6002026837653));
#1655=CARTESIAN_POINT('Ctrl Pts',(6.92940659794202,1.26806508161754,64.8572019979327));
#1656=CARTESIAN_POINT('Ctrl Pts',(6.99388602305435,0.815512456645741,70.2454098446203));
#1657=CARTESIAN_POINT('Ctrl Pts',(7.06290556762187,0.411473212448172,75.6390660340358));
#1658=CARTESIAN_POINT('Ctrl Pts',(6.53394995312027,-0.0808883393427699,
80.9433427013757));
#1659=CARTESIAN_POINT('Ctrl Pts',(6.15084262798484,-0.528100574944437,86.2717728947254));
#1660=CARTESIAN_POINT('Ctrl Pts',(5.76773197665224,-0.975313840232331,91.6002025372313));
#1661=CARTESIAN_POINT('Ctrl Pts',(6.97123084573981,1.27390382700863,64.8570702056774));
#1662=CARTESIAN_POINT('Ctrl Pts',(7.05511012849084,0.83262124330322,70.2502398753744));
#1663=CARTESIAN_POINT('Ctrl Pts',(7.14024507008591,0.452241045533719,75.6499791658));
#1664=CARTESIAN_POINT('Ctrl Pts',(6.58972169863321,-0.0625030615470924,
80.948325926926));
#1665=CARTESIAN_POINT('Ctrl Pts',(6.1924758382504,-0.51492749238402,86.2742644993517));
#1666=CARTESIAN_POINT('Ctrl Pts',(5.79522648224183,-0.967353344496402,91.6002024425201));
#1667=CARTESIAN_POINT('Ctrl Pts',(7.0535780474222,1.28985966790069,64.8568041636204));
#1668=CARTESIAN_POINT('Ctrl Pts',(7.17327524562919,0.874853082892354,70.2599901872104));
#1669=CARTESIAN_POINT('Ctrl Pts',(7.28475468916911,0.546524501291047,75.6719916494874));
#1670=CARTESIAN_POINT('Ctrl Pts',(6.69721328545619,-0.0182378883696072,
80.9583851199936));
#1671=CARTESIAN_POINT('Ctrl Pts',(6.27349187259457,-0.483449253020485,86.2792940792436));
#1672=CARTESIAN_POINT('Ctrl Pts',(5.84976672368024,-0.948662888048894,91.600202251335));
#1673=CARTESIAN_POINT('Ctrl Pts',(7.1329126902966,1.31401845367947,64.8565450819423));
#1674=CARTESIAN_POINT('Ctrl Pts',(7.28171237879678,0.93224423532327,70.2694828109189));
#1675=CARTESIAN_POINT('Ctrl Pts',(7.40508652793131,0.667696381783598,75.693671583039));
#1676=CARTESIAN_POINT('Ctrl Pts',(6.79538237899702,0.0403283317478329,80.9681836846312));
#1677=CARTESIAN_POINT('Ctrl Pts',(6.34918648373467,-0.442062537339059,86.284193348063));
#1678=CARTESIAN_POINT('Ctrl Pts',(5.90298685953518,-0.924456712796877,91.6002020651034));
#1679=CARTESIAN_POINT('Ctrl Pts',(7.17172839919177,1.32805675397151,64.8564182933656));
#1680=CARTESIAN_POINT('Ctrl Pts',(7.33305804953302,0.964648302859153,70.2741280318785));
#1681=CARTESIAN_POINT('Ctrl Pts',(7.45820868122379,0.734532831094067,75.7043046389105));
#1682=CARTESIAN_POINT('Ctrl Pts',(6.84168270373949,0.0731313167091181,80.9729791202841));
#1683=CARTESIAN_POINT('Ctrl Pts',(6.38542381056341,-0.418922660800273,86.2865910595436));
#1684=CARTESIAN_POINT('Ctrl Pts',(5.92916126237168,-0.910980500473219,91.6002019739613));
#1685=CARTESIAN_POINT('Ctrl Pts',(7.22851169275934,1.35194265214002,64.8562334352635));
#1686=CARTESIAN_POINT('Ctrl Pts',(7.40605818407183,1.01756593659682,70.2809004603613));
#1687=CARTESIAN_POINT('Ctrl Pts',(7.52753889485839,0.841750835436631,75.719837386117));
#1688=CARTESIAN_POINT('Ctrl Pts',(6.90724423447182,0.126378162182675,80.9799711900822));
#1689=CARTESIAN_POINT('Ctrl Pts',(6.43742760287416,-0.381176420677605,86.2900870855208));
#1690=CARTESIAN_POINT('Ctrl Pts',(5.96760753951575,-0.888735743064465,91.6002018410699));
#1691=CARTESIAN_POINT('Ctrl Pts',(7.28296341343945,1.37983363914226,64.8560590830944));
#1692=CARTESIAN_POINT('Ctrl Pts',(7.47136353149237,1.07760466031366,70.287288851958));
#1693=CARTESIAN_POINT('Ctrl Pts',(7.57784671799968,0.95962184627816,75.7344069959806));
#1694=CARTESIAN_POINT('Ctrl Pts',(6.96524773657799,0.186393472512503,80.986565042361));
#1695=CARTESIAN_POINT('Ctrl Pts',(6.48492105036249,-0.338559915278071,86.2933840023514));
#1696=CARTESIAN_POINT('Ctrl Pts',(6.00459134759284,-0.863518965258636,91.600201715747));
#1697=CARTESIAN_POINT('Ctrl Pts',(7.30084302498003,1.38956542150475,64.8560022221499));
#1698=CARTESIAN_POINT('Ctrl Pts',(7.49227194320269,1.09833585919579,70.2893724539594));
#1699=CARTESIAN_POINT('Ctrl Pts',(7.59250541450977,0.999879844937745,75.7391420989223));
#1700=CARTESIAN_POINT('Ctrl Pts',(6.98373696937285,0.207077465650624,80.9887153033438));
#1701=CARTESIAN_POINT('Ctrl Pts',(6.50024165364246,-0.323851899537134,86.294459129624));
#1702=CARTESIAN_POINT('Ctrl Pts',(6.01674348098323,-0.854787237032635,91.6002016748792));
#1703=CARTESIAN_POINT('Ctrl Pts',(7.32283949241685,1.40226072563078,64.8559328287707));
#1704=CARTESIAN_POINT('Ctrl Pts',(7.51732749750832,1.12505536883906,70.2919155767626));
#1705=CARTESIAN_POINT('Ctrl Pts',(7.60815393672708,1.0511902919143,75.7448941414297));
#1706=CARTESIAN_POINT('Ctrl Pts',(7.00578543795443,0.23368912054576,80.9913392130511));
#1707=CARTESIAN_POINT('Ctrl Pts',(6.51874272091216,-0.304887784205136,86.2957710802524));
#1708=CARTESIAN_POINT('Ctrl Pts',(6.03169737380329,-0.843471050136003,91.6002016250091));
#1709=CARTESIAN_POINT('Ctrl Pts',(7.34437741529974,1.41560291078646,64.8558656776136));
#1710=CARTESIAN_POINT('Ctrl Pts',(7.54102599605562,1.15266808586193,70.2943770285344));
#1711=CARTESIAN_POINT('Ctrl Pts',(7.62049056345193,1.10336750122509,75.750413248099));
#1712=CARTESIAN_POINT('Ctrl Pts',(7.02649748740389,0.261131060760011,80.993877846859));
#1713=CARTESIAN_POINT('Ctrl Pts',(6.53641772486476,-0.285262045581141,86.2970403925441));
#1714=CARTESIAN_POINT('Ctrl Pts',(6.04633559253499,-0.831661898959801,91.6002015767598));
#1715=CARTESIAN_POINT('Ctrl Pts',(7.34866648575234,1.41829705967072,64.8558523384595));
#1716=CARTESIAN_POINT('Ctrl Pts',(7.54571134125359,1.15822522046236,70.2948660024891));
#1717=CARTESIAN_POINT('Ctrl Pts',(7.62282578722822,1.11383394522275,75.7515075125165));
#1718=CARTESIAN_POINT('Ctrl Pts',(7.03058636474101,0.266651504775106,80.9943821087821));
#1719=CARTESIAN_POINT('Ctrl Pts',(6.53991954357481,-0.28131105538744,86.2972925225663));
#1720=CARTESIAN_POINT('Ctrl Pts',(6.04925040600089,-0.829280439593259,91.6002015671759));
#1721=CARTESIAN_POINT('Ctrl Pts',(7.3550720641842,1.42237660508634,64.8558324684301));
#1722=CARTESIAN_POINT('Ctrl Pts',(7.55265772678583,1.16661109801017,70.2955944142588));
#1723=CARTESIAN_POINT('Ctrl Pts',(7.62613078106471,1.1295748375997,75.7531342251206));
#1724=CARTESIAN_POINT('Ctrl Pts',(7.03663927023913,0.27497851930159,80.9951332237047));
#1725=CARTESIAN_POINT('Ctrl Pts',(6.54512229079428,-0.275346743604507,86.2976680785917));
#1726=CARTESIAN_POINT('Ctrl Pts',(6.05360307700029,-0.825678945751351,91.6002015529001));
#1727=CARTESIAN_POINT('Ctrl Pts',(7.36143522159815,1.42651326394401,64.8558128095751));
#1728=CARTESIAN_POINT('Ctrl Pts',(7.5594815048054,1.17506968215248,70.2963151409476));
#1729=CARTESIAN_POINT('Ctrl Pts',(7.62914005185337,1.14536914402924,75.7547383649227));
#1730=CARTESIAN_POINT('Ctrl Pts',(7.04257139553894,0.28337244999286,80.9958763006288));
#1731=CARTESIAN_POINT('Ctrl Pts',(6.55024975772828,-0.269327103151441,86.2980396155743));
#1732=CARTESIAN_POINT('Ctrl Pts',(6.05792597057912,-0.82203371016176,91.6002015387772));
#1733=CARTESIAN_POINT('Ctrl Pts',(7.36355161049822,1.42789837216189,64.8558062731753));
#1734=CARTESIAN_POINT('Ctrl Pts',(7.56173713624657,1.17790491365155,70.2965550549632));
#1735=CARTESIAN_POINT('Ctrl Pts',(7.63036037718617,1.15027497724398,75.7552455861132));
#1736=CARTESIAN_POINT('Ctrl Pts',(7.04453533577901,0.286177725519532,80.9961230936697));
#1737=CARTESIAN_POINT('Ctrl Pts',(6.55195053172925,-0.267314487096554,86.298163011312));
#1738=CARTESIAN_POINT('Ctrl Pts',(6.05936360130192,-0.820813783406624,91.6002015340867));
#1739=CARTESIAN_POINT('Ctrl Pts',(7.36777459317176,1.43068161212915,64.8557932763385));
#1740=CARTESIAN_POINT('Ctrl Pts',(7.56624243436041,1.18355989782948,70.2970310229731));
#1741=CARTESIAN_POINT('Ctrl Pts',(7.63173544090325,1.1615542333819,75.7563547055767));
#1742=CARTESIAN_POINT('Ctrl Pts',(7.04843636265431,0.291802534156542,80.9966148643519));
#1743=CARTESIAN_POINT('Ctrl Pts',(6.55533528225084,-0.263277273588789,86.2984088962156));
#1744=CARTESIAN_POINT('Ctrl Pts',(6.06223214485192,-0.818364257777144,91.6002015247401));
#1745=CARTESIAN_POINT('Ctrl Pts',(7.37197875387783,1.43348957517465,64.855780347097));
#1746=CARTESIAN_POINT('Ctrl Pts',(7.57067181724184,1.18927655945603,70.2975056286371));
#1747=CARTESIAN_POINT('Ctrl Pts',(7.63397994798319,1.17139398482868,75.7573536140427));
#1748=CARTESIAN_POINT('Ctrl Pts',(7.05228357804279,0.297455377687798,80.9971029841629));
#1749=CARTESIAN_POINT('Ctrl Pts',(6.55868636972319,-0.259216412023132,86.298652954524));
#1750=CARTESIAN_POINT('Ctrl Pts',(6.06508715227476,-0.815895437357035,91.6002015154629));
#1751=CARTESIAN_POINT('Ctrl Pts',(7.37407610242797,1.434899724875,64.8557739001029));
#1752=CARTESIAN_POINT('Ctrl Pts',(7.57286792674187,1.19214956678845,70.2977425430853));
#1753=CARTESIAN_POINT('Ctrl Pts',(7.63530059570409,1.17598170095594,75.7578274374477));
#1754=CARTESIAN_POINT('Ctrl Pts',(7.05419372433706,0.300288662533703,80.9973461245809));
#1755=CARTESIAN_POINT('Ctrl Pts',(6.56035348067466,-0.257180147909967,86.2987745236666));
#1756=CARTESIAN_POINT('Ctrl Pts',(6.06651124687041,-0.81465621581127,91.6002015108418));
#1757=CARTESIAN_POINT('Ctrl Pts',(7.38453852326214,1.4419820408546,64.8557418115919));
#1758=CARTESIAN_POINT('Ctrl Pts',(7.58379747538705,1.20652499209055,70.2989208292007));
#1759=CARTESIAN_POINT('Ctrl Pts',(7.64092777242765,1.20017927624699,75.7602706137821));
#1760=CARTESIAN_POINT('Ctrl Pts',(7.063677149325,0.314488610044044,80.9985571909905));
#1761=CARTESIAN_POINT('Ctrl Pts',(6.56864678676488,-0.246970054839997,86.2993800525075));
#1762=CARTESIAN_POINT('Ctrl Pts',(6.07361454915171,-0.808436114195006,91.6002014878244));
#1763=CARTESIAN_POINT('Ctrl Pts',(7.3948800116684,1.44921990379092,64.8557103368534));
#1764=CARTESIAN_POINT('Ctrl Pts',(7.59438214172727,1.22108198710954,70.3000767528064));
#1765=CARTESIAN_POINT('Ctrl Pts',(7.64588347854924,1.22441171315581,75.7626506250901));
#1766=CARTESIAN_POINT('Ctrl Pts',(7.07282372628495,0.3288526867125,80.9997449207362));
#1767=CARTESIAN_POINT('Ctrl Pts',(6.57672842771325,-0.23661807362534,86.2999739129171));
#1768=CARTESIAN_POINT('Ctrl Pts',(6.08063137395379,-0.802096361992135,91.6002014652505));
#1769=CARTESIAN_POINT('Ctrl Pts',(7.40307465051742,1.45510890556759,64.8556855476899));
#1770=CARTESIAN_POINT('Ctrl Pts',(7.60262210929009,1.23281690058414,70.3009872689361));
#1771=CARTESIAN_POINT('Ctrl Pts',(7.64943475299735,1.24375808862676,75.764513536292));
#1772=CARTESIAN_POINT('Ctrl Pts',(7.07991870922941,0.340421518853472,81.000680242835));
#1773=CARTESIAN_POINT('Ctrl Pts',(6.58305412847689,-0.228259824364929,86.3004415703227));
#1774=CARTESIAN_POINT('Ctrl Pts',(6.08618789089975,-0.796948799766371,91.6002014474738));
#1775=CARTESIAN_POINT('Ctrl Pts',(7.47610317004079,1.50897341933025,64.8554664306144));
#1776=CARTESIAN_POINT('Ctrl Pts',(7.67490305587385,1.33962606115076,70.3090364143708));
#1777=CARTESIAN_POINT('Ctrl Pts',(7.67735816380083,1.41845235987223,75.7808971481023));
#1778=CARTESIAN_POINT('Ctrl Pts',(7.14193379810254,0.445646141700291,81.0089468987204));
#1779=CARTESIAN_POINT('Ctrl Pts',(6.6388021794934,-0.152146004012606,86.3045748651323));
#1780=CARTESIAN_POINT('Ctrl Pts',(6.13566982449037,-0.749946702332022,91.6002012903585));
#1781=CARTESIAN_POINT('Ctrl Pts',(7.54256089434811,1.57061812959895,64.855280802487));
#1782=CARTESIAN_POINT('Ctrl Pts',(7.72865504981328,1.45216155179748,70.3158656334803));
#1783=CARTESIAN_POINT('Ctrl Pts',(7.67237625971769,1.58661940063408,75.793812971013));
#1784=CARTESIAN_POINT('Ctrl Pts',(7.18585885246934,0.555642758231042,81.0159400250295));
#1785=CARTESIAN_POINT('Ctrl Pts',(6.68307167211729,-0.0706501971408799,
86.3080713894962));
#1786=CARTESIAN_POINT('Ctrl Pts',(6.18028486289773,-0.69695238176206,91.6002011574482));
#1787=CARTESIAN_POINT('Ctrl Pts',(7.59578017375112,1.63080351030896,64.8551430094606));
#1788=CARTESIAN_POINT('Ctrl Pts',(7.76199004254023,1.55466099816454,70.3209440705129));
#1789=CARTESIAN_POINT('Ctrl Pts',(7.64356459656198,1.72834014586822,75.8025502901399));
#1790=CARTESIAN_POINT('Ctrl Pts',(7.21077642679529,0.655241127450799,81.0211221714501));
#1791=CARTESIAN_POINT('Ctrl Pts',(6.71303642744106,0.00483499469634954,
86.310662424454));
#1792=CARTESIAN_POINT('Ctrl Pts',(6.2152979094705,-0.645580778021503,91.6002010589575));
#1793=CARTESIAN_POINT('Ctrl Pts',(7.66598649314981,1.72802212494459,64.8549761773681));
#1794=CARTESIAN_POINT('Ctrl Pts',(7.79117857848221,1.70767372374066,70.3271064836902));
#1795=CARTESIAN_POINT('Ctrl Pts',(7.57264851276511,1.92204257601024,75.8118411021126));
#1796=CARTESIAN_POINT('Ctrl Pts',(7.22788032782477,0.802948624399033,81.027382944571));
#1797=CARTESIAN_POINT('Ctrl Pts',(6.74382546950714,0.119912494912467,86.3137927503738));
#1798=CARTESIAN_POINT('Ctrl Pts',(6.25977378786422,-0.563133579330981,91.6002009399672));
#1799=CARTESIAN_POINT('Ctrl Pts',(7.72076730415754,1.83378473093958,64.8548723252934));
#1800=CARTESIAN_POINT('Ctrl Pts',(7.78989517304216,1.85578747723348,70.3309706779638));
#1801=CARTESIAN_POINT('Ctrl Pts',(7.4542698195396,2.08447328508734,75.8149856195472));
#1802=CARTESIAN_POINT('Ctrl Pts',(7.2151069210032,0.944327561672728,81.0312526196003));
#1803=CARTESIAN_POINT('Ctrl Pts',(6.75305948813818,0.234900734933979,86.3157275207827));
#1804=CARTESIAN_POINT('Ctrl Pts',(6.29101713849065,-0.474535914792881,91.6002008664225));
#1805=CARTESIAN_POINT('Ctrl Pts',(7.73726458920001,1.86988629091747,64.8548451311643));
#1806=CARTESIAN_POINT('Ctrl Pts',(7.78588943582978,1.90434309707783,70.331987745009));
#1807=CARTESIAN_POINT('Ctrl Pts',(7.4098395134697,2.13453477997352,75.8153201298107));
#1808=CARTESIAN_POINT('Ctrl Pts',(7.20734205461364,0.990471100299753,81.0322607939427));
#1809=CARTESIAN_POINT('Ctrl Pts',(6.75361640206811,0.273026699684248,86.3162315849433));
#1810=CARTESIAN_POINT('Ctrl Pts',(6.29989647914866,-0.444427430420166,91.600200847262));
#1811=CARTESIAN_POINT('Ctrl Pts',(7.75925863367368,1.92515364379368,64.8548145328097));
#1812=CARTESIAN_POINT('Ctrl Pts',(7.77586544980987,1.97554757866286,70.3331417538909));
#1813=CARTESIAN_POINT('Ctrl Pts',(7.33829644029213,2.20276131873127,75.8147936066396));
#1814=CARTESIAN_POINT('Ctrl Pts',(7.19181465761355,1.05779200469897,81.0333857230824));
#1815=CARTESIAN_POINT('Ctrl Pts',(6.75132108107399,0.329610979534296,86.3167940135775));
#1816=CARTESIAN_POINT('Ctrl Pts',(6.31083420988778,-0.398579550908376,91.600200825883));
#1817=CARTESIAN_POINT('Ctrl Pts',(7.7770779310699,1.981855417563,64.8548013661084));
#1818=CARTESIAN_POINT('Ctrl Pts',(7.75819423355097,2.04368616605349,70.3336594113902));
#1819=CARTESIAN_POINT('Ctrl Pts',(7.25854807372509,2.25918552984635,75.8125892475292));
#1820=CARTESIAN_POINT('Ctrl Pts',(7.16885337061201,1.12161054801234,81.0338490867226));
#1821=CARTESIAN_POINT('Ctrl Pts',(6.74348206193814,0.384811212204811,86.3170256579323));
#1822=CARTESIAN_POINT('Ctrl Pts',(6.31811840882891,-0.351997263690393,91.6002008170776));
#1823=CARTESIAN_POINT('Ctrl Pts',(7.78254695392517,2.00090225167106,64.8547988951722));
#1824=CARTESIAN_POINT('Ctrl Pts',(7.75152128100966,2.06602004824717,70.3337618998018));
#1825=CARTESIAN_POINT('Ctrl Pts',(7.23129519661404,2.27663143888191,75.8116743401959));
#1826=CARTESIAN_POINT('Ctrl Pts',(7.16044494723592,1.14245453725801,81.0339307977268));
#1827=CARTESIAN_POINT('Ctrl Pts',(6.74028648546259,0.403029505304795,86.3170665008275));
#1828=CARTESIAN_POINT('Ctrl Pts',(6.32013599013741,-0.336404529355785,91.6002008155252));
#1829=CARTESIAN_POINT('Ctrl Pts',(7.78909869728473,2.02607575581702,64.8547981431281));
#1830=CARTESIAN_POINT('Ctrl Pts',(7.74182601795178,2.09478577768696,70.3338054099906));
#1831=CARTESIAN_POINT('Ctrl Pts',(7.19489829408905,2.29765650419491,75.8102401769979));
#1832=CARTESIAN_POINT('Ctrl Pts',(7.1485128743218,1.16919681872451,81.0339435700412));
#1833=CARTESIAN_POINT('Ctrl Pts',(6.7353725902465,0.426664980359529,86.3170728702911));
#1834=CARTESIAN_POINT('Ctrl Pts',(6.32224067050897,-0.315875659469363,91.6002008152831));
#1835=CARTESIAN_POINT('Ctrl Pts',(7.79481796183005,2.05145528246709,64.854800629037));
#1836=CARTESIAN_POINT('Ctrl Pts',(7.73101712284587,2.12276622521224,70.3337305073582));
#1837=CARTESIAN_POINT('Ctrl Pts',(7.15813853993833,2.31614758734256,75.8085140290412));
#1838=CARTESIAN_POINT('Ctrl Pts',(7.13552997722768,1.19506171018449,81.0338336616213));
#1839=CARTESIAN_POINT('Ctrl Pts',(6.72957461476696,0.449888128343315,86.3170178993222));
#1840=CARTESIAN_POINT('Ctrl Pts',(6.32362799504071,-0.295294026544204,91.6002008173726));
#1841=CARTESIAN_POINT('Ctrl Pts',(7.79613231465243,2.05750929780604,64.8548014039198));
#1842=CARTESIAN_POINT('Ctrl Pts',(7.72838250326939,2.1293825357557,70.3337059788358));
#1843=CARTESIAN_POINT('Ctrl Pts',(7.14937383523092,2.32040532426592,75.8080867470206));
#1844=CARTESIAN_POINT('Ctrl Pts',(7.13238145866342,1.20116904590934,81.0338005615655));
#1845=CARTESIAN_POINT('Ctrl Pts',(6.72814509875455,0.455393188410417,86.3170013453028));
#1846=CARTESIAN_POINT('Ctrl Pts',(6.32391757045955,-0.290391186216699,91.6002008180019));
#1847=CARTESIAN_POINT('Ctrl Pts',(7.79765246954551,2.06478714975368,64.8548025526976));
#1848=CARTESIAN_POINT('Ctrl Pts',(7.7251501547449,2.13726584990191,70.3336685338434));
#1849=CARTESIAN_POINT('Ctrl Pts',(7.13885076754976,2.32533902377592,75.8075547231584));
#1850=CARTESIAN_POINT('Ctrl Pts',(7.12853708280682,1.20843519897402,81.0337525518055));
#1851=CARTESIAN_POINT('Ctrl Pts',(6.72637212188044,0.461969077935088,86.3169773356335));
#1852=CARTESIAN_POINT('Ctrl Pts',(6.32421609764209,-0.284505491295111,91.6002008189145));
#1853=CARTESIAN_POINT('Ctrl Pts',(7.7991038886798,2.07208005056341,64.8548039633935));
#1854=CARTESIAN_POINT('Ctrl Pts',(7.72183580762829,2.14507993826194,70.333621500687));
#1855=CARTESIAN_POINT('Ctrl Pts',(7.12833334733072,2.33006057604133,75.8069999953299));
#1856=CARTESIAN_POINT('Ctrl Pts',(7.12461653584693,1.2156243870982,81.0336946279725));
#1857=CARTESIAN_POINT('Ctrl Pts',(6.72453164520928,0.468507457959047,86.3169483689326));
#1858=CARTESIAN_POINT('Ctrl Pts',(6.32445579427011,-0.278617848251293,91.6002008200156));
#1859=CARTESIAN_POINT('Ctrl Pts',(7.79934377078989,2.07329596781667,64.8548042036523));
#1860=CARTESIAN_POINT('Ctrl Pts',(7.72128943834189,2.14637892408982,70.3336135553943));
#1861=CARTESIAN_POINT('Ctrl Pts',(7.12619204924017,2.3309086803146,75.8068994167051));
#1862=CARTESIAN_POINT('Ctrl Pts',(7.12396102220377,1.21682043575638,81.0336846989668));
#1863=CARTESIAN_POINT('Ctrl Pts',(6.72422303282178,0.469596138863412,86.316943403547));
#1864=CARTESIAN_POINT('Ctrl Pts',(6.32449410911177,-0.277636524716773,91.6002008202044));
#1865=CARTESIAN_POINT('Ctrl Pts',(7.79982015210929,2.07572854903777,64.8548047072166));
#1866=CARTESIAN_POINT('Ctrl Pts',(7.72015907763677,2.14897873090637,70.3335964936337));
#1867=CARTESIAN_POINT('Ctrl Pts',(7.12346451340992,2.33232474575742,75.8067269900272));
#1868=CARTESIAN_POINT('Ctrl Pts',(7.1226457991632,1.21920822368123,81.0336642902355));
#1869=CARTESIAN_POINT('Ctrl Pts',(6.72360209296254,0.471771388118959,86.3169331977583));
#1870=CARTESIAN_POINT('Ctrl Pts',(6.32456746880914,-0.275673787121955,91.6002008205923));
#1871=CARTESIAN_POINT('Ctrl Pts',(7.80028843792,2.07816283909055,64.854805231317));
#1872=CARTESIAN_POINT('Ctrl Pts',(7.71905293649294,2.15156501263869,70.3335790072584));
#1873=CARTESIAN_POINT('Ctrl Pts',(7.11918393898439,2.33398545711778,75.8065220860217));
#1874=CARTESIAN_POINT('Ctrl Pts',(7.12132236246234,1.22158733475194,81.0336427828617));
#1875=CARTESIAN_POINT('Ctrl Pts',(6.72297375792301,0.473942383529614,86.3169224423071));
#1876=CARTESIAN_POINT('Ctrl Pts',(6.32463428701919,-0.273710886240986,91.6002008210012));
#1877=CARTESIAN_POINT('Ctrl Pts',(7.80052098354915,2.07938033391788,64.8548055067159));
#1878=CARTESIAN_POINT('Ctrl Pts',(7.71847380891457,2.15286032648368,70.3335695410753));
#1879=CARTESIAN_POINT('Ctrl Pts',(7.11816282156191,2.33461593119977,75.8064404638251));
#1880=CARTESIAN_POINT('Ctrl Pts',(7.12065857419191,1.22277471709891,81.0336317540404));
#1881=CARTESIAN_POINT('Ctrl Pts',(6.72265775035615,0.475026810588926,86.3169169272592));
#1882=CARTESIAN_POINT('Ctrl Pts',(6.32466606037353,-0.272729399420316,91.6002008212108));
#1883=CARTESIAN_POINT('Ctrl Pts',(7.80098211040312,2.08181615085444,64.8548060696863));
#1884=CARTESIAN_POINT('Ctrl Pts',(7.71732105453116,2.15544520239562,70.3335502526908));
#1885=CARTESIAN_POINT('Ctrl Pts',(7.11565750797607,2.3359499588042,75.8062677587806));
#1886=CARTESIAN_POINT('Ctrl Pts',(7.11932695519171,1.22514510476499,81.033609147668));
#1887=CARTESIAN_POINT('Ctrl Pts',(6.72202207265088,0.477193509030668,86.3169056227051));
#1888=CARTESIAN_POINT('Ctrl Pts',(6.32472633485866,-0.270766361922022,91.6002008216405));
#1889=CARTESIAN_POINT('Ctrl Pts',(7.80143556562425,2.08425356290403,64.854806661911));
#1890=CARTESIAN_POINT('Ctrl Pts',(7.71615964704347,2.15802201057234,70.3335298829725));
#1891=CARTESIAN_POINT('Ctrl Pts',(7.11315153931637,2.33726712529085,75.8060934942396));
#1892=CARTESIAN_POINT('Ctrl Pts',(7.11798730175024,1.22750670233784,81.0335854441857));
#1893=CARTESIAN_POINT('Ctrl Pts',(6.72137910490763,0.479355867317359,86.3168937696075));
#1894=CARTESIAN_POINT('Ctrl Pts',(6.32478006352384,-0.268803214558025,91.6002008220911));
#1895=CARTESIAN_POINT('Ctrl Pts',(7.80166037392985,2.08547266441493,64.8548069653321));
#1896=CARTESIAN_POINT('Ctrl Pts',(7.71557679755778,2.15930838811696,70.3335194279524));
#1897=CARTESIAN_POINT('Ctrl Pts',(7.11189841077766,2.33792148856291,75.8060059728867));
#1898=CARTESIAN_POINT('Ctrl Pts',(7.11731548431497,1.22868529366222,81.0335733183537));
#1899=CARTESIAN_POINT('Ctrl Pts',(6.72105580730271,0.480435954221636,86.3168877060161));
#1900=CARTESIAN_POINT('Ctrl Pts',(6.32480529105823,-0.267821617871651,91.6002008223216));
#1901=CARTESIAN_POINT('Ctrl Pts',(7.80366636252948,2.09644810772327,64.8548097618578));
#1902=CARTESIAN_POINT('Ctrl Pts',(7.71031199032834,2.17086746199034,70.3334229028559));
#1903=CARTESIAN_POINT('Ctrl Pts',(7.10061950967782,2.34377267165743,75.8052147870975));
#1904=CARTESIAN_POINT('Ctrl Pts',(7.11125137211883,1.23927265892867,81.0334617207244));
#1905=CARTESIAN_POINT('Ctrl Pts',(6.71812988437437,0.49014684133557,86.3168319011489));
#1906=CARTESIAN_POINT('Ctrl Pts',(6.32501760475586,-0.258987080906451,91.6002008244428));
#1907=CARTESIAN_POINT('Ctrl Pts',(7.80551666318839,2.10745505153317,64.854813149613));
#1908=CARTESIAN_POINT('Ctrl Pts',(7.70487618389325,2.18226083472287,70.33330452259));
#1909=CARTESIAN_POINT('Ctrl Pts',(7.08933379675798,2.34928098689151,75.8043922184113));
#1910=CARTESIAN_POINT('Ctrl Pts',(7.10502891378852,1.24967960842318,81.0333279519357));
#1911=CARTESIAN_POINT('Ctrl Pts',(6.71505847430244,0.499768088741307,86.3167650109341));
#1912=CARTESIAN_POINT('Ctrl Pts',(6.32509728655132,-0.250151405951073,91.6002008269855));
#1913=CARTESIAN_POINT('Ctrl Pts',(7.80703739499326,2.11726187365163,64.8548166061803));
#1914=CARTESIAN_POINT('Ctrl Pts',(7.6999279008421,2.19226421437148,70.33318283485));
#1915=CARTESIAN_POINT('Ctrl Pts',(7.07930992619346,2.35395929978861,75.803637663046));
#1916=CARTESIAN_POINT('Ctrl Pts',(7.0993914884944,1.25879534493327,81.0331923528294));
#1917=CARTESIAN_POINT('Ctrl Pts',(6.71222268115365,0.508252167718517,86.3166972063846));
#1918=CARTESIAN_POINT('Ctrl Pts',(6.3250631616904,-0.242298868900029,91.6002008295628));
#1919=CARTESIAN_POINT('Ctrl Pts',(7.81960907812117,2.2057227513958,64.8548522253552));
#1920=CARTESIAN_POINT('Ctrl Pts',(7.6541595697187,2.2808165434781,70.3319208628306));
#1921=CARTESIAN_POINT('Ctrl Pts',(6.9894343113116,2.39253897816204,75.7966133493035));
#1922=CARTESIAN_POINT('Ctrl Pts',(7.04752159069123,1.33923246161033,81.0318028965392));
#1923=CARTESIAN_POINT('Ctrl Pts',(6.68566136236635,0.583789811254699,86.3160024351112));
#1924=CARTESIAN_POINT('Ctrl Pts',(6.32381071148302,-0.171659632155359,91.6002008559726));
#1925=CARTESIAN_POINT('Ctrl Pts',(7.82203029420752,2.29576092564523,64.8549235089327));
#1926=CARTESIAN_POINT('Ctrl Pts',(7.60039470607435,2.35852503246542,70.3293398108693));
#1927=CARTESIAN_POINT('Ctrl Pts',(6.90301998476389,2.41285860759101,75.7877637957654));
#1928=CARTESIAN_POINT('Ctrl Pts',(6.98853443782487,1.40791343750353,81.0290767324033));
#1929=CARTESIAN_POINT('Ctrl Pts',(6.651287276484,0.653201799541203,86.3146393246682));
#1930=CARTESIAN_POINT('Ctrl Pts',(6.31404975675443,-0.101515545208811,91.6002009077874));
#1931=CARTESIAN_POINT('Ctrl Pts',(7.81604528173612,2.37609921437116,64.8550138418884));
#1932=CARTESIAN_POINT('Ctrl Pts',(7.5473738958831,2.41834821755736,70.3260481940334));
#1933=CARTESIAN_POINT('Ctrl Pts',(6.82884490751228,2.41688709253512,75.7785029112891));
#1934=CARTESIAN_POINT('Ctrl Pts',(6.93168381302878,1.45892677252598,81.0256424934256));
#1935=CARTESIAN_POINT('Ctrl Pts',(6.61529094960535,0.709108636152926,86.3129221909541));
#1936=CARTESIAN_POINT('Ctrl Pts',(6.29890764728285,-0.0407142470658797,
91.6002009730593));
#1937=CARTESIAN_POINT('Ctrl Pts',(7.7948366826349,2.49552034621127,64.8551818941968));
#1938=CARTESIAN_POINT('Ctrl Pts',(7.46313970024074,2.49700446227639,70.3199055605356));
#1939=CARTESIAN_POINT('Ctrl Pts',(6.72492453518903,2.40975428663212,75.7630592083334));
#1940=CARTESIAN_POINT('Ctrl Pts',(6.84321136116815,1.52333334392356,81.0192722369853));
#1941=CARTESIAN_POINT('Ctrl Pts',(6.55521378814865,0.785054644272896,86.3097370561261));
#1942=CARTESIAN_POINT('Ctrl Pts',(6.26722548093873,0.0467725661427184,91.6002010941332));
#1943=CARTESIAN_POINT('Ctrl Pts',(7.75560943969453,2.61119042326458,64.8554006535576));
#1944=CARTESIAN_POINT('Ctrl Pts',(7.37374579743455,2.55457921579351,70.3118859863197));
#1945=CARTESIAN_POINT('Ctrl Pts',(6.63571044858678,2.37633050888217,75.7451606714079));
#1946=CARTESIAN_POINT('Ctrl Pts',(6.75228882787974,1.56527759839102,81.0110029397751));
#1947=CARTESIAN_POINT('Ctrl Pts',(6.48787887389704,0.846177290020688,86.3056024234496));
#1948=CARTESIAN_POINT('Ctrl Pts',(6.22347760880749,0.127074884635597,91.6002012512993));
#1949=CARTESIAN_POINT('Ctrl Pts',(7.74054644753137,2.64920268079142,64.8554787840088));
#1950=CARTESIAN_POINT('Ctrl Pts',(7.34360458905552,2.5715380314903,70.3090195785121));
#1951=CARTESIAN_POINT('Ctrl Pts',(6.60805393361729,2.36280703256308,75.7389742935762));
#1952=CARTESIAN_POINT('Ctrl Pts',(6.72196726871266,1.576895656963,81.0080516972338));
#1953=CARTESIAN_POINT('Ctrl Pts',(6.4647951269408,0.86492591950857,86.304126810161));
#1954=CARTESIAN_POINT('Ctrl Pts',(6.20763144821267,0.15295449579825,91.6002013073906));
#1955=CARTESIAN_POINT('Ctrl Pts',(7.71500507813306,2.70521111896556,64.855603151504));
#1956=CARTESIAN_POINT('Ctrl Pts',(7.29823765354462,2.59379442053009,70.3044538166024));
#1957=CARTESIAN_POINT('Ctrl Pts',(6.57024002320145,2.33953711906394,75.7294115743376));
#1958=CARTESIAN_POINT('Ctrl Pts',(6.67686309434572,1.59098319190885,81.0033569105261));
#1959=CARTESIAN_POINT('Ctrl Pts',(6.42947489727392,0.890655973468473,86.3017794326801));
#1960=CARTESIAN_POINT('Ctrl Pts',(6.18209477384411,0.190327655227453,91.6002013966194));
#1961=CARTESIAN_POINT('Ctrl Pts',(7.68511221961025,2.75941206555143,64.855737330708));
#1962=CARTESIAN_POINT('Ctrl Pts',(7.25318896276942,2.61151581941802,70.2995228210029));
#1963=CARTESIAN_POINT('Ctrl Pts',(6.53907552985249,2.31316058935502,75.7195661586155));
#1964=CARTESIAN_POINT('Ctrl Pts',(6.63294024870842,1.60037921767442,80.9982966763146));
#1965=CARTESIAN_POINT('Ctrl Pts',(6.39352139322454,0.912883925471336,86.2992493379474));
#1966=CARTESIAN_POINT('Ctrl Pts',(6.15411013865944,0.225388056651087,91.6002014927937));
#1967=CARTESIAN_POINT('Ctrl Pts',(7.67466825385298,2.77726196158745,64.855783094628));
#1968=CARTESIAN_POINT('Ctrl Pts',(7.23823906241394,2.61693226637541,70.2978404713023));
#1969=CARTESIAN_POINT('Ctrl Pts',(6.52947270305781,2.3040997056082,75.7162604299597));
#1970=CARTESIAN_POINT('Ctrl Pts',(6.61846467497318,1.60300760413454,80.9965713505773));
#1971=CARTESIAN_POINT('Ctrl Pts',(6.38148923024703,0.919908966668776,86.2983866832903));
#1972=CARTESIAN_POINT('Ctrl Pts',(6.14452121958489,0.236809918900934,91.600201525585));
#1973=CARTESIAN_POINT('Ctrl Pts',(7.65828925913147,2.80368667867174,64.8558532176437));
#1974=CARTESIAN_POINT('Ctrl Pts',(7.21596059110173,2.62434073708127,70.2952617757208));
#1975=CARTESIAN_POINT('Ctrl Pts',(6.51633152713818,2.29021325590675,75.7112767047285));
#1976=CARTESIAN_POINT('Ctrl Pts',(6.59705118511175,1.60622163585779,80.9939285268994));
#1977=CARTESIAN_POINT('Ctrl Pts',(6.36340410114272,0.929878175417879,86.2970652849409));
#1978=CARTESIAN_POINT('Ctrl Pts',(6.12976418666898,0.253534540610253,91.6002015758142));
#1979=CARTESIAN_POINT('Ctrl Pts',(7.64085150936085,2.82954928613262,64.8559254379547));
#1980=CARTESIAN_POINT('Ctrl Pts',(7.19397382612537,2.63070415658144,70.2926045842465));
#1981=CARTESIAN_POINT('Ctrl Pts',(6.5051809244856,2.27606079496246,75.7062724861249));
#1982=CARTESIAN_POINT('Ctrl Pts',(6.57616608255383,1.60838375447062,80.9912080052309));
#1983=CARTESIAN_POINT('Ctrl Pts',(6.34531623763589,0.939008103919994,86.29570503943));
#1984=CARTESIAN_POINT('Ctrl Pts',(6.11447327641068,0.269632492163125,91.60020162752));
#1985=CARTESIAN_POINT('Ctrl Pts',(7.63492188709622,2.83810564741559,64.8559497378173));
#1986=CARTESIAN_POINT('Ctrl Pts',(7.18668134944668,2.63271081810382,70.2917103708662));
#1987=CARTESIAN_POINT('Ctrl Pts',(6.50168936619681,2.27132292935951,75.7046029900507));
#1988=CARTESIAN_POINT('Ctrl Pts',(6.56926745705064,1.60898985416827,80.9902927846013));
#1989=CARTESIAN_POINT('Ctrl Pts',(6.33928956778636,0.941958896133455,86.2952474344296));
#1990=CARTESIAN_POINT('Ctrl Pts',(6.10931846462619,0.274928045293463,91.6002016449146));
#1991=CARTESIAN_POINT('Ctrl Pts',(7.62736435016429,2.84871789410722,64.8559803874424));
#1992=CARTESIAN_POINT('Ctrl Pts',(7.17761635654762,2.63507807985415,70.290582297336));
#1993=CARTESIAN_POINT('Ctrl Pts',(6.49761332841137,2.26538702379883,75.7025154922206));
#1994=CARTESIAN_POINT('Ctrl Pts',(6.56072850651102,1.60960708174249,80.9891386000163));
#1995=CARTESIAN_POINT('Ctrl Pts',(6.3317631788584,0.945532700077112,86.2946703490434));
#1996=CARTESIAN_POINT('Ctrl Pts',(6.10280451243467,0.281458507629145,91.6002016668508));
#1997=CARTESIAN_POINT('Ctrl Pts',(7.61962596148478,2.8592229140741,64.8560113702249));
#1998=CARTESIAN_POINT('Ctrl Pts',(7.16862103673726,2.63727156065457,70.2894417146638));
#1999=CARTESIAN_POINT('Ctrl Pts',(6.49390338125218,2.25944820473843,75.7004284913506));
#2000=CARTESIAN_POINT('Ctrl Pts',(6.55230186497848,1.61005241420698,80.9879721123049));
#2001=CARTESIAN_POINT('Ctrl Pts',(6.32425009656255,0.94896439606624,86.294087112427));
#2002=CARTESIAN_POINT('Ctrl Pts',(6.09620486097041,0.287876644632319,91.6002016890209));
#2003=CARTESIAN_POINT('Ctrl Pts',(7.61807104159541,2.861319582063,64.8560175777885));
#2004=CARTESIAN_POINT('Ctrl Pts',(7.16682620736448,2.63770443678898,70.2892132678427));
#2005=CARTESIAN_POINT('Ctrl Pts',(6.49311118314218,2.25820858865305,75.7000033199449));
#2006=CARTESIAN_POINT('Ctrl Pts',(6.55062109946092,1.61013464209061,80.9877383267693));
#2007=CARTESIAN_POINT('Ctrl Pts',(6.32274805858016,0.949645063445361,86.2939702210314));
#2008=CARTESIAN_POINT('Ctrl Pts',(6.09488152618218,0.289155768004794,91.6002016934641));
#2009=CARTESIAN_POINT('Ctrl Pts',(7.61494684902113,2.86550426995183,64.8560300280171));
#2010=CARTESIAN_POINT('Ctrl Pts',(7.16323684576496,2.63855196628335,70.2887547231789));
#2011=CARTESIAN_POINT('Ctrl Pts',(6.49181592199747,2.25593716474878,75.6991842802611));
#2012=CARTESIAN_POINT('Ctrl Pts',(6.54726882319765,1.61028548568933,80.9872697865509));
#2013=CARTESIAN_POINT('Ctrl Pts',(6.31974523212351,0.950995079813249,86.2937359540494));
#2014=CARTESIAN_POINT('Ctrl Pts',(6.09222809464966,0.291704985035503,91.6002017023691));
#2015=CARTESIAN_POINT('Ctrl Pts',(7.61179377205291,2.86967135593562,64.8560425214458));
#2016=CARTESIAN_POINT('Ctrl Pts',(7.15966493769436,2.63937642003179,70.2882948873943));
#2017=CARTESIAN_POINT('Ctrl Pts',(6.49032026596751,2.25345942995716,75.6983342545805));
#2018=CARTESIAN_POINT('Ctrl Pts',(6.54393535074714,1.61040926369129,80.9867993259887));
#2019=CARTESIAN_POINT('Ctrl Pts',(6.31674509004625,0.952322510388409,86.2935007265933));
#2020=CARTESIAN_POINT('Ctrl Pts',(6.0895612334299,0.29423610006325,91.6002017113106));
#2021=CARTESIAN_POINT('Ctrl Pts',(7.61020998516979,2.87175043705904,64.8560487744515));
#2022=CARTESIAN_POINT('Ctrl Pts',(7.15788625567123,2.63978509144786,70.2880649811624));
#2023=CARTESIAN_POINT('Ctrl Pts',(6.48938895474072,2.25206647077118,75.6978859928147));
#2024=CARTESIAN_POINT('Ctrl Pts',(6.54227338764471,1.61046442477015,80.9865636199293));
#2025=CARTESIAN_POINT('Ctrl Pts',(6.31524573644327,0.952980591974819,86.2933828747236));
#2026=CARTESIAN_POINT('Ctrl Pts',(6.08822446895442,0.295497121432763,91.6002017157905));
#2027=CARTESIAN_POINT('Ctrl Pts',(7.60543757499607,2.87797471713763,64.856067630327));
#2028=CARTESIAN_POINT('Ctrl Pts',(7.15252240906575,2.64096154797176,70.2873694313306));
#2029=CARTESIAN_POINT('Ctrl Pts',(6.48838167772348,2.24925397905721,75.6967472456141));
#2030=CARTESIAN_POINT('Ctrl Pts',(6.53730197205248,1.61060979113751,80.9858550799882));
#2031=CARTESIAN_POINT('Ctrl Pts',(6.3107499671556,0.954937974243041,86.2930286106204));
#2032=CARTESIAN_POINT('Ctrl Pts',(6.08420424471642,0.299266545733384,91.6002017292568));
#2033=CARTESIAN_POINT('Ctrl Pts',(7.60060060690646,2.88415864463741,64.8560865989332));
#2034=CARTESIAN_POINT('Ctrl Pts',(7.14718885493801,2.64207754986709,70.2866697022131));
#2035=CARTESIAN_POINT('Ctrl Pts',(6.48742802336119,2.24641371266324,75.6956036526394));
#2036=CARTESIAN_POINT('Ctrl Pts',(6.53237472235463,1.61069522738031,80.9851423245522));
#2037=CARTESIAN_POINT('Ctrl Pts',(6.30626149062464,0.956844885980907,86.2926722388267));
#2038=CARTESIAN_POINT('Ctrl Pts',(6.08015444072275,0.302994958148771,91.6002017428032));
#2039=CARTESIAN_POINT('Ctrl Pts',(7.59734738611879,2.88826278276344,64.8560992920606));
#2040=CARTESIAN_POINT('Ctrl Pts',(7.14364611904913,2.64280550760352,70.2862014706668));
#2041=CARTESIAN_POINT('Ctrl Pts',(6.48680472030087,2.24452464233441,75.6948381477033));
#2042=CARTESIAN_POINT('Ctrl Pts',(6.52910882725332,1.61073662326275,80.9846653709146));
#2043=CARTESIAN_POINT('Ctrl Pts',(6.30327216295377,0.958099224930119,86.2924337659694));
#2044=CARTESIAN_POINT('Ctrl Pts',(6.07744161390724,0.305462256528213,91.6002017518681));
#2045=CARTESIAN_POINT('Ctrl Pts',(7.56781120273513,2.92503912952072,64.8562139990647));
#2046=CARTESIAN_POINT('Ctrl Pts',(7.1119098699273,2.64892842473459,70.2819698156165));
#2047=CARTESIAN_POINT('Ctrl Pts',(6.48164797875399,2.22711976390013,75.6879461911557));
#2048=CARTESIAN_POINT('Ctrl Pts',(6.49992484866224,1.6106805859562,80.9803554412412));
#2049=CARTESIAN_POINT('Ctrl Pts',(6.27641529780395,0.969091228824653,86.2902788372204));
#2050=CARTESIAN_POINT('Ctrl Pts',(6.05291126115482,0.327502445316455,91.6002018337815));
#2051=CARTESIAN_POINT('Ctrl Pts',(7.53597494187378,2.96027662491313,64.8563324056506));
#2052=CARTESIAN_POINT('Ctrl Pts',(7.08130653355175,2.65378761585862,70.2776020060813));
#2053=CARTESIAN_POINT('Ctrl Pts',(6.47765402030806,2.21011942323246,75.6808012934841));
#2054=CARTESIAN_POINT('Ctrl Pts',(6.47236500046144,1.60941129176312,80.9759061848742));
#2055=CARTESIAN_POINT('Ctrl Pts',(6.24986107821158,0.978728771531786,86.2880542459475));
#2056=CARTESIAN_POINT('Ctrl Pts',(6.02736210978725,0.348046934941006,91.600201918343));
#2057=CARTESIAN_POINT('Ctrl Pts',(7.50591351022278,2.99025045937875,64.8564399854618));
#2058=CARTESIAN_POINT('Ctrl Pts',(7.05494949866341,2.6572150532359,70.2736338932939));
#2059=CARTESIAN_POINT('Ctrl Pts',(6.47509909685889,2.19544913149904,75.6742800388717));
#2060=CARTESIAN_POINT('Ctrl Pts',(6.44912145254985,1.60746720851497,80.9718634458219));
#2061=CARTESIAN_POINT('Ctrl Pts',(6.22653054181648,0.986277152916619,86.2860329096268));
#2062=CARTESIAN_POINT('Ctrl Pts',(6.00394411506348,0.365087854704119,91.6002019951783));
#2063=CARTESIAN_POINT('Ctrl Pts',(7.45827168760582,3.03298786819881,64.8566039498756));
#2064=CARTESIAN_POINT('Ctrl Pts',(7.01662103857402,2.66118301692943,70.2675869331271));
#2065=CARTESIAN_POINT('Ctrl Pts',(6.47288146452482,2.17397980889034,75.6642550035976));
#2066=CARTESIAN_POINT('Ctrl Pts',(6.41610187411258,1.60354756033156,80.9657009324001));
#2067=CARTESIAN_POINT('Ctrl Pts',(6.1920013418043,0.996162070506111,86.2829517025697));
#2068=CARTESIAN_POINT('Ctrl Pts',(5.96790462543022,0.388777423472189,91.6002021123015));
#2069=CARTESIAN_POINT('Ctrl Pts',(7.40696449733001,3.07208628503087,64.8567704775679));
#2070=CARTESIAN_POINT('Ctrl Pts',(6.98002823044879,2.66362036916264,70.2614466889453));
#2071=CARTESIAN_POINT('Ctrl Pts',(6.4732978280499,2.1538110208505,75.6539560579017));
#2072=CARTESIAN_POINT('Ctrl Pts',(6.38580763918415,1.59846132634277,80.9594408529277));
#2073=CARTESIAN_POINT('Ctrl Pts',(6.15826087253718,1.00404233476648,86.27982171196));
#2074=CARTESIAN_POINT('Ctrl Pts',(5.9307173000292,0.409624234235186,91.600202231279));
#2075=CARTESIAN_POINT('Ctrl Pts',(7.38946366120976,3.08469783554846,64.8568261933423));
#2076=CARTESIAN_POINT('Ctrl Pts',(6.96802063924594,2.66427811149096,70.2593926264482));
#2077=CARTESIAN_POINT('Ctrl Pts',(6.47367878454368,2.14713689883048,75.6504820332242));
#2078=CARTESIAN_POINT('Ctrl Pts',(6.37600997426043,1.59665511379963,80.9573460995225));
#2079=CARTESIAN_POINT('Ctrl Pts',(6.14710662085725,1.00645478517236,86.2787743513793));
#2080=CARTESIAN_POINT('Ctrl Pts',(5.91820626039653,0.416255362395057,91.6002022710914));
#2081=CARTESIAN_POINT('Ctrl Pts',(7.35368388241611,3.10904468210478,64.8569379153059));
#2082=CARTESIAN_POINT('Ctrl Pts',(6.94437124844213,2.66529454573911,70.2552734319009));
#2083=CARTESIAN_POINT('Ctrl Pts',(6.47527316640137,2.1346417071324,75.6435499249592));
#2084=CARTESIAN_POINT('Ctrl Pts',(6.35701120179333,1.59285917026761,80.9531460303459));
#2085=CARTESIAN_POINT('Ctrl Pts',(6.12499333237397,1.01086889615811,86.2766743494976));
#2086=CARTESIAN_POINT('Ctrl Pts',(5.89297805727705,0.428879539051556,91.6002023509169));
#2087=CARTESIAN_POINT('Ctrl Pts',(7.31638705334717,3.13157038153424,64.8570498711812));
#2088=CARTESIAN_POINT('Ctrl Pts',(6.92145563228706,2.66579382387595,70.2511468416522));
#2089=CARTESIAN_POINT('Ctrl Pts',(6.4778864007739,2.12252210600934,75.6364880225012));
#2090=CARTESIAN_POINT('Ctrl Pts',(6.33919797766032,1.58877332267863,80.9489359608545));
#2091=CARTESIAN_POINT('Ctrl Pts',(6.10329075493076,1.01449891004258,86.2745693462447));
#2092=CARTESIAN_POINT('Ctrl Pts',(5.86738574937677,0.440225421655938,91.6002024309326));
#2093=CARTESIAN_POINT('Ctrl Pts',(7.29736896661497,3.14236015978594,64.857105392792));
#2094=CARTESIAN_POINT('Ctrl Pts',(6.91018932507472,2.66595629470858,70.2491009843649));
#2095=CARTESIAN_POINT('Ctrl Pts',(6.47928710696224,2.11637160680891,75.6329278642553));
#2096=CARTESIAN_POINT('Ctrl Pts',(6.33059327179537,1.58670185098772,80.9468474791504));
#2097=CARTESIAN_POINT('Ctrl Pts',(6.09255091946629,1.01613958683406,86.2735251203655));
#2098=CARTESIAN_POINT('Ctrl Pts',(5.85451060482248,0.445578255295249,91.6002024706258));
#2099=CARTESIAN_POINT('Ctrl Pts',(7.23923914102819,3.17326585446208,64.8572743922939));
#2100=CARTESIAN_POINT('Ctrl Pts',(6.87684222155612,2.66591928977031,70.2428705241238));
#2101=CARTESIAN_POINT('Ctrl Pts',(6.48601298987926,2.10124797696528,75.6223892553451));
#2102=CARTESIAN_POINT('Ctrl Pts',(6.30561314541284,1.58023837747475,80.940493571372));
#2103=CARTESIAN_POINT('Ctrl Pts',(6.06064774010995,1.02045721089949,86.2703482153664));
#2104=CARTESIAN_POINT('Ctrl Pts',(5.81568380729026,0.460676928563548,91.6002025913867));
#2105=CARTESIAN_POINT('Ctrl Pts',(7.17797317531747,3.19960522930792,64.8574380404665));
#2106=CARTESIAN_POINT('Ctrl Pts',(6.84515463309338,2.66527008858537,70.2368395728733));
#2107=CARTESIAN_POINT('Ctrl Pts',(6.49479085867314,2.08821389827958,75.6119757742734));
#2108=CARTESIAN_POINT('Ctrl Pts',(6.28332205093263,1.57387086824645,80.9343386754047));
#2109=CARTESIAN_POINT('Ctrl Pts',(6.02983922807182,1.02338686770115,86.2672708124045));
#2110=CARTESIAN_POINT('Ctrl Pts',(5.77635736338298,0.47290369139694,91.6002027083653));
#2111=CARTESIAN_POINT('Ctrl Pts',(7.13582769138086,3.21499630592426,64.8575463624134));
#2112=CARTESIAN_POINT('Ctrl Pts',(6.82454335886698,2.66470921587541,70.2328489923266));
#2113=CARTESIAN_POINT('Ctrl Pts',(6.50131388767958,2.08063685435204,75.6049491986689));
#2114=CARTESIAN_POINT('Ctrl Pts',(6.26943416600118,1.56986973112627,80.9302632292777));
#2115=CARTESIAN_POINT('Ctrl Pts',(6.00972202395004,1.02482707647625,86.2652331176545));
#2116=CARTESIAN_POINT('Ctrl Pts',(5.75001051664541,0.479785203521212,91.6002027858224));
#2117=CARTESIAN_POINT('Ctrl Pts',(7.07080276813703,3.23462148672931,64.8577058384044));
#2118=CARTESIAN_POINT('Ctrl Pts',(6.79425599026646,2.66381727211522,70.2269761355879));
#2119=CARTESIAN_POINT('Ctrl Pts',(6.51213201112961,2.07106376583158,75.5943943242011));
#2120=CARTESIAN_POINT('Ctrl Pts',(6.24992046264883,1.56446640985088,80.92426099241));
#2121=CARTESIAN_POINT('Ctrl Pts',(5.98017482817151,1.02634753993366,86.2622320385682));
#2122=CARTESIAN_POINT('Ctrl Pts',(5.71042936551748,0.488229388899461,91.6002028998997));
#2123=CARTESIAN_POINT('Ctrl Pts',(7.003315466348,3.24873378727434,64.8578675904358));
#2124=CARTESIAN_POINT('Ctrl Pts',(6.76430874712134,2.66322132309411,70.221024017216));
#2125=CARTESIAN_POINT('Ctrl Pts',(6.52371306552989,2.06469780822681,75.5832613526747));
#2126=CARTESIAN_POINT('Ctrl Pts',(6.23175471071861,1.56048424196393,80.9181686173977));
#2127=CARTESIAN_POINT('Ctrl Pts',(5.95134742669167,1.02720138657474,86.2591858862158));
#2128=CARTESIAN_POINT('Ctrl Pts',(5.67093987923321,0.4939191941403,91.6002030156904));
#2129=CARTESIAN_POINT('Ctrl Pts',(6.98056017127284,3.25280773482105,64.8579219837643));
#2130=CARTESIAN_POINT('Ctrl Pts',(6.75431915535473,2.66306859040829,70.2190230027971));
#2131=CARTESIAN_POINT('Ctrl Pts',(6.52759094270137,2.06294523790307,75.5794669127748));
#2132=CARTESIAN_POINT('Ctrl Pts',(6.22580255774205,1.55933600081918,80.9161193672441));
#2133=CARTESIAN_POINT('Ctrl Pts',(5.94180001580843,1.02742429746711,86.2581612723965));
#2134=CARTESIAN_POINT('Ctrl Pts',(5.65779706825355,0.4955132395808,91.6002030546381));
#2135=CARTESIAN_POINT('Ctrl Pts',(6.94605931973749,3.25794670276981,64.8580046173289));
#2136=CARTESIAN_POINT('Ctrl Pts',(6.73927485188452,2.6629340980438,70.2159839517313));
#2137=CARTESIAN_POINT('Ctrl Pts',(6.53337010613321,2.06090299660235,75.5736216358435));
#2138=CARTESIAN_POINT('Ctrl Pts',(6.21697717842958,1.55792102361932,80.9130053298655));
#2139=CARTESIAN_POINT('Ctrl Pts',(5.92755286790485,1.02768853396474,86.2566042699104));
#2140=CARTESIAN_POINT('Ctrl Pts',(5.63812794233733,0.497456665784101,91.6002031138231));
#2141=CARTESIAN_POINT('Ctrl Pts',(6.91104089091633,3.26158783257308,64.8580893219884));
#2142=CARTESIAN_POINT('Ctrl Pts',(6.72402860348932,2.66296567302102,70.2128700893727));
#2143=CARTESIAN_POINT('Ctrl Pts',(6.53891667049639,2.05975986926003,75.5675024102383));
#2144=CARTESIAN_POINT('Ctrl Pts',(6.20818800055803,1.55701092522106,80.9098119095071));
#2145=CARTESIAN_POINT('Ctrl Pts',(5.91336793675377,1.02787482296832,86.2550075749227));
#2146=CARTESIAN_POINT('Ctrl Pts',(5.61854705402222,0.498739322499016,91.6002031745168));
#2147=CARTESIAN_POINT('Ctrl Pts',(6.88758409070831,3.26367800050125,64.8581463099183));
#2148=CARTESIAN_POINT('Ctrl Pts',(6.71380613148454,2.6630250178334,70.2107754357511));
#2149=CARTESIAN_POINT('Ctrl Pts',(6.54254110834546,2.05919705519746,75.5633570829085));
#2150=CARTESIAN_POINT('Ctrl Pts',(6.20232246976699,1.55651992633247,80.9076631303673));
#2151=CARTESIAN_POINT('Ctrl Pts',(5.90391922467163,1.0279840570491,86.2539331952573));
#2152=CARTESIAN_POINT('Ctrl Pts',(5.6055150259394,0.49944877749766,91.6002032153563));
#2153=CARTESIAN_POINT('Ctrl Pts',(6.86391265172737,3.26508478699727,64.8582044481828));
#2154=CARTESIAN_POINT('Ctrl Pts',(6.70344308458188,2.66316577846341,70.2086391164204));
#2155=CARTESIAN_POINT('Ctrl Pts',(6.54598167502655,2.05903595413523,75.5590702729127));
#2156=CARTESIAN_POINT('Ctrl Pts',(6.19641940273552,1.55626964266826,80.9054703718009));
#2157=CARTESIAN_POINT('Ctrl Pts',(5.8944758606712,1.02806926427012,86.2528368254355));
#2158=CARTESIAN_POINT('Ctrl Pts',(5.59253123261976,0.499869465918518,91.6002032570316));
#2159=CARTESIAN_POINT('Ctrl Pts',(6.84004250209588,3.26579053436977,64.858263966954));
#2160=CARTESIAN_POINT('Ctrl Pts',(6.6928833908312,2.66339226134123,70.2064527032177));
#2161=CARTESIAN_POINT('Ctrl Pts',(6.54914666066351,2.05927194010084,75.5546222279944));
#2162=CARTESIAN_POINT('Ctrl Pts',(6.19041944357119,1.55627321988354,80.9032249234605));
#2163=CARTESIAN_POINT('Ctrl Pts',(5.88501245635989,1.0281397034005,86.2517141102901));
#2164=CARTESIAN_POINT('Ctrl Pts',(5.57960425313371,0.500006760138687,91.6002032997084));
#2165=CARTESIAN_POINT('Ctrl Pts',(6.82805978142013,3.26592448312118,64.8582894292076));
#2166=CARTESIAN_POINT('Ctrl Pts',(6.68754706812745,2.6650497849676,70.2055174622513));
#2167=CARTESIAN_POINT('Ctrl Pts',(6.55064813265073,2.06262559604711,75.5527089180461));
#2168=CARTESIAN_POINT('Ctrl Pts',(6.18738747960875,1.55790438941552,80.9022642068682));
#2169=CARTESIAN_POINT('Ctrl Pts',(5.88027238084995,1.02895453790755,86.2512337557388));
#2170=CARTESIAN_POINT('Ctrl Pts',(5.57315600164226,0.500005238955186,91.6002033179677));
#2171=CARTESIAN_POINT('Ctrl Pts',(6.81463399415438,3.26596618708272,64.858328747698));
#2172=CARTESIAN_POINT('Ctrl Pts',(6.68151940930332,2.66351833578721,70.2040735127561));
#2173=CARTESIAN_POINT('Ctrl Pts',(6.55221975111567,2.05945844851236,75.5497320973728));
#2174=CARTESIAN_POINT('Ctrl Pts',(6.18395870858242,1.55629911071024,80.9007804469029));
#2175=CARTESIAN_POINT('Ctrl Pts',(5.8749683745497,1.02811234737344,86.2504918812907));
#2176=CARTESIAN_POINT('Ctrl Pts',(5.56597668879621,0.499926154809148,91.6002033461679));
#2177=CARTESIAN_POINT('Ctrl Pts',(6.81323643928801,3.26597149277211,64.8583329721493));
#2178=CARTESIAN_POINT('Ctrl Pts',(6.68089167710011,2.66332030101754,70.2039183742324));
#2179=CARTESIAN_POINT('Ctrl Pts',(6.55238263289817,2.05904748621899,75.5494120672202));
#2180=CARTESIAN_POINT('Ctrl Pts',(6.18360153019164,1.55609231218119,80.9006210269487));
#2181=CARTESIAN_POINT('Ctrl Pts',(5.87441616295102,1.02800481455889,86.250412171906));
#2182=CARTESIAN_POINT('Ctrl Pts',(5.56522943657708,0.499917890101412,91.6002033491979));
#2183=CARTESIAN_POINT('Ctrl Pts',(6.81190189833983,3.26596027337852,64.8583369052011));
#2184=CARTESIAN_POINT('Ctrl Pts',(6.67794701868774,2.6637258577814,70.2037739290792));
#2185=CARTESIAN_POINT('Ctrl Pts',(6.5477714791921,2.05988735882283,75.5491148600917));
#2186=CARTESIAN_POINT('Ctrl Pts',(6.18086364485326,1.55650590332349,80.9004726114873));
#2187=CARTESIAN_POINT('Ctrl Pts',(5.87267362755698,1.028207457537,86.2503379647353));
#2188=CARTESIAN_POINT('Ctrl Pts',(5.56448227114909,0.499909580004452,91.6002033520187));
#2189=CARTESIAN_POINT('Ctrl Pts',(6.45947338470337,3.26578241242004,64.8593836138899));
#2190=CARTESIAN_POINT('Ctrl Pts',(6.31952583309489,2.66778788403774,70.1653338013328));
#2191=CARTESIAN_POINT('Ctrl Pts',(6.18210719777499,2.06831274879031,75.4698998376939));
#2192=CARTESIAN_POINT('Ctrl Pts',(5.88628178792653,1.55986041690645,80.860973348962));
#2193=CARTESIAN_POINT('Ctrl Pts',(5.62974675680425,1.02881772284585,86.2305884811616));
#2194=CARTESIAN_POINT('Ctrl Pts',(5.37321082963023,0.4977755439784,91.6002041027385));
#2195=CARTESIAN_POINT('Ctrl Pts',(6.10227174229394,3.25999844387037,64.8606026556828));
#2196=CARTESIAN_POINT('Ctrl Pts',(5.95630917576895,2.66686628692734,70.1205646880237));
#2197=CARTESIAN_POINT('Ctrl Pts',(5.8115764483489,2.07244859243817,75.3776513812035));
#2198=CARTESIAN_POINT('Ctrl Pts',(5.58987701677738,1.55959387519446,80.8149709068121));
#2199=CARTESIAN_POINT('Ctrl Pts',(5.38726853683059,1.02651689477517,86.207587432189));
#2200=CARTESIAN_POINT('Ctrl Pts',(5.18465962149781,0.493440375542425,91.6002049770572));
#2201=CARTESIAN_POINT('Ctrl Pts',(5.74222760906228,3.24838674691306,64.8619728232489));
#2202=CARTESIAN_POINT('Ctrl Pts',(5.59033850018506,2.66068039404644,70.0702454287329));
#2203=CARTESIAN_POINT('Ctrl Pts',(5.43834035275491,2.0719488376312,75.2739739566028));
#2204=CARTESIAN_POINT('Ctrl Pts',(5.29308970616382,1.55556050801964,80.7632655730035));
#2205=CARTESIAN_POINT('Ctrl Pts',(5.14616479542149,1.02129256203973,86.1817349588024));
#2206=CARTESIAN_POINT('Ctrl Pts',(4.99923992286223,0.487025023820195,91.6002059597647));
#2207=CARTESIAN_POINT('Ctrl Pts',(5.01333327162497,3.21294572105139,64.86500065555));
#2208=CARTESIAN_POINT('Ctrl Pts',(4.84987267181434,2.63720883274752,69.9590484760635));
#2209=CARTESIAN_POINT('Ctrl Pts',(4.68353734712487,2.06109176461637,75.0448771408329));
#2210=CARTESIAN_POINT('Ctrl Pts',(4.69587574789328,1.53964095112148,80.649005895892));
#2211=CARTESIAN_POINT('Ctrl Pts',(4.66388588232007,1.00487404925474,86.1246055480237));
#2212=CARTESIAN_POINT('Ctrl Pts',(4.63189702769209,0.470107451072968,91.6002081313749));
#2213=CARTESIAN_POINT('Ctrl Pts',(4.27201297626225,3.15247527848658,64.8685331981241));
#2214=CARTESIAN_POINT('Ctrl Pts',(4.09794168269016,2.59076389745194,69.8293158388575));
#2215=CARTESIAN_POINT('Ctrl Pts',(3.9180795943064,2.02954867652098,74.7776138011876));
#2216=CARTESIAN_POINT('Ctrl Pts',(4.09506950723937,1.50757319491745,80.5157004660506));
#2217=CARTESIAN_POINT('Ctrl Pts',(4.18350147229157,0.976418828421142,86.0579533324277));
#2218=CARTESIAN_POINT('Ctrl Pts',(4.27193545698591,0.445264671257008,91.6002106649673));
#2219=CARTESIAN_POINT('Ctrl Pts',(3.89811132820196,3.11573838979399,64.8704143170168));
#2220=CARTESIAN_POINT('Ctrl Pts',(3.71905363042493,2.56153428139128,69.7602317194143));
#2221=CARTESIAN_POINT('Ctrl Pts',(3.53270965657995,2.00829999290501,74.6352951279472));
#2222=CARTESIAN_POINT('Ctrl Pts',(3.79352170084587,1.48734333934131,80.4447138380266));
#2223=CARTESIAN_POINT('Ctrl Pts',(3.94335071732531,0.959113519596972,86.0224602843349));
#2224=CARTESIAN_POINT('Ctrl Pts',(4.09318226487065,0.430883865723097,91.6002120141334));
#2225=CARTESIAN_POINT('Ctrl Pts',(2.77081031839878,2.98591667995265,64.876346013057));
#2226=CARTESIAN_POINT('Ctrl Pts',(2.57804575524464,2.4555662420027,69.5423897906179));
#2227=CARTESIAN_POINT('Ctrl Pts',(2.3734232006603,1.92787505911532,74.1865528291543));
#2228=CARTESIAN_POINT('Ctrl Pts',(2.88835093333866,1.41392391763243,80.2208733662364));
#2229=CARTESIAN_POINT('Ctrl Pts',(3.22462235721373,0.897985168892939,85.910540887274));
#2230=CARTESIAN_POINT('Ctrl Pts',(3.56089785550364,0.382046465481596,91.6002162684275));
#2231=CARTESIAN_POINT('Ctrl Pts',(1.63299077765822,2.79701451405586,64.883005187434));
#2232=CARTESIAN_POINT('Ctrl Pts',(1.43107027993511,2.29420338283786,69.2978310304237));
#2233=CARTESIAN_POINT('Ctrl Pts',(1.21248327905774,1.79599558619667,73.6827889006498));
#2234=CARTESIAN_POINT('Ctrl Pts',(1.98534414707448,1.30190846571582,79.9695806667738));
#2235=CARTESIAN_POINT('Ctrl Pts',(2.51187786534882,0.809103169862514,85.7848954794013));
#2236=CARTESIAN_POINT('Ctrl Pts',(3.03841720133137,0.31629784477446,91.6002210444764));
#2237=CARTESIAN_POINT('Ctrl Pts',(0.875349371591527,2.64459730204716,64.8875954406151));
#2238=CARTESIAN_POINT('Ctrl Pts',(0.669794617188783,2.16167912335472,69.1292536843801));
#2239=CARTESIAN_POINT('Ctrl Pts',(0.444396175591816,1.68458411418051,73.3355284162585));
#2240=CARTESIAN_POINT('Ctrl Pts',(1.38737508712256,1.20989338936586,79.7963613276779));
#2241=CARTESIAN_POINT('Ctrl Pts',(2.03996823150939,0.737498599209857,85.6982864589812));
#2242=CARTESIAN_POINT('Ctrl Pts',(2.69256799840019,0.265103756691023,91.6002243366692));
#2243=CARTESIAN_POINT('Ctrl Pts',(-0.250325962426243,2.37754897000816,64.8947499008765));
#2244=CARTESIAN_POINT('Ctrl Pts',(-0.45541546261079,1.9255464862915,68.8665058802161));
#2245=CARTESIAN_POINT('Ctrl Pts',(-0.685077541163958,1.48102489283813,72.79426127325));
#2246=CARTESIAN_POINT('Ctrl Pts',(0.50346653769256,1.04532965122129,79.5263779975718));
#2247=CARTESIAN_POINT('Ctrl Pts',(1.33929327187009,0.611206011675599,85.5632958054491));
#2248=CARTESIAN_POINT('Ctrl Pts',(2.17512805007845,0.177082336285502,91.6002294679506));
#2249=CARTESIAN_POINT('Ctrl Pts',(-1.34410851216689,2.05723966917735,64.9016935701839));
#2250=CARTESIAN_POINT('Ctrl Pts',(-1.54000817617569,1.63833146003839,68.6115002077112));
#2251=CARTESIAN_POINT('Ctrl Pts',(-1.76468404694361,1.22775825564914,72.2688638682452));
#2252=CARTESIAN_POINT('Ctrl Pts',(-0.352653372918614,0.843783140861775,
79.2643483403336));
#2253=CARTESIAN_POINT('Ctrl Pts',(0.652111305860424,0.457533064967923,85.432281957686));
#2254=CARTESIAN_POINT('Ctrl Pts',(1.65688527270063,0.0712830409535444,91.6002344480653));
#2255=CARTESIAN_POINT('Ctrl Pts',(-1.70456240477782,1.94497840745141,64.9039668534887));
#2256=CARTESIAN_POINT('Ctrl Pts',(-1.8962868413118,1.53740090648295,68.5280141589432));
#2257=CARTESIAN_POINT('Ctrl Pts',(-2.1181141692116,1.13835489126984,72.0968459336277));
#2258=CARTESIAN_POINT('Ctrl Pts',(-0.634480202571366,0.772801085600235,
79.1785625358594));
#2259=CARTESIAN_POINT('Ctrl Pts',(0.424721190558178,0.403413596306792,85.389389376477));
#2260=CARTESIAN_POINT('Ctrl Pts',(1.48393226324793,0.0340261944407576,91.6002360785034));
#2261=CARTESIAN_POINT('Ctrl Pts',(-2.41616564140498,1.71030867590555,64.9083951700087));
#2262=CARTESIAN_POINT('Ctrl Pts',(-2.59703062035468,1.32610558956216,68.3653849559733));
#2263=CARTESIAN_POINT('Ctrl Pts',(-2.8104708290132,0.950653218322806,71.7617415908169));
#2264=CARTESIAN_POINT('Ctrl Pts',(-1.19027170814271,0.623803429804527,79.0114531024723));
#2265=CARTESIAN_POINT('Ctrl Pts',(-0.0265079723045256,0.289599267445993,
85.3058352849583));
#2266=CARTESIAN_POINT('Ctrl Pts',(1.13726617294636,-0.044604727192844,91.6002392545719));
#2267=CARTESIAN_POINT('Ctrl Pts',(-3.10744781951061,1.45697773406849,64.912515578694));
#2268=CARTESIAN_POINT('Ctrl Pts',(-3.27186511763371,1.09780391071269,68.2140639629995));
#2269=CARTESIAN_POINT('Ctrl Pts',(-3.47090468923263,0.747259088326262,71.4499052188336));
#2270=CARTESIAN_POINT('Ctrl Pts',(-1.7290922100004,0.461766532201419,78.8559627129096));
#2271=CARTESIAN_POINT('Ctrl Pts',(-0.470473101888041,0.164909034393869,
85.2280906715223));
#2272=CARTESIAN_POINT('Ctrl Pts',(0.788157025876609,-0.131948204229495,
91.6002422098099));
#2273=CARTESIAN_POINT('Ctrl Pts',(-3.44758066612879,1.32605635078356,64.9144385094567));
#2274=CARTESIAN_POINT('Ctrl Pts',(-3.60223402612928,0.97982691811121,68.1434448877815));
#2275=CARTESIAN_POINT('Ctrl Pts',(-3.79241244871897,0.642089661888977,71.3043682479085));
#2276=CARTESIAN_POINT('Ctrl Pts',(-1.99394757764285,0.377704242053213,78.7833976807363));
#2277=CARTESIAN_POINT('Ctrl Pts',(-0.690598954779946,0.0998931652531863,
85.1918084266541));
#2278=CARTESIAN_POINT('Ctrl Pts',(0.612760959647027,-0.177917605366224,
91.600243588975));
#2279=CARTESIAN_POINT('Ctrl Pts',(-4.11614180531405,1.05649265151371,64.9182287882392));
#2280=CARTESIAN_POINT('Ctrl Pts',(-4.24790490524557,0.737372933817899,68.0042482089919));
#2281=CARTESIAN_POINT('Ctrl Pts',(-4.416717534279,0.426277787737113,71.0174812379916));
#2282=CARTESIAN_POINT('Ctrl Pts',(-2.51407380585512,0.204199561266171,78.6403649170974));
#2283=CARTESIAN_POINT('Ctrl Pts',(-1.12718670142851,-0.0352971362876008,
85.1202925792109));
#2284=CARTESIAN_POINT('Ctrl Pts',(0.259712165284208,-0.274793436601033,
91.6002463074444));
#2285=CARTESIAN_POINT('Ctrl Pts',(-4.76025128824261,0.773052286007907,64.9213271573908));
#2286=CARTESIAN_POINT('Ctrl Pts',(-4.86182327776612,0.483218989842328,67.890462057006));
#2287=CARTESIAN_POINT('Ctrl Pts',(-5.00136209708189,0.200655034907268,70.7829289242989));
#2288=CARTESIAN_POINT('Ctrl Pts',(-3.01435699370991,0.0202616044962131,
78.5234421892943));
#2289=CARTESIAN_POINT('Ctrl Pts',(-1.55679081635601,-0.181081885271285,
85.0618316517347));
#2290=CARTESIAN_POINT('Ctrl Pts',(-0.0992125646790174,-0.38242489725727,
91.6002485296684));
#2291=CARTESIAN_POINT('Ctrl Pts',(-5.0759298231495,0.628246768407623,64.9227083845768));
#2292=CARTESIAN_POINT('Ctrl Pts',(-5.1605373203585,0.353816685129689,67.8397372545528));
#2293=CARTESIAN_POINT('Ctrl Pts',(-5.28339906260861,0.086203872518404,70.6783564506108));
#2294=CARTESIAN_POINT('Ctrl Pts',(-3.25946941130135,-0.0739525187158056,
78.4713188949838));
#2295=CARTESIAN_POINT('Ctrl Pts',(-1.7699830821804,-0.256551481850002,85.0357701990117));
#2296=CARTESIAN_POINT('Ctrl Pts',(-0.280484564606702,-0.439149933164494,
91.6002495203196));
#2297=CARTESIAN_POINT('Ctrl Pts',(-5.5396133634071,0.406970224178384,64.9245358195853));
#2298=CARTESIAN_POINT('Ctrl Pts',(-5.59590490576281,0.157108332276725,67.7726259023708));
#2299=CARTESIAN_POINT('Ctrl Pts',(-5.69060675256986,-0.0867118789447066,
70.5399842904561));
#2300=CARTESIAN_POINT('Ctrl Pts',(-3.61959906879662,-0.218135811971375,
78.4023568988298));
#2301=CARTESIAN_POINT('Ctrl Pts',(-2.08765503903235,-0.373571360417465,
85.0012894579855));
#2302=CARTESIAN_POINT('Ctrl Pts',(-0.555698715444639,-0.529006361260189,
91.6002508310058));
#2303=CARTESIAN_POINT('Ctrl Pts',(-5.98832654129733,0.180404391116433,64.9260079407629));
#2304=CARTESIAN_POINT('Ctrl Pts',(-6.0119000802753,-0.0422083816308036,
67.7185635377506));
#2305=CARTESIAN_POINT('Ctrl Pts',(-6.0735765332319,-0.259719154208111,70.4284862173574));
#2306=CARTESIAN_POINT('Ctrl Pts',(-3.96858563746926,-0.365912471781369,
78.3468030820827));
#2307=CARTESIAN_POINT('Ctrl Pts',(-2.40273674621085,-0.496321986474497,
84.9735127563495));
#2308=CARTESIAN_POINT('Ctrl Pts',(-0.836875559342265,-0.626730948898263,
91.6002518868573));
#2309=CARTESIAN_POINT('Ctrl Pts',(-6.21016982207059,0.0663076855030068,
64.926685723607));
#2310=CARTESIAN_POINT('Ctrl Pts',(-6.21664252535502,-0.142193190386066,
67.6936726215173));
#2311=CARTESIAN_POINT('Ctrl Pts',(-6.26098170858349,-0.346092039591023,
70.377144854513));
#2312=CARTESIAN_POINT('Ctrl Pts',(-4.14123552073893,-0.440341379741935,
78.3212253503977));
#2313=CARTESIAN_POINT('Ctrl Pts',(-2.55989459261732,-0.558653050912982,
84.9607239856217));
#2314=CARTESIAN_POINT('Ctrl Pts',(-0.978541385687698,-0.676964173323537,
91.6002523729856));
#2315=CARTESIAN_POINT('Ctrl Pts',(-6.42822739230978,-0.0489097193980728,
64.9272775016964));
#2316=CARTESIAN_POINT('Ctrl Pts',(-6.4164742292387,-0.242506966282933,67.6719402549903));
#2317=CARTESIAN_POINT('Ctrl Pts',(-6.44222074127845,-0.432049214993527,
70.332308067675));
#2318=CARTESIAN_POINT('Ctrl Pts',(-4.31115085863238,-0.515497343903823,
78.2988931039245));
#2319=CARTESIAN_POINT('Ctrl Pts',(-2.71655954519328,-0.622423873089411,
84.9495579453172));
#2320=CARTESIAN_POINT('Ctrl Pts',(-1.12195599688614,-0.729349866831353,
91.6002527974306));
#2321=CARTESIAN_POINT('Ctrl Pts',(-6.6424929918412,-0.165100445767079,64.9277853927744));
#2322=CARTESIAN_POINT('Ctrl Pts',(-6.61137060927221,-0.342911129811533,
67.653288667838));
#2323=CARTESIAN_POINT('Ctrl Pts',(-6.61723666996149,-0.517269083795765,
70.2938152775861));
#2324=CARTESIAN_POINT('Ctrl Pts',(-4.47839217534096,-0.59126013809742,78.2797264229362));
#2325=CARTESIAN_POINT('Ctrl Pts',(-2.87286668690122,-0.687651338098385,
84.9399746758678));
#2326=CARTESIAN_POINT('Ctrl Pts',(-1.26732903565018,-0.784042027246013,
91.600253161711));
#2327=CARTESIAN_POINT('Ctrl Pts',(-6.78449424408642,-0.242766402977409,
64.9281055021391));
#2328=CARTESIAN_POINT('Ctrl Pts',(-6.74020361244538,-0.409849749548893,
67.6415331332007));
#2329=CARTESIAN_POINT('Ctrl Pts',(-6.73252748571644,-0.573894712943761,
70.2695513033853));
#2330=CARTESIAN_POINT('Ctrl Pts',(-4.58929718688802,-0.641894816380198,
78.2676461746273));
#2331=CARTESIAN_POINT('Ctrl Pts',(-2.97700240945703,-0.731461548709723,
84.9339345964569));
#2332=CARTESIAN_POINT('Ctrl Pts',(-1.36469552357229,-0.821027789194829,
91.6002533913072));
#2333=CARTESIAN_POINT('Ctrl Pts',(-6.92481217701359,-0.320821861482431,
64.9283889558668));
#2334=CARTESIAN_POINT('Ctrl Pts',(-6.86683971620301,-0.476758427853196,
67.6311237908062));
#2335=CARTESIAN_POINT('Ctrl Pts',(-6.84503919512646,-0.630098168582505,
70.2480593030134));
#2336=CARTESIAN_POINT('Ctrl Pts',(-4.69903493692612,-0.692764794194543,
78.2569491643925));
#2337=CARTESIAN_POINT('Ctrl Pts',(-3.08102193527814,-0.775925864258006,
84.9285861308872));
#2338=CARTESIAN_POINT('Ctrl Pts',(-1.46299689232305,-0.859086466928981,
91.6002535946137));
#2339=CARTESIAN_POINT('Ctrl Pts',(-6.99455071582782,-0.359941619608856,
64.9285215962521));
#2340=CARTESIAN_POINT('Ctrl Pts',(-6.92960890572248,-0.510195436790872,
67.6262528626734));
#2341=CARTESIAN_POINT('Ctrl Pts',(-6.9005692245735,-0.658134420680465,70.23799681202));
#2342=CARTESIAN_POINT('Ctrl Pts',(-4.75361478165963,-0.718254357275867,
78.2519435088844));
#2343=CARTESIAN_POINT('Ctrl Pts',(-3.13300811911274,-0.798322457531294,
84.9260833215787));
#2344=CARTESIAN_POINT('Ctrl Pts',(-1.51238945273973,-0.878390102852536,
91.6002536897508));
#2345=CARTESIAN_POINT('Ctrl Pts',(-7.06386963726732,-0.399147955717944,
64.9286452381996));
#2346=CARTESIAN_POINT('Ctrl Pts',(-6.99182337020317,-0.543616850223991,
67.6217120761329));
#2347=CARTESIAN_POINT('Ctrl Pts',(-6.95564982190748,-0.685604343557736,
70.2286457140529));
#2348=CARTESIAN_POINT('Ctrl Pts',(-4.80790864494282,-0.74379435778418,78.2472777422241));
#2349=CARTESIAN_POINT('Ctrl Pts',(-3.18497642661526,-0.820884537067615,
84.9237504557626));
#2350=CARTESIAN_POINT('Ctrl Pts',(-1.56203223955575,-0.897974285317432,
91.600253778428));
#2351=CARTESIAN_POINT('Ctrl Pts',(-7.17450234272023,-0.462232340733299,
64.9288294180786));
#2352=CARTESIAN_POINT('Ctrl Pts',(-7.09084808849054,-0.59721179950938,67.6149485833034));
#2353=CARTESIAN_POINT('Ctrl Pts',(-7.04255305632242,-0.730225936219619,
70.2146629149205));
#2354=CARTESIAN_POINT('Ctrl Pts',(-4.89463417243681,-0.784878258745264,
78.2403269525266));
#2355=CARTESIAN_POINT('Ctrl Pts',(-3.26840248706951,-0.857379982380255,
84.9202750864113));
#2356=CARTESIAN_POINT('Ctrl Pts',(-1.64215890416485,-0.92988129894502,91.6002539105342));
#2357=CARTESIAN_POINT('Ctrl Pts',(-7.21574250801553,-0.485748881317327,
64.9288956148204));
#2358=CARTESIAN_POINT('Ctrl Pts',(-7.12766376867285,-0.617102949160605,
67.6125178320327));
#2359=CARTESIAN_POINT('Ctrl Pts',(-7.07464145773975,-0.746863666486919,
70.2096242081074));
#2360=CARTESIAN_POINT('Ctrl Pts',(-4.9270614476838,-0.800187468976845,78.2378286075002));
#2361=CARTESIAN_POINT('Ctrl Pts',(-3.29980255484562,-0.871081936953446,
84.9190259229165));
#2362=CARTESIAN_POINT('Ctrl Pts',(-1.67253179562484,-0.941976004216493,
91.6002539580175));
#2363=CARTESIAN_POINT('Ctrl Pts',(-7.2564868123958,-0.508992740849772,64.9289636143033));
#2364=CARTESIAN_POINT('Ctrl Pts',(-7.16478387740971,-0.636815776928129,
67.6100205821739));
#2365=CARTESIAN_POINT('Ctrl Pts',(-7.10806376827997,-0.763013483181767,
70.2044765945932));
#2366=CARTESIAN_POINT('Ctrl Pts',(-4.96006644131345,-0.8154432106938,78.2352625212042));
#2367=CARTESIAN_POINT('Ctrl Pts',(-3.33156608243585,-0.884786859812396,
84.9177428893475));
#2368=CARTESIAN_POINT('Ctrl Pts',(-1.7030538759711,-0.954130123195058,91.6002540067884));
#2369=CARTESIAN_POINT('Ctrl Pts',(-7.57892700693461,-0.692881357551283,
64.929485190658));
#2370=CARTESIAN_POINT('Ctrl Pts',(-7.45312204971852,-0.791817968530557,
67.59086711762));
#2371=CARTESIAN_POINT('Ctrl Pts',(-7.36067676721473,-0.890524549484244,
70.1648813768805));
#2372=CARTESIAN_POINT('Ctrl Pts',(-5.21725482862679,-0.935821886988021,
78.2155787055252));
#2373=CARTESIAN_POINT('Ctrl Pts',(-3.58285047210667,-0.993832335210086,
84.9079010537415));
#2374=CARTESIAN_POINT('Ctrl Pts',(-1.9484345069914,-1.05184249349882,91.6002543808975));
#2375=CARTESIAN_POINT('Ctrl Pts',(-7.8733930826349,-0.860808155238563,64.9299237870638));
#2376=CARTESIAN_POINT('Ctrl Pts',(-7.71008678551863,-0.930045993957255,
67.574760943362));
#2377=CARTESIAN_POINT('Ctrl Pts',(-7.57814102500203,-1.00032488489401,70.1315781565825));
#2378=CARTESIAN_POINT('Ctrl Pts',(-5.4579623899163,-1.04727961242694,78.1990264000928));
#2379=CARTESIAN_POINT('Ctrl Pts',(-3.83074652561483,-1.10034949497638,84.8996249616847));
#2380=CARTESIAN_POINT('Ctrl Pts',(-2.20351941886267,-1.15341923806409,91.6002546954893));
#2381=CARTESIAN_POINT('Ctrl Pts',(-8.11567696654034,-0.998968852544127,
64.9302543664747));
#2382=CARTESIAN_POINT('Ctrl Pts',(-7.91840069348265,-1.04229311016485,67.562621411576));
#2383=CARTESIAN_POINT('Ctrl Pts',(-7.75056177094191,-1.08766773556061,70.1064736921967));
#2384=CARTESIAN_POINT('Ctrl Pts',(-5.66123524775543,-1.14082049147478,78.1865505438482));
#2385=CARTESIAN_POINT('Ctrl Pts',(-4.04789317400638,-1.19311699127386,84.8933870792479));
#2386=CARTESIAN_POINT('Ctrl Pts',(-2.43454024501254,-1.24541351059986,91.6002549326044));
#2387=CARTESIAN_POINT('Ctrl Pts',(-8.611663465477,-1.28178413943745,64.9308709222878));
#2388=CARTESIAN_POINT('Ctrl Pts',(-8.34221597702525,-1.27122434906904,67.5399802572053));
#2389=CARTESIAN_POINT('Ctrl Pts',(-8.09793990788776,-1.26463057759994,70.0596521175755));
#2390=CARTESIAN_POINT('Ctrl Pts',(-6.09015850957949,-1.33761093883006,78.1632821222201));
#2391=CARTESIAN_POINT('Ctrl Pts',(-4.51831602990214,-1.39343796068583,84.8817529536428));
#2392=CARTESIAN_POINT('Ctrl Pts',(-2.94646360825426,-1.44926537373682,91.6002553748423));
#2393=CARTESIAN_POINT('Ctrl Pts',(-9.07234372551255,-1.54443413478722,64.9313381778097));
#2394=CARTESIAN_POINT('Ctrl Pts',(-8.73869887935388,-1.48670625214607,67.5228215208077));
#2395=CARTESIAN_POINT('Ctrl Pts',(-8.42610512123997,-1.43425295420269,70.0241858754811));
#2396=CARTESIAN_POINT('Ctrl Pts',(-6.51973352360653,-1.5345603813437,78.1456483800049));
#2397=CARTESIAN_POINT('Ctrl Pts',(-5.00650645868014,-1.60078386997604,84.872936147304));
#2398=CARTESIAN_POINT('Ctrl Pts',(-3.49327042774742,-1.66700813592001,91.6002557099878));
#2399=CARTESIAN_POINT('Ctrl Pts',(-9.3126781763408,-1.68144484002564,64.9315908651038));
#2400=CARTESIAN_POINT('Ctrl Pts',(-8.94915012479445,-1.60163443137501,67.5135420809863));
#2401=CARTESIAN_POINT('Ctrl Pts',(-8.60461872464501,-1.52768039411298,70.0050210984539));
#2402=CARTESIAN_POINT('Ctrl Pts',(-6.75380499307497,-1.64237041379966,78.1361123790207));
#2403=CARTESIAN_POINT('Ctrl Pts',(-5.27410939118785,-1.71464592648142,84.8681681820054));
#2404=CARTESIAN_POINT('Ctrl Pts',(-3.79440532562617,-1.78692240646037,91.6002558912284));
#2405=CARTESIAN_POINT('Ctrl Pts',(-10.0243704497965,-2.08718256167572,64.9321310112803));
#2406=CARTESIAN_POINT('Ctrl Pts',(-9.5913835799009,-1.95232223210016,67.4937058478797));
#2407=CARTESIAN_POINT('Ctrl Pts',(-9.17248671317449,-1.82388157319561,69.9640952265012));
#2408=CARTESIAN_POINT('Ctrl Pts',(-7.48107446691161,-1.97799247720634,78.1157285827922));
#2409=CARTESIAN_POINT('Ctrl Pts',(-6.10221843138675,-2.06741425954871,84.857976359576));
#2410=CARTESIAN_POINT('Ctrl Pts',(-4.72335526774394,-2.15683751717978,91.6002562786412));
#2411=CARTESIAN_POINT('Ctrl Pts',(-10.7081775364263,-2.47699024175425,64.9329803152994));
#2412=CARTESIAN_POINT('Ctrl Pts',(-10.2837981407015,-2.33341715541891,67.4625142119245));
#2413=CARTESIAN_POINT('Ctrl Pts',(-9.87224074583558,-2.19513116021401,69.8999275039558));
#2414=CARTESIAN_POINT('Ctrl Pts',(-8.29573575889334,-2.3609272812052,78.0836798352553));
#2415=CARTESIAN_POINT('Ctrl Pts',(-7.00532812924896,-2.45630471136571,84.841952106841));
#2416=CARTESIAN_POINT('Ctrl Pts',(-5.71491397490398,-2.55168374748307,91.6002568877571));
#2417=CARTESIAN_POINT('Ctrl Pts',(-11.163954181375,-2.73678785299899,64.9333177331674));
#2418=CARTESIAN_POINT('Ctrl Pts',(-10.7966409122445,-2.61742531196665,67.4501212853515));
#2419=CARTESIAN_POINT('Ctrl Pts',(-10.4439700815919,-2.50185086075991,69.8745170005953));
#2420=CARTESIAN_POINT('Ctrl Pts',(-8.89074545805308,-2.64655495248216,78.0709481324149));
#2421=CARTESIAN_POINT('Ctrl Pts',(-7.63306754074872,-2.73062044149589,84.8355863044241));
#2422=CARTESIAN_POINT('Ctrl Pts',(-6.37538288324259,-2.8146873134237,91.6002571297347));
#2423=CARTESIAN_POINT('Ctrl Pts',(-11.6332063721982,-3.00424135554386,64.9330601779208));
#2424=CARTESIAN_POINT('Ctrl Pts',(-11.3909190738575,-2.94853328985804,67.4595781995279));
#2425=CARTESIAN_POINT('Ctrl Pts',(-11.1687755658194,-2.89436824292129,69.8941721657864));
#2426=CARTESIAN_POINT('Ctrl Pts',(-9.55402002369632,-2.9732763684132,78.0806691103314));
#2427=CARTESIAN_POINT('Ctrl Pts',(-8.28364990514092,-3.02098738736996,84.8404467588589));
#2428=CARTESIAN_POINT('Ctrl Pts',(-7.01327193257289,-3.06869911780299,91.6002569449785));
#2429=CARTESIAN_POINT('Ctrl Pts',(-12.1322962010582,-3.28867111270747,64.9318395428975));
#2430=CARTESIAN_POINT('Ctrl Pts',(-12.0999569413432,-3.34566352323583,67.5044037459483));
#2431=CARTESIAN_POINT('Ctrl Pts',(-12.0979528852031,-3.40119445243203,69.9867361639727));
#2432=CARTESIAN_POINT('Ctrl Pts',(-10.3064475399057,-3.35398439688069,78.1267337163679));
#2433=CARTESIAN_POINT('Ctrl Pts',(-8.95967220930661,-3.33072718744641,84.863478891719));
#2434=CARTESIAN_POINT('Ctrl Pts',(-7.61288673624669,-3.30746943174742,91.6002560694782));
#2435=CARTESIAN_POINT('Ctrl Pts',(-12.1330768997094,-3.28912708599699,64.9318376221474));
#2436=CARTESIAN_POINT('Ctrl Pts',(-12.1010678069609,-3.3462967395978,67.5044742819179));
#2437=CARTESIAN_POINT('Ctrl Pts',(-12.0994099612095,-3.40200016838078,69.9868818192474));
#2438=CARTESIAN_POINT('Ctrl Pts',(-10.3076256322443,-3.3545929689569,78.1268062020733));
#2439=CARTESIAN_POINT('Ctrl Pts',(-8.96072937918445,-3.33122504760287,84.8635151343039));
#2440=CARTESIAN_POINT('Ctrl Pts',(-7.61382298005903,-3.30785657801298,91.6002560681005));
#2441=CARTESIAN_POINT('Ctrl Pts',(-12.133929373239,-3.28955035252259,64.9318375256627));
#2442=CARTESIAN_POINT('Ctrl Pts',(-12.0994002386523,-3.34846544769927,67.5044779951217));
#2443=CARTESIAN_POINT('Ctrl Pts',(-12.094892067363,-3.40624263113296,69.986873186682));
#2444=CARTESIAN_POINT('Ctrl Pts',(-10.3059425623394,-3.35678611084068,78.1268096762921));
#2445=CARTESIAN_POINT('Ctrl Pts',(-8.96035283087257,-3.33252105526938,84.8635168712224));
#2446=CARTESIAN_POINT('Ctrl Pts',(-7.6147529881945,-3.30825542518549,91.6002560680345));
#2447=CARTESIAN_POINT('Ctrl Pts',(-12.1371243871673,-3.29139236004904,64.9318321059339));
#2448=CARTESIAN_POINT('Ctrl Pts',(-12.100015883079,-3.3530183808798,67.5046776544305));
#2449=CARTESIAN_POINT('Ctrl Pts',(-12.0917466033659,-3.41440560159427,69.9872250796712));
#2450=CARTESIAN_POINT('Ctrl Pts',(-10.3066913181886,-3.3613206811582,78.1270135886676));
#2451=CARTESIAN_POINT('Ctrl Pts',(-8.96257421592501,-3.33560923925998,84.8636188259972));
#2452=CARTESIAN_POINT('Ctrl Pts',(-7.61844705767705,-3.30989717308616,91.600256064159));
#2453=CARTESIAN_POINT('Ctrl Pts',(-12.1402568562235,-3.29338277714217,64.9318261980389));
#2454=CARTESIAN_POINT('Ctrl Pts',(-12.1004149631536,-3.35747296261915,67.5048959808436));
#2455=CARTESIAN_POINT('Ctrl Pts',(-12.086791971529,-3.42308051666023,69.9875445481891));
#2456=CARTESIAN_POINT('Ctrl Pts',(-10.307173927734,-3.36578444799144,78.1272351966982));
#2457=CARTESIAN_POINT('Ctrl Pts',(-8.96460958919379,-3.33875328960488,84.8637296277589));
#2458=CARTESIAN_POINT('Ctrl Pts',(-7.62203528325898,-3.31172144100049,91.6002560599472));
#2459=CARTESIAN_POINT('Ctrl Pts',(-12.1425662221951,-3.29495832708328,64.931821397966));
#2460=CARTESIAN_POINT('Ctrl Pts',(-12.1005953364409,-3.36075422346997,67.5050736311297));
#2461=CARTESIAN_POINT('Ctrl Pts',(-12.082198927816,-3.42977682719772,69.9877793904376));
#2462=CARTESIAN_POINT('Ctrl Pts',(-10.3073920774875,-3.36908471962318,78.1274149910202));
#2463=CARTESIAN_POINT('Ctrl Pts',(-8.96603227427845,-3.34113669762334,84.8638195228139));
#2464=CARTESIAN_POINT('Ctrl Pts',(-7.62466258592865,-3.31318792886534,91.6002560565301));
#2465=CARTESIAN_POINT('Ctrl Pts',(-12.1478509290293,-3.29882490235142,64.9318091221108));
#2466=CARTESIAN_POINT('Ctrl Pts',(-12.1007409414141,-3.36826279552599,67.5055283085997));
#2467=CARTESIAN_POINT('Ctrl Pts',(-12.0697535621076,-3.44562137317392,69.9883472264154));
#2468=CARTESIAN_POINT('Ctrl Pts',(-10.3075748418571,-3.37665844758615,78.1278744597291));
#2469=CARTESIAN_POINT('Ctrl Pts',(-8.96910962580072,-3.34674400912893,84.8640492514181));
#2470=CARTESIAN_POINT('Ctrl Pts',(-7.63063474658814,-3.31682868013459,91.6002560477976));
#2471=CARTESIAN_POINT('Ctrl Pts',(-12.1528701210527,-3.30312700528194,64.9317938258925));
#2472=CARTESIAN_POINT('Ctrl Pts',(-12.1002538790825,-3.37540682510689,67.5060950715738));
#2473=CARTESIAN_POINT('Ctrl Pts',(-12.0540256973849,-3.46145840539185,69.9890344846027));
#2474=CARTESIAN_POINT('Ctrl Pts',(-10.3070227738825,-3.38389941751438,78.1284467641868));
#2475=CARTESIAN_POINT('Ctrl Pts',(-8.97162524689782,-3.3524281212427,84.8643353962561));
#2476=CARTESIAN_POINT('Ctrl Pts',(-7.63621833289615,-3.32095577389671,91.6002560369206));
#2477=CARTESIAN_POINT('Ctrl Pts',(-12.1556417903502,-3.30572394841274,64.9317836789138));
#2478=CARTESIAN_POINT('Ctrl Pts',(-12.0997586558377,-3.37935846953512,67.5064708016657));
#2479=CARTESIAN_POINT('Ctrl Pts',(-12.0442632011172,-3.47027300460326,69.9895129757279));
#2480=CARTESIAN_POINT('Ctrl Pts',(-10.3064639598851,-3.38790946407536,78.1288266474742));
#2481=CARTESIAN_POINT('Ctrl Pts',(-8.97287339951566,-3.35568642294924,84.8645253332483));
#2482=CARTESIAN_POINT('Ctrl Pts',(-7.63927362081989,-3.32346223831979,91.6002560297007));
#2483=CARTESIAN_POINT('Ctrl Pts',(-12.1623043841641,-3.31254992226196,64.9317557782073));
#2484=CARTESIAN_POINT('Ctrl Pts',(-12.0980667235902,-3.38891386265339,67.5075033111837));
#2485=CARTESIAN_POINT('Ctrl Pts',(-12.018894040295,-3.49120893744223,69.9908867591516));
#2486=CARTESIAN_POINT('Ctrl Pts',(-10.3045677230274,-3.39760189727392,78.1298718041493));
#2487=CARTESIAN_POINT('Ctrl Pts',(-8.97556591857888,-3.36383742641017,84.8650478994421));
#2488=CARTESIAN_POINT('Ctrl Pts',(-7.64655532647909,-3.33007159077597,91.6002560098369));
#2489=CARTESIAN_POINT('Ctrl Pts',(-12.1682532482517,-3.32017518973458,64.9317163784028));
#2490=CARTESIAN_POINT('Ctrl Pts',(-12.0950451113096,-3.39753036739429,67.5089575013639));
#2491=CARTESIAN_POINT('Ctrl Pts',(-11.9926925457268,-3.50783594055038,69.9931890609105));
#2492=CARTESIAN_POINT('Ctrl Pts',(-10.3012696281159,-3.40629042135127,78.1313515079469));
#2493=CARTESIAN_POINT('Ctrl Pts',(-8.9770926086299,-3.37188126470636,84.8657877382227));
#2494=CARTESIAN_POINT('Ctrl Pts',(-7.6529072137961,-3.33747057694729,91.6002559817141));
#2495=CARTESIAN_POINT('Ctrl Pts',(-12.1715361252129,-3.3250182057886,64.9316882882738));
#2496=CARTESIAN_POINT('Ctrl Pts',(-12.0927938480647,-3.40233368100206,67.5099926869938));
#2497=CARTESIAN_POINT('Ctrl Pts',(-11.9778226996429,-3.51550516139942,69.9949788015949));
#2498=CARTESIAN_POINT('Ctrl Pts',(-10.2988527213216,-3.4110916713514,78.1324080166171));
#2499=CARTESIAN_POINT('Ctrl Pts',(-8.97761184028195,-3.37662529818285,84.8663159848551));
#2500=CARTESIAN_POINT('Ctrl Pts',(-7.65636280093585,-3.34215732979744,91.6002559616343));
#2501=CARTESIAN_POINT('Ctrl Pts',(-12.1754973908955,-3.33179958552308,64.9316444870119));
#2502=CARTESIAN_POINT('Ctrl Pts',(-12.0892669714055,-3.40820459909758,67.5116043185073));
#2503=CARTESIAN_POINT('Ctrl Pts',(-11.9606705633699,-3.52164049204016,69.9980083927176));
#2504=CARTESIAN_POINT('Ctrl Pts',(-10.2951411280418,-3.41687269776798,78.1340579426032));
#2505=CARTESIAN_POINT('Ctrl Pts',(-8.97781248940026,-3.38278033073393,84.8671409384941));
#2506=CARTESIAN_POINT('Ctrl Pts',(-7.66047590975547,-3.34868635187286,91.600255930276));
#2507=CARTESIAN_POINT('Ctrl Pts',(-12.1788662095354,-3.33896248859317,64.9315916699482));
#2508=CARTESIAN_POINT('Ctrl Pts',(-12.08512617454,-3.41329820941773,67.5135437802225));
#2509=CARTESIAN_POINT('Ctrl Pts',(-11.949144371807,-3.52096326488388,70.0020273983932));
#2510=CARTESIAN_POINT('Ctrl Pts',(-10.2909121765073,-3.42172717497521,78.1360513090283));
#2511=CARTESIAN_POINT('Ctrl Pts',(-8.97741593185341,-3.38862566303086,84.8681376144968));
#2512=CARTESIAN_POINT('Ctrl Pts',(-7.66391182521504,-3.35552264281877,91.6002558923903));
#2513=CARTESIAN_POINT('Ctrl Pts',(-12.1796696078347,-3.34077552860036,64.9315779792708));
#2514=CARTESIAN_POINT('Ctrl Pts',(-12.0840936249286,-3.41453482453786,67.5140464337518));
#2515=CARTESIAN_POINT('Ctrl Pts',(-11.9464588691304,-3.52078992706981,70.0030760218036));
#2516=CARTESIAN_POINT('Ctrl Pts',(-10.2898598577078,-3.42290321719749,78.1365680800694));
#2517=CARTESIAN_POINT('Ctrl Pts',(-8.97729790304249,-3.39007712177774,84.8683959982249));
#2518=CARTESIAN_POINT('Ctrl Pts',(-7.66472810233145,-3.35724954258321,91.6002558825685));
#2519=CARTESIAN_POINT('Ctrl Pts',(-12.1835037053965,-3.34995399785484,64.9315057076321));
#2520=CARTESIAN_POINT('Ctrl Pts',(-12.0783650610049,-3.42032933870814,67.5166972104548));
#2521=CARTESIAN_POINT('Ctrl Pts',(-11.9372038907867,-3.51301037471304,70.0088628788089));
#2522=CARTESIAN_POINT('Ctrl Pts',(-10.28412045705,-3.42824916829985,78.1392986899884));
#2523=CARTESIAN_POINT('Ctrl Pts',(-8.97636137514611,-3.39710835024641,84.8697612965171));
#2524=CARTESIAN_POINT('Ctrl Pts',(-7.66859441783653,-3.365966309326,91.6002558306707));
#2525=CARTESIAN_POINT('Ctrl Pts',(-12.186332025028,-3.35963453941265,64.9314207005737));
#2526=CARTESIAN_POINT('Ctrl Pts',(-12.0727965403726,-3.42513227419168,67.5198128127863));
#2527=CARTESIAN_POINT('Ctrl Pts',(-11.9349999261215,-3.50371140980569,70.0158837449132));
#2528=CARTESIAN_POINT('Ctrl Pts',(-10.2786485208088,-3.43255071414267,78.1425127199027));
#2529=CARTESIAN_POINT('Ctrl Pts',(-8.97501777138159,-3.40380590673573,84.8713683060158));
#2530=CARTESIAN_POINT('Ctrl Pts',(-7.67137897786542,-3.37506013199335,91.6002557695848));
#2531=CARTESIAN_POINT('Ctrl Pts',(-12.1879096830825,-3.3676226312314,64.9313454143961));
#2532=CARTESIAN_POINT('Ctrl Pts',(-12.0685351709007,-3.42839769087215,67.5225727437797));
#2533=CARTESIAN_POINT('Ctrl Pts',(-11.9341291655193,-3.49704417132966,70.0220445453718));
#2534=CARTESIAN_POINT('Ctrl Pts',(-10.2744650431636,-3.43541168934985,78.1453586145061));
#2535=CARTESIAN_POINT('Ctrl Pts',(-8.97368563098997,-3.40895065434192,84.8727912478469));
#2536=CARTESIAN_POINT('Ctrl Pts',(-7.67289803414752,-3.38248881721613,91.6002557154958));
#2537=CARTESIAN_POINT('Ctrl Pts',(-12.1896402611212,-3.38391006712619,64.9311820762344));
#2538=CARTESIAN_POINT('Ctrl Pts',(-12.0605156401546,-3.43394700789496,67.5285632983526));
#2539=CARTESIAN_POINT('Ctrl Pts',(-11.9312914219593,-3.48512409400902,70.0351566763542));
#2540=CARTESIAN_POINT('Ctrl Pts',(-10.266560168975,-3.44013857216669,78.1515303043905));
#2541=CARTESIAN_POINT('Ctrl Pts',(-8.97054285993122,-3.41880977887538,84.8758770780933));
#2542=CARTESIAN_POINT('Ctrl Pts',(-7.67451714204917,-3.39748044607165,91.6002555981969));
#2543=CARTESIAN_POINT('Ctrl Pts',(-12.1884702407874,-3.40045116837236,64.9309969285103));
#2544=CARTESIAN_POINT('Ctrl Pts',(-12.0535969480578,-3.43789278516066,67.5353569523541));
#2545=CARTESIAN_POINT('Ctrl Pts',(-11.9296561003653,-3.47429865700047,70.0497177728241));
#2546=CARTESIAN_POINT('Ctrl Pts',(-10.2597814301498,-3.443202424297,78.1585229037319));
#2547=CARTESIAN_POINT('Ctrl Pts',(-8.96656833995172,-3.4278062386406,84.8793733577484));
#2548=CARTESIAN_POINT('Ctrl Pts',(-7.67334665965885,-3.41240969493151,91.6002554652958));
#2549=CARTESIAN_POINT('Ctrl Pts',(-12.1871484327249,-3.40866576334222,64.9308984120636));
#2550=CARTESIAN_POINT('Ctrl Pts',(-12.0504049228437,-3.44055309807356,67.5389726438407));
#2551=CARTESIAN_POINT('Ctrl Pts',(-11.928955586846,-3.47069625292289,70.0573894627283));
#2552=CARTESIAN_POINT('Ctrl Pts',(-10.2566714533807,-3.44542448447021,78.1622428432349));
#2553=CARTESIAN_POINT('Ctrl Pts',(-8.96437812302633,-3.43260037452177,84.8812333160018));
#2554=CARTESIAN_POINT('Ctrl Pts',(-7.67207612664974,-3.41977598069441,91.6002553945948));
#2555=CARTESIAN_POINT('Ctrl Pts',(-12.1819941670568,-3.42902640285104,64.9306501420456));
#2556=CARTESIAN_POINT('Ctrl Pts',(-12.0435860979055,-3.44157107502372,67.5480854558838));
#2557=CARTESIAN_POINT('Ctrl Pts',(-11.9297546377572,-3.45398597256956,70.0766331941538));
#2558=CARTESIAN_POINT('Ctrl Pts',(-10.2501500991455,-3.44522606042229,78.1716164766733));
#2559=CARTESIAN_POINT('Ctrl Pts',(-8.95870415439895,-3.4414873965211,84.885920102748));
#2560=CARTESIAN_POINT('Ctrl Pts',(-7.66724935735344,-3.43774861810607,91.6002552164401));
#2561=CARTESIAN_POINT('Ctrl Pts',(-12.1723378575489,-3.44784573107771,64.9303762322547));
#2562=CARTESIAN_POINT('Ctrl Pts',(-12.0392020724564,-3.44787162464818,67.5581437888724));
#2563=CARTESIAN_POINT('Ctrl Pts',(-11.9326098178259,-3.44768053697052,70.0974508169145));
#2564=CARTESIAN_POINT('Ctrl Pts',(-10.2462574542666,-3.45037327129102,78.1819538323256));
#2565=CARTESIAN_POINT('Ctrl Pts',(-8.95239331371603,-3.45226636936856,84.891088742906));
#2566=CARTESIAN_POINT('Ctrl Pts',(-7.65852022212491,-3.45415948568258,91.6002550199692));
#2567=CARTESIAN_POINT('Ctrl Pts',(-12.1650066978202,-3.45828489125684,64.9302065840562));
#2568=CARTESIAN_POINT('Ctrl Pts',(-12.0365310439561,-3.45302859920287,67.5643744103609));
#2569=CARTESIAN_POINT('Ctrl Pts',(-11.9341033560248,-3.44696672493959,70.1102586844971));
#2570=CARTESIAN_POINT('Ctrl Pts',(-10.2439702606537,-3.45487984534855,78.1883554584782));
#2571=CARTESIAN_POINT('Ctrl Pts',(-8.94798898140316,-3.45903926958464,84.8942895316989));
#2572=CARTESIAN_POINT('Ctrl Pts',(-7.65199871317257,-3.46319877942729,91.6002548983003));
#2573=CARTESIAN_POINT('Ctrl Pts',(-12.1533915252512,-3.47068195369137,64.9299785540185));
#2574=CARTESIAN_POINT('Ctrl Pts',(-12.0317910551889,-3.46105150277172,67.572749713479));
#2575=CARTESIAN_POINT('Ctrl Pts',(-11.9346208374861,-3.44921716479473,70.127426490569));
#2576=CARTESIAN_POINT('Ctrl Pts',(-10.2398758729132,-3.46212867236966,78.1969596073823));
#2577=CARTESIAN_POINT('Ctrl Pts',(-8.94085468510704,-3.46800981724639,84.8985915729803));
#2578=CARTESIAN_POINT('Ctrl Pts',(-7.64182447247143,-3.47389112245736,91.6002547347706));
#2579=CARTESIAN_POINT('Ctrl Pts',(-12.1397417265896,-3.48062966628764,64.929755063829));
#2580=CARTESIAN_POINT('Ctrl Pts',(-12.0241199950474,-3.4697789255914,67.5809580654949));
#2581=CARTESIAN_POINT('Ctrl Pts',(-11.9317384521419,-3.4546433733622,70.1442719500042));
#2582=CARTESIAN_POINT('Ctrl Pts',(-10.2330191715416,-3.47025586929121,78.2053926599125));
#2583=CARTESIAN_POINT('Ctrl Pts',(-8.93154094707716,-3.47636973458568,84.9028080669514));
#2584=CARTESIAN_POINT('Ctrl Pts',(-7.63005366318087,-3.48248381650611,91.6002545744927));
#2585=CARTESIAN_POINT('Ctrl Pts',(-12.1362126266274,-3.48295121646774,64.9297000731828));
#2586=CARTESIAN_POINT('Ctrl Pts',(-12.0219252355233,-3.47211495581206,67.5829777283346));
#2587=CARTESIAN_POINT('Ctrl Pts',(-11.9306416230889,-3.45668880939801,70.1484200958666));
#2588=CARTESIAN_POINT('Ctrl Pts',(-10.2310365661448,-3.47246250837494,78.2074676799409));
#2589=CARTESIAN_POINT('Ctrl Pts',(-8.92903231448184,-3.4784785408266,84.9038455690558));
#2590=CARTESIAN_POINT('Ctrl Pts',(-7.62701899518275,-3.48449479581186,91.600254535055));
#2591=CARTESIAN_POINT('Ctrl Pts',(-12.1252884364721,-3.48942725625992,64.9295341092768));
#2592=CARTESIAN_POINT('Ctrl Pts',(-12.0150172114351,-3.47839005435058,67.5890730174691));
#2593=CARTESIAN_POINT('Ctrl Pts',(-11.927340362101,-3.46020667556559,70.160951724358));
#2594=CARTESIAN_POINT('Ctrl Pts',(-10.2248055042521,-3.47833564292755,78.2137303003914));
#2595=CARTESIAN_POINT('Ctrl Pts',(-8.92123924195692,-3.48421778281017,84.9069768555463));
#2596=CARTESIAN_POINT('Ctrl Pts',(-7.61766388083209,-3.49010020199476,91.6002544160282));
#2597=CARTESIAN_POINT('Ctrl Pts',(-12.1134979290072,-3.49427643291668,64.9293787011446));
#2598=CARTESIAN_POINT('Ctrl Pts',(-12.0051327665482,-3.48576258529525,67.5947799695611));
#2599=CARTESIAN_POINT('Ctrl Pts',(-11.9201414774093,-3.46953345863353,70.1727481772455));
#2600=CARTESIAN_POINT('Ctrl Pts',(-10.2156655435489,-3.48551037562965,78.2195952480808));
#2601=CARTESIAN_POINT('Ctrl Pts',(-8.91165395472486,-3.48994580982003,84.9099093078542));
#2602=CARTESIAN_POINT('Ctrl Pts',(-7.60763323295905,-3.4943815072266,91.6002543045595));
#2603=CARTESIAN_POINT('Ctrl Pts',(-12.1053308694668,-3.49673679381715,64.9292786732153));
#2604=CARTESIAN_POINT('Ctrl Pts',(-11.9972812486601,-3.49071548854763,67.5984530996875));
#2605=CARTESIAN_POINT('Ctrl Pts',(-11.9133101540206,-3.47742452961916,70.1803531867066));
#2606=CARTESIAN_POINT('Ctrl Pts',(-10.20832928029,-3.49041966134608,78.2233703305758));
#2607=CARTESIAN_POINT('Ctrl Pts',(-8.90452672220486,-3.49351491570559,84.911796835376));
#2608=CARTESIAN_POINT('Ctrl Pts',(-7.60071501489502,-3.49661039584289,91.6002542328105));
#2609=CARTESIAN_POINT('Ctrl Pts',(-12.0885439311863,-3.50008559033392,64.9290898327451));
#2610=CARTESIAN_POINT('Ctrl Pts',(-11.978508863729,-3.49852864075098,67.6053873447035));
#2611=CARTESIAN_POINT('Ctrl Pts',(-11.894160571415,-3.4910985224198,70.1947268799082));
#2612=CARTESIAN_POINT('Ctrl Pts',(-10.1905913835318,-3.49825879314846,78.2304973949287));
#2613=CARTESIAN_POINT('Ctrl Pts',(-8.88856446027089,-3.49901706458829,84.915360341822));
#2614=CARTESIAN_POINT('Ctrl Pts',(-7.58652837948452,-3.49977548203331,91.6002540973541));
#2615=CARTESIAN_POINT('Ctrl Pts',(-12.0713645773616,-3.500150492217,64.9289132530691));
#2616=CARTESIAN_POINT('Ctrl Pts',(-11.9546934770205,-3.5017357039586,67.6118720219266));
#2617=CARTESIAN_POINT('Ctrl Pts',(-11.8638141565578,-3.50065669275283,70.2081063425344));
#2618=CARTESIAN_POINT('Ctrl Pts',(-10.1677388889953,-3.50175594843662,78.2371610838752));
#2619=CARTESIAN_POINT('Ctrl Pts',(-8.86988950627785,-3.50101746352207,84.918692161557));
#2620=CARTESIAN_POINT('Ctrl Pts',(-7.5720310416678,-3.50027902051972,91.6002539707045));
#2621=CARTESIAN_POINT('Ctrl Pts',(-12.0627618537976,-3.49934032489411,64.9288265123847));
#2622=CARTESIAN_POINT('Ctrl Pts',(-11.9417123169486,-3.50176480741928,67.6150575745294));
#2623=CARTESIAN_POINT('Ctrl Pts',(-11.8462688091229,-3.50309991970407,70.2146688608696));
#2624=CARTESIAN_POINT('Ctrl Pts',(-10.1552158375133,-3.50198270984594,78.2404343641195));
#2625=CARTESIAN_POINT('Ctrl Pts',(-8.85999483214062,-3.50091691219393,84.9203287894176));
#2626=CARTESIAN_POINT('Ctrl Pts',(-7.56476479947081,-3.49985111336981,91.6002539084928));
#2627=CARTESIAN_POINT('Ctrl Pts',(-12.0542947392456,-3.49768960658923,64.9287402635705));
#2628=CARTESIAN_POINT('Ctrl Pts',(-11.9279327002752,-3.49981361270702,67.6182250986528));
#2629=CARTESIAN_POINT('Ctrl Pts',(-11.8268920729605,-3.50189969895057,70.2211908383709));
#2630=CARTESIAN_POINT('Ctrl Pts',(-10.1418578593735,-3.50026522890624,78.2436890481239));
#2631=CARTESIAN_POINT('Ctrl Pts',(-8.84972553581646,-3.49950556639001,84.9219561191908));
#2632=CARTESIAN_POINT('Ctrl Pts',(-7.55758425178527,-3.49874588392306,91.6002538466346));
#2633=CARTESIAN_POINT('Ctrl Pts',(-12.0461062474073,-3.49522589085331,64.9286532117012));
#2634=CARTESIAN_POINT('Ctrl Pts',(-11.9136150632148,-3.49550596422976,67.6214220789543));
#2635=CARTESIAN_POINT('Ctrl Pts',(-11.8062014405093,-3.49578675673775,70.2277769533652));
#2636=CARTESIAN_POINT('Ctrl Pts',(-10.1279071432675,-3.49620787814494,78.246974071921));
#2637=CARTESIAN_POINT('Ctrl Pts',(-8.83924525214255,-3.49659565339779,84.9235986187844));
#2638=CARTESIAN_POINT('Ctrl Pts',(-7.55057447510688,-3.49698342941113,91.6002537841997));
#2639=CARTESIAN_POINT('',(-0.550811681216301,-1.75203108432006,91.6));
#2640=CARTESIAN_POINT('',(5.575,-1.,91.6));
#2641=CARTESIAN_POINT('Origin',(5.575,-26.3254953815837,91.6));
#2642=CARTESIAN_POINT('Ctrl Pts',(-4.04282468618878,0.0468378728783853,
65.));
#2643=CARTESIAN_POINT('Ctrl Pts',(-3.98700999822992,-0.0792208557735593,
67.6703371266401));
#2644=CARTESIAN_POINT('Ctrl Pts',(-3.93649495930042,-0.193310207844393,
70.3413500640733));
#2645=CARTESIAN_POINT('Ctrl Pts',(-2.59020479624093,-0.798768438652936,
78.3103371266401));
#2646=CARTESIAN_POINT('Ctrl Pts',(-1.57050823872862,-1.2753997614865,84.95516856332));
#2647=CARTESIAN_POINT('Ctrl Pts',(-0.550811681216302,-1.75203108432006,
91.6));
#2648=CARTESIAN_POINT('Ctrl Pts',(-12.0428239364306,-3.49530051453111,65.));
#2649=CARTESIAN_POINT('Ctrl Pts',(-11.9114628780771,-3.49562788860658,67.6774805320291));
#2650=CARTESIAN_POINT('Ctrl Pts',(-11.7801018197236,-3.49595526268206,70.3549610640582));
#2651=CARTESIAN_POINT('Ctrl Pts',(-10.1146579757951,-3.49631989780061,78.3174805320291));
#2652=CARTESIAN_POINT('Ctrl Pts',(-8.83273482826033,-3.4966752176584,84.9587402660145));
#2653=CARTESIAN_POINT('Ctrl Pts',(-7.55081168072558,-3.49703053751618,91.6));
#2654=CARTESIAN_POINT('Origin',(5.575,-0.25,91.6));
#2655=CARTESIAN_POINT('Ctrl Pts',(-12.0428239364306,-3.49530051453111,65.));
#2656=CARTESIAN_POINT('Ctrl Pts',(-11.9114628780771,-3.49562788860658,67.6774805320291));
#2657=CARTESIAN_POINT('Ctrl Pts',(-11.7801018197236,-3.49595526268206,70.3549610640582));
#2658=CARTESIAN_POINT('Ctrl Pts',(-10.1146579757951,-3.49631989780061,78.3174805320291));
#2659=CARTESIAN_POINT('Ctrl Pts',(-8.83273482826033,-3.4966752176584,84.9587402660145));
#2660=CARTESIAN_POINT('Ctrl Pts',(-7.55081168072558,-3.49703053751618,91.6));
#2661=CARTESIAN_POINT('Ctrl Pts',(-11.2445760458515,-3.14186241942063,65.));
#2662=CARTESIAN_POINT('Ctrl Pts',(-11.1206708721048,-3.15498596353209,67.6768656832094));
#2663=CARTESIAN_POINT('Ctrl Pts',(-10.9968863931609,-3.16783691571587,70.3537373212097));
#2664=CARTESIAN_POINT('Ctrl Pts',(-9.36265598579205,-3.22712631128334,78.3168656832094));
#2665=CARTESIAN_POINT('Ctrl Pts',(-8.10609740793077,-3.27466980004105,84.9584328416047));
#2666=CARTESIAN_POINT('Ctrl Pts',(-6.8495388300695,-3.32221328879876,91.6));
#2667=CARTESIAN_POINT('Ctrl Pts',(-10.463803852988,-2.79616199250102,65.));
#2668=CARTESIAN_POINT('Ctrl Pts',(-10.3478185045492,-2.82103388614701,67.6764566350422));
#2669=CARTESIAN_POINT('Ctrl Pts',(-10.2322247703967,-2.84502131041286,70.3529364249254));
#2670=CARTESIAN_POINT('Ctrl Pts',(-8.61503053236415,-2.95988899487704,78.3164566350422));
#2671=CARTESIAN_POINT('Ctrl Pts',(-7.37343222744473,-3.05159437960157,84.9582283175211));
#2672=CARTESIAN_POINT('Ctrl Pts',(-6.1318339225253,-3.1432997643261,91.6));
#2673=CARTESIAN_POINT('Ctrl Pts',(-9.69046452114804,-2.45375259368504,64.9999999999999));
#2674=CARTESIAN_POINT('Ctrl Pts',(-9.58264613135603,-2.48981468066511,67.6761719244061));
#2675=CARTESIAN_POINT('Ctrl Pts',(-9.47559286056377,-2.52414872976216,70.3523948816672));
#2676=CARTESIAN_POINT('Ctrl Pts',(-7.86873409674982,-2.69322609409865,78.3161719244062));
#2677=CARTESIAN_POINT('Ctrl Pts',(-6.63720926569118,-2.82775361068378,84.9580859622032));
#2678=CARTESIAN_POINT('Ctrl Pts',(-5.40568443463253,-2.96228112726891,91.6000000000001));
#2679=CARTESIAN_POINT('Ctrl Pts',(-8.91794936917507,-2.11170811479621,64.9999999999999));
#2680=CARTESIAN_POINT('Ctrl Pts',(-8.81832826400673,-2.15889190321089,67.6759300881803));
#2681=CARTESIAN_POINT('Ctrl Pts',(-8.71990072833108,-2.20337998866361,70.351949197897));
#2682=CARTESIAN_POINT('Ctrl Pts',(-7.12347028586921,-2.42684023833884,78.3159300881803));
#2683=CARTESIAN_POINT('Ctrl Pts',(-5.90213735485023,-2.60420959547747,84.9579650440902));
#2684=CARTESIAN_POINT('Ctrl Pts',(-4.68080442383126,-2.7815789526161,91.6000000000001));
#2685=CARTESIAN_POINT('Ctrl Pts',(-7.35647751368668,-1.42033937497757,64.9999999999999));
#2686=CARTESIAN_POINT('Ctrl Pts',(-7.27287801499542,-1.49060891106457,67.6753692383065));
#2687=CARTESIAN_POINT('Ctrl Pts',(-7.19134359944012,-1.55621440982828,70.3509225622563));
#2688=CARTESIAN_POINT('Ctrl Pts',(-5.63019501744218,-1.8924102133938,78.3153692383065));
#2689=CARTESIAN_POINT('Ctrl Pts',(-4.43998251862289,-2.15862642209722,84.9576846191533));
#2690=CARTESIAN_POINT('Ctrl Pts',(-3.24977001980359,-2.42484263080064,91.6000000000001));
#2691=CARTESIAN_POINT('Ctrl Pts',(-6.56752081017128,-1.07101511404776,65.));
#2692=CARTESIAN_POINT('Ctrl Pts',(-6.49201944653526,-1.15263028310715,67.6746963129495));
#2693=CARTESIAN_POINT('Ctrl Pts',(-6.41906649765651,-1.22848980277874,70.3496250320639));
#2694=CARTESIAN_POINT('Ctrl Pts',(-4.88245737309762,-1.62374763094325,78.3146963129496));
#2695=CARTESIAN_POINT('Ctrl Pts',(-3.7130364998374,-1.93627805729062,84.9573481564749));
#2696=CARTESIAN_POINT('Ctrl Pts',(-2.54361562657719,-2.248808483638,91.6000000000001));
#2697=CARTESIAN_POINT('Ctrl Pts',(-5.76129837524642,-0.71404615114984,65.));
#2698=CARTESIAN_POINT('Ctrl Pts',(-5.69346930644348,-0.80796872290365,67.6736323464006));
#2699=CARTESIAN_POINT('Ctrl Pts',(-5.62882113787979,-0.89470716615163,70.3475755791813));
#2700=CARTESIAN_POINT('Ctrl Pts',(-4.13091690587856,-1.35320062306817,78.3136323464007));
#2701=CARTESIAN_POINT('Ctrl Pts',(-2.99291713985635,-1.71516326231466,84.9568161732004));
#2702=CARTESIAN_POINT('Ctrl Pts',(-1.85491737383413,-2.07712590156114,91.6));
#2703=CARTESIAN_POINT('Ctrl Pts',(-4.92632897879209,-0.344348972565045,
65.));
#2704=CARTESIAN_POINT('Ctrl Pts',(-4.86523319256116,-0.452699727321105,
67.6721787978881));
#2705=CARTESIAN_POINT('Ctrl Pts',(-4.80820152497318,-0.551871585230124,
70.3448064932905));
#2706=CARTESIAN_POINT('Ctrl Pts',(-3.3707607480548,-1.07952350320011,78.3121787978881));
#2707=CARTESIAN_POINT('Ctrl Pts',(-2.2804543077905,-1.49546595773133,84.9560893989441));
#2708=CARTESIAN_POINT('Ctrl Pts',(-1.1901478675262,-1.91140841226255,91.6));
#2709=CARTESIAN_POINT('Ctrl Pts',(-4.04282468618878,0.0468378728783853,
65.));
#2710=CARTESIAN_POINT('Ctrl Pts',(-3.98700999822992,-0.0792208557735593,
67.6703371266401));
#2711=CARTESIAN_POINT('Ctrl Pts',(-3.93649495930042,-0.193310207844393,
70.3413500640733));
#2712=CARTESIAN_POINT('Ctrl Pts',(-2.59020479624093,-0.798768438652936,
78.3103371266401));
#2713=CARTESIAN_POINT('Ctrl Pts',(-1.57050823872862,-1.2753997614865,84.95516856332));
#2714=CARTESIAN_POINT('Ctrl Pts',(-0.550811681216302,-1.75203108432006,
91.6));
#2715=CARTESIAN_POINT('',(-7.55081168072558,-3.49703053751618,91.6));
#2716=CARTESIAN_POINT('Ctrl Pts',(5.56676214992956,0.499999691723221,91.5995419895645));
#2717=CARTESIAN_POINT('Ctrl Pts',(5.17555622809644,-0.169581944936114,98.3809404472444));
#2718=CARTESIAN_POINT('Ctrl Pts',(-0.162221885951782,-1.83479097246806,
99.9904702236222));
#2719=CARTESIAN_POINT('Ctrl Pts',(-5.50000000000001,-3.5,101.6));
#2720=CARTESIAN_POINT('Ctrl Pts',(5.33681509055755,0.497460305323098,91.5995450944003));
#2721=CARTESIAN_POINT('Ctrl Pts',(4.90549718760398,-0.0920644877838234,
98.3349719395533));
#2722=CARTESIAN_POINT('Ctrl Pts',(-0.29725140619801,-1.79603224389191,99.9674859697767));
#2723=CARTESIAN_POINT('Ctrl Pts',(-5.50000000000001,-3.5,101.6));
#2724=CARTESIAN_POINT('Ctrl Pts',(4.72372177127395,0.480124415213747,91.5996016320129));
#2725=CARTESIAN_POINT('Ctrl Pts',(4.45023414880909,-0.170472253364174,97.4979068441152));
#2726=CARTESIAN_POINT('Ctrl Pts',(-0.524882925595456,-1.83523612668209,
99.5489534220576));
#2727=CARTESIAN_POINT('Ctrl Pts',(-5.50000000000001,-3.5,101.6));
#2728=CARTESIAN_POINT('Ctrl Pts',(3.50012061081777,0.389100210201231,91.5996580088677));
#2729=CARTESIAN_POINT('Ctrl Pts',(3.24886306369669,-0.096304113882407,96.6632218418629));
#2730=CARTESIAN_POINT('Ctrl Pts',(-1.12556846815165,-1.7981520569412,99.1316109209315));
#2731=CARTESIAN_POINT('Ctrl Pts',(-5.50000000000001,-3.5,101.6));
#2732=CARTESIAN_POINT('Ctrl Pts',(1.90651630012876,0.149877037202139,91.5997453280358));
#2733=CARTESIAN_POINT('Ctrl Pts',(1.78971794798355,-0.253470873130758,95.3704218038013));
#2734=CARTESIAN_POINT('Ctrl Pts',(-1.85514102600822,-1.87673543656538,98.4852109019006));
#2735=CARTESIAN_POINT('Ctrl Pts',(-5.50000000000001,-3.5,101.6));
#2736=CARTESIAN_POINT('Ctrl Pts',(0.118070784998597,-0.289653466089644,
91.5998206887791));
#2737=CARTESIAN_POINT('Ctrl Pts',(0.0670508288382877,-0.560668047662642,
94.2546716902204));
#2738=CARTESIAN_POINT('Ctrl Pts',(-2.71647458558086,-2.03033402383132,97.9273358451102));
#2739=CARTESIAN_POINT('Ctrl Pts',(-5.50000000000001,-3.5,101.6));
#2740=CARTESIAN_POINT('Ctrl Pts',(-1.04226778465388,-0.690957355836404,
91.5998621591935));
#2741=CARTESIAN_POINT('Ctrl Pts',(-1.05184596806621,-0.912202579201299,
93.6406833242933));
#2742=CARTESIAN_POINT('Ctrl Pts',(-3.27592298403311,-2.20610128960065,97.6203416621467));
#2743=CARTESIAN_POINT('Ctrl Pts',(-5.50000000000001,-3.5,101.6));
#2744=CARTESIAN_POINT('Ctrl Pts',(-2.11199600371979,-1.11693574887034,91.5998959186416));
#2745=CARTESIAN_POINT('Ctrl Pts',(-2.10542519893552,-1.28337074323643,93.1408593255447));
#2746=CARTESIAN_POINT('Ctrl Pts',(-3.80271259946776,-2.39168537161821,97.3704296627724));
#2747=CARTESIAN_POINT('Ctrl Pts',(-5.50000000000001,-3.5,101.6));
#2748=CARTESIAN_POINT('Ctrl Pts',(-3.11199576268283,-1.51514839689497,91.5999232333991));
#2749=CARTESIAN_POINT('Ctrl Pts',(-3.10899884348018,-1.6237107280239,92.7364519060477));
#2750=CARTESIAN_POINT('Ctrl Pts',(-4.30449942174009,-2.56185536401195,97.1682259530238));
#2751=CARTESIAN_POINT('Ctrl Pts',(-5.50000000000001,-3.5,101.6));
#2752=CARTESIAN_POINT('Ctrl Pts',(-4.42449609453123,-2.03780005723245,91.5999495277474));
#2753=CARTESIAN_POINT('Ctrl Pts',(-4.41659221649567,-2.10653515363533,92.3471521073415));
#2754=CARTESIAN_POINT('Ctrl Pts',(-4.95829610824784,-2.80326757681767,96.9735760536707));
#2755=CARTESIAN_POINT('Ctrl Pts',(-5.50000000000001,-3.5,101.6));
#2756=CARTESIAN_POINT('Ctrl Pts',(-5.42449603717543,-2.43601031871848,91.5999634857811));
#2757=CARTESIAN_POINT('Ctrl Pts',(-5.41744637781909,-2.48220892883123,92.1404970644006));
#2758=CARTESIAN_POINT('Ctrl Pts',(-5.45872318890954,-2.99110446441562,96.8702485322003));
#2759=CARTESIAN_POINT('Ctrl Pts',(-5.50000000000001,-3.5,101.6));
#2760=CARTESIAN_POINT('Ctrl Pts',(-6.11199605779658,-2.70977954652593,91.5999704880004));
#2761=CARTESIAN_POINT('Ctrl Pts',(-6.10464449781039,-2.74532550315916,92.0368260199341));
#2762=CARTESIAN_POINT('Ctrl Pts',(-5.80232224890519,-3.12266275157958,96.8184130099671));
#2763=CARTESIAN_POINT('Ctrl Pts',(-5.50000000000001,-3.5,101.6));
#2764=CARTESIAN_POINT('Ctrl Pts',(-6.61199593434265,-2.90888434820411,91.5999741122308));
#2765=CARTESIAN_POINT('Ctrl Pts',(-6.60647478085696,-2.93803434537938,91.9831676377512));
#2766=CARTESIAN_POINT('Ctrl Pts',(-6.05323739042848,-3.21901717268969,96.7915838188756));
#2767=CARTESIAN_POINT('Ctrl Pts',(-5.50000000000001,-3.5,101.6));
#2768=CARTESIAN_POINT('Ctrl Pts',(-6.98699617299557,-3.05821275375199,91.5999758962541));
#2769=CARTESIAN_POINT('Ctrl Pts',(-6.97794283777051,-3.08546323749906,91.9567543607));
#2770=CARTESIAN_POINT('Ctrl Pts',(-6.23897141888525,-3.29273161874953,96.77837718035));
#2771=CARTESIAN_POINT('Ctrl Pts',(-5.50000000000001,-3.5,101.6));
#2772=CARTESIAN_POINT('Ctrl Pts',(-7.23699574098494,-3.15776520318936,91.5999766644097));
#2773=CARTESIAN_POINT('Ctrl Pts',(-7.23433960229726,-3.18109770393726,91.9453814676742));
#2774=CARTESIAN_POINT('Ctrl Pts',(-6.36716980114863,-3.34054885196863,96.7726907338371));
#2775=CARTESIAN_POINT('Ctrl Pts',(-5.50000000000001,-3.5,101.6));
#2776=CARTESIAN_POINT('Ctrl Pts',(-7.42449707678812,-3.23242894510162,91.5999771188872));
#2777=CARTESIAN_POINT('Ctrl Pts',(-7.40206273733047,-3.26163512309461,91.9386527206815));
#2778=CARTESIAN_POINT('Ctrl Pts',(-6.45103136866524,-3.38081756154731,96.7693263603407));
#2779=CARTESIAN_POINT('Ctrl Pts',(-5.50000000000001,-3.5,101.6));
#2780=CARTESIAN_POINT('Ctrl Pts',(-7.54949374865575,-3.28220624416982,91.5999770857972));
#2781=CARTESIAN_POINT('Ctrl Pts',(-7.576337319519,-3.29354593407216,91.9391426329856));
#2782=CARTESIAN_POINT('Ctrl Pts',(-6.5381686597595,-3.39677296703608,96.7695713164928));
#2783=CARTESIAN_POINT('Ctrl Pts',(-5.50000000000001,-3.5,101.6));
#2784=CARTESIAN_POINT('Ctrl Pts',(-7.6352768267227,-3.31636349602555,91.5999772719181));
#2785=CARTESIAN_POINT('Ctrl Pts',(-7.61576838897607,-3.34358902991103,91.9363870297538));
#2786=CARTESIAN_POINT('Ctrl Pts',(-6.55788419448804,-3.42179451495551,96.7681935148769));
#2787=CARTESIAN_POINT('Ctrl Pts',(-5.50000000000001,-3.5,101.6));
#2788=CARTESIAN_POINT('Ctrl Pts',(-7.67444219705471,-3.35308201324925,91.5999774151613));
#2789=CARTESIAN_POINT('Ctrl Pts',(-7.61356642522662,-3.39462105760739,91.9342662494079));
#2790=CARTESIAN_POINT('Ctrl Pts',(-6.55678321261331,-3.44731052880369,96.7671331247039));
#2791=CARTESIAN_POINT('Ctrl Pts',(-5.50000000000001,-3.5,101.6));
#2792=CARTESIAN_POINT('Ctrl Pts',(-7.67963254760397,-3.43382255778349,91.5999774591942));
#2793=CARTESIAN_POINT('Ctrl Pts',(-7.60813559541571,-3.4077674336727,91.9336143206306));
#2794=CARTESIAN_POINT('Ctrl Pts',(-6.55406779770785,-3.45388371683635,96.7668071603153));
#2795=CARTESIAN_POINT('Ctrl Pts',(-5.50000000000001,-3.5,101.6));
#2796=CARTESIAN_POINT('Ctrl Pts',(-7.62835887588203,-3.49606079768415,91.5999772473544));
#2797=CARTESIAN_POINT('Ctrl Pts',(-7.6219168168426,-3.45553698012368,91.9367507062521));
#2798=CARTESIAN_POINT('Ctrl Pts',(-6.5609584084213,-3.47776849006184,96.7683753531261));
#2799=CARTESIAN_POINT('Ctrl Pts',(-5.50000000000001,-3.5,101.6));
#2800=CARTESIAN_POINT('Ctrl Pts',(-7.57512578138369,-3.50309149429163,91.5999772291768));
#2801=CARTESIAN_POINT('Ctrl Pts',(-7.56967581748252,-3.50467767122054,91.9370198340658));
#2802=CARTESIAN_POINT('Ctrl Pts',(-6.53483790874126,-3.50233883561027,96.7685099170329));
#2803=CARTESIAN_POINT('Ctrl Pts',(-5.50000000000001,-3.5,101.6));
#2804=CARTESIAN_POINT('Ctrl Pts',(-7.47789529578918,-3.47884973921279,91.5999771856785));
#2805=CARTESIAN_POINT('Ctrl Pts',(-7.4737436115374,-3.53393872701205,91.9376638453402));
#2806=CARTESIAN_POINT('Ctrl Pts',(-6.4868718057687,-3.51696936350603,96.7688319226701));
#2807=CARTESIAN_POINT('Ctrl Pts',(-5.50000000000001,-3.5,101.6));
#2808=CARTESIAN_POINT('Ctrl Pts',(-7.33206203917143,-3.44249948913118,91.5999770882653));
#2809=CARTESIAN_POINT('Ctrl Pts',(-7.32677362839612,-3.43976615960133,91.9391060920002));
#2810=CARTESIAN_POINT('Ctrl Pts',(-6.41338681419806,-3.46988307980066,96.7695530460001));
#2811=CARTESIAN_POINT('Ctrl Pts',(-5.50000000000001,-3.5,101.6));
#2812=CARTESIAN_POINT('Ctrl Pts',(-7.11331198962373,-3.38796660671735,91.5999767345644));
#2813=CARTESIAN_POINT('Ctrl Pts',(-7.10875570018215,-3.40965611495239,91.9443427950828));
#2814=CARTESIAN_POINT('Ctrl Pts',(-6.30437785009108,-3.45482805747619,96.7721713975414));
#2815=CARTESIAN_POINT('Ctrl Pts',(-5.50000000000001,-3.5,101.6));
#2816=CARTESIAN_POINT('Ctrl Pts',(-6.89456198638873,-3.33343572263478,91.5999762053708));
#2817=CARTESIAN_POINT('Ctrl Pts',(-6.89005188242323,-3.34995981427184,91.9521777472451));
#2818=CARTESIAN_POINT('Ctrl Pts',(-6.19502594121161,-3.42497990713592,96.7760888736226));
#2819=CARTESIAN_POINT('Ctrl Pts',(-5.50000000000001,-3.5,101.6));
#2820=CARTESIAN_POINT('Ctrl Pts',(-6.67581197239844,-3.27890429003049,91.5999754940187));
#2821=CARTESIAN_POINT('Ctrl Pts',(-6.67150712757105,-3.29838458392958,91.9627096406271));
#2822=CARTESIAN_POINT('Ctrl Pts',(-6.08575356378553,-3.39919229196479,96.7813548203135));
#2823=CARTESIAN_POINT('Ctrl Pts',(-5.50000000000001,-3.5,101.6));
#2824=CARTESIAN_POINT('Ctrl Pts',(-6.31122862213766,-3.18801878028901,91.5999740101696));
#2825=CARTESIAN_POINT('Ctrl Pts',(-6.30717103517291,-3.20929792434557,91.9846787004234));
#2826=CARTESIAN_POINT('Ctrl Pts',(-5.90358551758645,-3.35464896217279,96.7923393502117));
#2827=CARTESIAN_POINT('Ctrl Pts',(-5.50000000000001,-3.5,101.6));
#2828=CARTESIAN_POINT('Ctrl Pts',(-5.94664527135758,-3.09713315721155,91.5999719314328));
#2829=CARTESIAN_POINT('Ctrl Pts',(-5.94284228314587,-3.12188916881963,92.0154553459058));
#2830=CARTESIAN_POINT('Ctrl Pts',(-5.72142114157294,-3.31094458440981,96.8077276729529));
#2831=CARTESIAN_POINT('Ctrl Pts',(-5.50000000000001,-3.5,101.6));
#2832=CARTESIAN_POINT('Ctrl Pts',(-5.50914524710353,-2.98807037284463,91.5999687249049));
#2833=CARTESIAN_POINT('Ctrl Pts',(-5.50569690455621,-3.01754163696785,92.0629294513955));
#2834=CARTESIAN_POINT('Ctrl Pts',(-5.50284845227811,-3.25877081848392,96.8314647256978));
#2835=CARTESIAN_POINT('Ctrl Pts',(-5.50000000000001,-3.5,101.6));
#2836=CARTESIAN_POINT('Ctrl Pts',(-4.92581187630192,-2.8426532487252,91.599963734211));
#2837=CARTESIAN_POINT('Ctrl Pts',(-4.92291234507289,-2.87957081539882,92.1368189470226));
#2838=CARTESIAN_POINT('Ctrl Pts',(-5.21145617253644,-3.18978540769941,96.8684094735113));
#2839=CARTESIAN_POINT('Ctrl Pts',(-5.50000000000001,-3.5,101.6));
#2840=CARTESIAN_POINT('Ctrl Pts',(-4.19664513286546,-2.66088160899261,91.5999553923605));
#2841=CARTESIAN_POINT('Ctrl Pts',(-4.19487483859776,-2.71058040102564,92.2603238410231));
#2842=CARTESIAN_POINT('Ctrl Pts',(-4.84743741929888,-3.10529020051282,96.9301619205115));
#2843=CARTESIAN_POINT('Ctrl Pts',(-5.50000000000001,-3.5,101.6));
#2844=CARTESIAN_POINT('Ctrl Pts',(-3.24872831521086,-2.42457799913044,91.5999412575964));
#2845=CARTESIAN_POINT('Ctrl Pts',(-3.24918393033164,-2.49797297608493,92.4695954581294));
#2846=CARTESIAN_POINT('Ctrl Pts',(-4.37459196516582,-2.99898648804246,97.0347977290647));
#2847=CARTESIAN_POINT('Ctrl Pts',(-5.50000000000001,-3.5,101.6));
#2848=CARTESIAN_POINT('Ctrl Pts',(-2.08206126061897,-2.13374212886505,91.5999195950678));
#2849=CARTESIAN_POINT('Ctrl Pts',(-2.08824875089196,-2.24604617418759,92.7903190566894));
#2850=CARTESIAN_POINT('Ctrl Pts',(-3.79412437544598,-2.87302308709379,97.1951595283447));
#2851=CARTESIAN_POINT('Ctrl Pts',(-5.50000000000001,-3.5,101.6));
#2852=CARTESIAN_POINT('Ctrl Pts',(-1.13414451629218,-1.89743670995364,91.5998959789611));
#2853=CARTESIAN_POINT('Ctrl Pts',(-1.1414721910001,-2.06022254690326,93.1399662678399));
#2854=CARTESIAN_POINT('Ctrl Pts',(-3.32073609550005,-2.78011127345163,97.3699831339199));
#2855=CARTESIAN_POINT('Ctrl Pts',(-5.50000000000001,-3.5,101.6));
#2856=CARTESIAN_POINT('Ctrl Pts',(-0.0505226140242759,-1.62730073936806,
91.5998638226034));
#2857=CARTESIAN_POINT('Ctrl Pts',(-0.0738332994406486,-1.86211072620692,
93.6160557836204));
#2858=CARTESIAN_POINT('Ctrl Pts',(-2.78691664972032,-2.68105536310346,97.6080278918102));
#2859=CARTESIAN_POINT('Ctrl Pts',(-5.50000000000001,-3.5,101.6));
#2860=CARTESIAN_POINT('Ctrl Pts',(0.957675301092092,-1.40843028586511,91.5998300448827));
#2861=CARTESIAN_POINT('Ctrl Pts',(0.90798177096632,-1.72108183130817,94.1161503187763));
#2862=CARTESIAN_POINT('Ctrl Pts',(-2.29600911451684,-2.61054091565409,97.8580751593881));
#2863=CARTESIAN_POINT('Ctrl Pts',(-5.50000000000001,-3.5,101.6));
#2864=CARTESIAN_POINT('Ctrl Pts',(2.48719605637661,-1.1730470434405,91.5997691029422));
#2865=CARTESIAN_POINT('Ctrl Pts',(2.3855760079659,-1.6146029972477,95.0184234891912));
#2866=CARTESIAN_POINT('Ctrl Pts',(-1.55721199601705,-2.55730149862385,98.3092117445956));
#2867=CARTESIAN_POINT('Ctrl Pts',(-5.50000000000001,-3.5,101.6));
#2868=CARTESIAN_POINT('Ctrl Pts',(3.80806974269412,-1.05168987879746,91.5997089726658));
#2869=CARTESIAN_POINT('Ctrl Pts',(3.59912511836737,-1.5798510359874,95.9086796106333));
#2870=CARTESIAN_POINT('Ctrl Pts',(-0.950437440816317,-2.5399255179937,98.7543398053166));
#2871=CARTESIAN_POINT('Ctrl Pts',(-5.50000000000001,-3.5,101.6));
#2872=CARTESIAN_POINT('Ctrl Pts',(4.83844513856891,-1.0067171654875,91.5996610929194));
#2873=CARTESIAN_POINT('Ctrl Pts',(4.61688879888333,-1.4939065832902,96.6175610533973));
#2874=CARTESIAN_POINT('Ctrl Pts',(-0.441555600558337,-2.4969532916451,99.1087805266987));
#2875=CARTESIAN_POINT('Ctrl Pts',(-5.50000000000001,-3.5,101.6));
#2876=CARTESIAN_POINT('Ctrl Pts',(5.35405332714231,-0.999965428404154,91.599634660192));
#2877=CARTESIAN_POINT('Ctrl Pts',(5.00045905463176,-1.51182007349601,97.0089096155811));
#2878=CARTESIAN_POINT('Ctrl Pts',(-0.249770472684119,-2.505910036748,99.3044548077905));
#2879=CARTESIAN_POINT('Ctrl Pts',(-5.50000000000001,-3.5,101.6));
#2880=CARTESIAN_POINT('Ctrl Pts',(5.7720562371591,-0.999971777669965,91.599616716729));
#2881=CARTESIAN_POINT('Ctrl Pts',(5.50575496664462,-1.41781630249471,97.2745707551719));
#2882=CARTESIAN_POINT('Ctrl Pts',(0.00287748332230886,-2.45890815124736,
99.4372853775859));
#2883=CARTESIAN_POINT('Ctrl Pts',(-5.50000000000001,-3.5,101.6));
#2884=CARTESIAN_POINT('Ctrl Pts',(6.16480151310365,-0.837134975754036,91.5996027312682));
#2885=CARTESIAN_POINT('Ctrl Pts',(6.14416550648349,-1.07050899780594,97.4816318697434));
#2886=CARTESIAN_POINT('Ctrl Pts',(0.322082753241745,-2.28525449890297,99.5408159348717));
#2887=CARTESIAN_POINT('Ctrl Pts',(-5.50000000000001,-3.5,101.6));
#2888=CARTESIAN_POINT('Ctrl Pts',(6.4075218946846,-0.245397935667097,91.5995648634951));
#2889=CARTESIAN_POINT('Ctrl Pts',(5.74279668515465,-0.473032970608296,98.0422814900097));
#2890=CARTESIAN_POINT('Ctrl Pts',(0.121398342577328,-1.98651648530415,99.8211407450049));
#2891=CARTESIAN_POINT('Ctrl Pts',(-5.50000000000001,-3.5,101.6));
#2892=CARTESIAN_POINT('Ctrl Pts',(6.15830408503457,0.343683457236363,91.5995605800157));
#2893=CARTESIAN_POINT('Ctrl Pts',(6.01600372100114,-0.682858933659227,98.1057003529771));
#2894=CARTESIAN_POINT('Ctrl Pts',(0.25800186050057,-2.09142946682961,99.8528501764886));
#2895=CARTESIAN_POINT('Ctrl Pts',(-5.50000000000001,-3.5,101.6));
#2896=CARTESIAN_POINT('Ctrl Pts',(5.76378610937294,0.502175496730144,91.5995393292693));
#2897=CARTESIAN_POINT('Ctrl Pts',(5.40694906080591,-0.236000695303424,98.4203273279453));
#2898=CARTESIAN_POINT('Ctrl Pts',(-0.0465254695970441,-1.86800034765171,
100.010163663973));
#2899=CARTESIAN_POINT('Ctrl Pts',(-5.50000000000001,-3.5,101.6));
#2900=CARTESIAN_POINT('Ctrl Pts',(5.56676214992956,0.499999691723221,91.5995419895645));
#2901=CARTESIAN_POINT('Ctrl Pts',(5.17555622809644,-0.169581944936114,98.3809404472444));
#2902=CARTESIAN_POINT('Ctrl Pts',(-0.162221885951782,-1.83479097246806,
99.9904702236222));
#2903=CARTESIAN_POINT('Ctrl Pts',(-5.50000000000001,-3.5,101.6));
#2904=CARTESIAN_POINT('Origin',(0.,-3.92677778474323,0.));
#2905=CARTESIAN_POINT('',(3.06161699786838E-16,-3.5,2.5));
#2906=CARTESIAN_POINT('Origin',(0.,-3.5,0.));
#2907=CARTESIAN_POINT('',(3.06161699786838E-16,3.5,2.5));
#2908=CARTESIAN_POINT('',(3.06161699786838E-16,-3.92677778474323,2.5));
#2909=CARTESIAN_POINT('Origin',(0.,3.5,0.));
#2910=CARTESIAN_POINT('Ctrl Pts',(-5.56676376188333,0.500002450759113,-91.5995140464751));
#2911=CARTESIAN_POINT('Ctrl Pts',(-5.17557089113444,-0.169577370556525,
-98.3809360258174));
#2912=CARTESIAN_POINT('Ctrl Pts',(0.16221455443278,-1.83478868527826,-99.9904680129087));
#2913=CARTESIAN_POINT('Ctrl Pts',(5.50000000000001,-3.5,-101.6));
#2914=CARTESIAN_POINT('Ctrl Pts',(-5.33681686779554,0.49746273448046,-91.5995173407394));
#2915=CARTESIAN_POINT('Ctrl Pts',(-4.90551147971181,-0.0920598069328342,
-98.3349674549879));
#2916=CARTESIAN_POINT('Ctrl Pts',(0.297244260144098,-1.79602990346642,-99.9674837274939));
#2917=CARTESIAN_POINT('Ctrl Pts',(5.50000000000001,-3.5,-101.6));
#2918=CARTESIAN_POINT('Ctrl Pts',(-4.7237228981655,0.480127096021112,-91.5995773277568));
#2919=CARTESIAN_POINT('Ctrl Pts',(-4.45024781560624,-0.170467680207437,
-97.4979012098283));
#2920=CARTESIAN_POINT('Ctrl Pts',(0.524876092196879,-1.83523384010372,-99.5489506049142));
#2921=CARTESIAN_POINT('Ctrl Pts',(5.50000000000001,-3.5,-101.6));
#2922=CARTESIAN_POINT('Ctrl Pts',(-3.50012164611256,0.389102210324897,-91.5996371442085));
#2923=CARTESIAN_POINT('Ctrl Pts',(-3.24887508039248,-0.0962994388546085,
-96.6632150611235));
#2924=CARTESIAN_POINT('Ctrl Pts',(1.12556245980376,-1.7981497194273,-99.1316075305618));
#2925=CARTESIAN_POINT('Ctrl Pts',(5.50000000000001,-3.5,-101.6));
#2926=CARTESIAN_POINT('Ctrl Pts',(-1.90651678138171,0.149878699208608,-91.5997297907886));
#2927=CARTESIAN_POINT('Ctrl Pts',(-1.78972796052145,-0.253466413973882,
-95.3704132473814));
#2928=CARTESIAN_POINT('Ctrl Pts',(1.85513601973927,-1.87673320698694,-98.4852066236907));
#2929=CARTESIAN_POINT('Ctrl Pts',(5.50000000000001,-3.5,-101.6));
#2930=CARTESIAN_POINT('Ctrl Pts',(-0.118070995213177,-0.289652349368543,
-91.5998097493509));
#2931=CARTESIAN_POINT('Ctrl Pts',(-0.0670584752668324,-0.560664010445732,
-94.2546616013008));
#2932=CARTESIAN_POINT('Ctrl Pts',(2.71647076236658,-2.03033200522287,-97.9273308006504));
#2933=CARTESIAN_POINT('Ctrl Pts',(5.50000000000001,-3.5,-101.6));
#2934=CARTESIAN_POINT('Ctrl Pts',(1.04226774519908,-0.690956444191489,-91.5998537499083));
#2935=CARTESIAN_POINT('Ctrl Pts',(1.05183985845935,-0.912199024822387,-93.6406723920515));
#2936=CARTESIAN_POINT('Ctrl Pts',(3.27591992922967,-2.20609951241119,-97.6203361960257));
#2937=CARTESIAN_POINT('Ctrl Pts',(5.50000000000001,-3.5,-101.6));
#2938=CARTESIAN_POINT('Ctrl Pts',(2.11199603080473,-1.11693506307272,-91.5998895690472));
#2939=CARTESIAN_POINT('Ctrl Pts',(2.10542053643567,-1.2833676986626,-93.140847706787));
#2940=CARTESIAN_POINT('Ctrl Pts',(3.80271026821783,-2.3916838493313,-97.3704238533935));
#2941=CARTESIAN_POINT('Ctrl Pts',(5.50000000000001,-3.5,-101.6));
#2942=CARTESIAN_POINT('Ctrl Pts',(3.11199577503856,-1.51514794956365,-91.5999185502998));
#2943=CARTESIAN_POINT('Ctrl Pts',(3.10899555940392,-1.62370815091219,-92.7364397318303));
#2944=CARTESIAN_POINT('Ctrl Pts',(4.30449777970196,-2.5618540754561,-97.1682198659151));
#2945=CARTESIAN_POINT('Ctrl Pts',(5.50000000000001,-3.5,-101.6));
#2946=CARTESIAN_POINT('Ctrl Pts',(4.42449612710263,-2.03779977400992,-91.5999464488873));
#2947=CARTESIAN_POINT('Ctrl Pts',(4.41659072841869,-2.10653323969028,-92.3471393984149));
#2948=CARTESIAN_POINT('Ctrl Pts',(4.95829536420935,-2.80326661984514,-96.9735696992075));
#2949=CARTESIAN_POINT('Ctrl Pts',(5.50000000000001,-3.5,-101.6));
#2950=CARTESIAN_POINT('Ctrl Pts',(5.42449606622415,-2.43601012835763,-91.5999612585117));
#2951=CARTESIAN_POINT('Ctrl Pts',(5.41744626443044,-2.4822075308798,-92.1404840716302));
#2952=CARTESIAN_POINT('Ctrl Pts',(5.45872313221522,-2.9911037654399,-96.8702420358151));
#2953=CARTESIAN_POINT('Ctrl Pts',(5.50000000000001,-3.5,-101.6));
#2954=CARTESIAN_POINT('Ctrl Pts',(6.11199608808735,-2.70977940005913,-91.5999686879419));
#2955=CARTESIAN_POINT('Ctrl Pts',(6.10464532829875,-2.74532446660232,-92.03681288477));
#2956=CARTESIAN_POINT('Ctrl Pts',(5.80232266414938,-3.12266223330116,-96.818406442385));
#2957=CARTESIAN_POINT('Ctrl Pts',(5.50000000000001,-3.5,-101.6));
#2958=CARTESIAN_POINT('Ctrl Pts',(6.61199595708971,-2.90888422809165,-91.5999725332896));
#2959=CARTESIAN_POINT('Ctrl Pts',(6.60647630061681,-2.93803357351105,-91.9831544288865));
#2960=CARTESIAN_POINT('Ctrl Pts',(6.05323815030841,-3.21901678675553,-96.7915772144433));
#2961=CARTESIAN_POINT('Ctrl Pts',(5.50000000000001,-3.5,-101.6));
#2962=CARTESIAN_POINT('Ctrl Pts',(6.98699621029612,-3.05821264146616,-91.5999744261576));
#2963=CARTESIAN_POINT('Ctrl Pts',(6.97794486774736,-3.08546266812655,-91.9567411155563));
#2964=CARTESIAN_POINT('Ctrl Pts',(6.23897243387368,-3.29273133406328,-96.7783705577782));
#2965=CARTESIAN_POINT('Ctrl Pts',(5.50000000000001,-3.5,-101.6));
#2966=CARTESIAN_POINT('Ctrl Pts',(7.23699575192479,-3.1577651070475,-91.5999752411789));
#2967=CARTESIAN_POINT('Ctrl Pts',(7.23434198443895,-3.18109726592013,-91.9453682069096));
#2968=CARTESIAN_POINT('Ctrl Pts',(6.36717099221947,-3.34054863296006,-96.7726841034548));
#2969=CARTESIAN_POINT('Ctrl Pts',(5.50000000000001,-3.5,-101.6));
#2970=CARTESIAN_POINT('Ctrl Pts',(7.42449716922458,-3.23242882475675,-91.5999757233845));
#2971=CARTESIAN_POINT('Ctrl Pts',(7.40206534984242,-3.26163479569685,-91.9386394506748));
#2972=CARTESIAN_POINT('Ctrl Pts',(6.45103267492121,-3.38081739784842,-96.7693197253374));
#2973=CARTESIAN_POINT('Ctrl Pts',(5.50000000000001,-3.5,-101.6));
#2974=CARTESIAN_POINT('Ctrl Pts',(7.54949363803957,-3.28220619744463,-91.5999756882757));
#2975=CARTESIAN_POINT('Ctrl Pts',(7.57634017139973,-3.29354565050438,-91.9391293636518));
#2976=CARTESIAN_POINT('Ctrl Pts',(6.53817008569987,-3.39677282525219,-96.7695646818259));
#2977=CARTESIAN_POINT('Ctrl Pts',(5.50000000000001,-3.5,-101.6));
#2978=CARTESIAN_POINT('Ctrl Pts',(7.63527690710223,-3.31636338384179,-91.5999758857519));
#2979=CARTESIAN_POINT('Ctrl Pts',(7.61577129501597,-3.3435888150782,-91.9363737566352));
#2980=CARTESIAN_POINT('Ctrl Pts',(6.55788564750798,-3.4217944075391,-96.7681868783176));
#2981=CARTESIAN_POINT('Ctrl Pts',(5.50000000000001,-3.5,-101.6));
#2982=CARTESIAN_POINT('Ctrl Pts',(7.67444244789046,-3.3530818420858,-91.5999760377345));
#2983=CARTESIAN_POINT('Ctrl Pts',(7.61356932824209,-3.39462091286782,-91.9342529733764));
#2984=CARTESIAN_POINT('Ctrl Pts',(6.55678466412104,-3.44731045643391,-96.7671264866882));
#2985=CARTESIAN_POINT('Ctrl Pts',(5.50000000000001,-3.5,-101.6));
#2986=CARTESIAN_POINT('Ctrl Pts',(7.67963284220485,-3.43382266514522,-91.5999760844539));
#2987=CARTESIAN_POINT('Ctrl Pts',(7.60813849097185,-3.40776730698988,-91.9336010437037));
#2988=CARTESIAN_POINT('Ctrl Pts',(6.55406924548593,-3.45388365349494,-96.7668005218518));
#2989=CARTESIAN_POINT('Ctrl Pts',(5.50000000000001,-3.5,-101.6));
#2990=CARTESIAN_POINT('Ctrl Pts',(7.62835890242086,-3.49606096466474,-91.5999758596896));
#2991=CARTESIAN_POINT('Ctrl Pts',(7.62191973132745,-3.45553691905305,-91.936737433633));
#2992=CARTESIAN_POINT('Ctrl Pts',(6.56095986566373,-3.47776845952653,-96.7683687168165));
#2993=CARTESIAN_POINT('Ctrl Pts',(5.50000000000001,-3.5,-101.6));
#2994=CARTESIAN_POINT('Ctrl Pts',(7.57512580383469,-3.50309148775569,-91.5999758404029));
#2995=CARTESIAN_POINT('Ctrl Pts',(7.56967866021357,-3.50467767764539,-91.9370065618163));
#2996=CARTESIAN_POINT('Ctrl Pts',(6.53483933010679,-3.5023388388227,-96.7685032809081));
#2997=CARTESIAN_POINT('Ctrl Pts',(5.50000000000001,-3.5,-101.6));
#2998=CARTESIAN_POINT('Ctrl Pts',(7.47789531289083,-3.47884951221571,-91.5999757942508));
#2999=CARTESIAN_POINT('Ctrl Pts',(7.47374632250411,-3.53393877362741,-91.9376505739753));
#3000=CARTESIAN_POINT('Ctrl Pts',(6.48687316125206,-3.5169693868137,-96.7688252869876));
#3001=CARTESIAN_POINT('Ctrl Pts',(5.50000000000001,-3.5,-101.6));
#3002=CARTESIAN_POINT('Ctrl Pts',(7.33206206095744,-3.44249950039418,-91.5999756908943));
#3003=CARTESIAN_POINT('Ctrl Pts',(7.32677613749734,-3.43976607686924,-91.9390928226163));
#3004=CARTESIAN_POINT('Ctrl Pts',(6.41338806874867,-3.46988303843462,-96.7695464113081));
#3005=CARTESIAN_POINT('Ctrl Pts',(5.50000000000001,-3.5,-101.6));
#3006=CARTESIAN_POINT('Ctrl Pts',(7.1133120083936,-3.38796651734488,-91.5999753156139));
#3007=CARTESIAN_POINT('Ctrl Pts',(7.10875790983245,-3.4096559908637,-91.9443295328916));
#3008=CARTESIAN_POINT('Ctrl Pts',(6.30437895491622,-3.45482799543185,-96.7721647664458));
#3009=CARTESIAN_POINT('Ctrl Pts',(5.50000000000001,-3.5,-101.6));
#3010=CARTESIAN_POINT('Ctrl Pts',(6.89456200496891,-3.33343565454684,-91.5999747541338));
#3011=CARTESIAN_POINT('Ctrl Pts',(6.89005379168052,-3.34995960818937,-91.9521644958154));
#3012=CARTESIAN_POINT('Ctrl Pts',(6.19502689584026,-3.42497980409469,-96.7760822479077));
#3013=CARTESIAN_POINT('Ctrl Pts',(5.50000000000001,-3.5,-101.6));
#3014=CARTESIAN_POINT('Ctrl Pts',(6.67581199013346,-3.27890420976151,-91.5999739993814));
#3015=CARTESIAN_POINT('Ctrl Pts',(6.67150873665382,-3.29838430700776,-91.962696403663));
#3016=CARTESIAN_POINT('Ctrl Pts',(6.08575436832691,-3.39919215350388,-96.7813482018315));
#3017=CARTESIAN_POINT('Ctrl Pts',(5.50000000000001,-3.5,-101.6));
#3018=CARTESIAN_POINT('Ctrl Pts',(6.31122863885487,-3.18801869260804,-91.5999724250016));
#3019=CARTESIAN_POINT('Ctrl Pts',(6.30717214383454,-3.20929752506187,-91.9846654936342));
#3020=CARTESIAN_POINT('Ctrl Pts',(5.90358607191727,-3.35464876253094,-96.7923327468171));
#3021=CARTESIAN_POINT('Ctrl Pts',(5.50000000000001,-3.5,-101.6));
#3022=CARTESIAN_POINT('Ctrl Pts',(5.94664528702674,-3.09713305520421,-91.5999702194394));
#3023=CARTESIAN_POINT('Ctrl Pts',(5.94284289139645,-3.12188864947868,-92.0154421813888));
#3024=CARTESIAN_POINT('Ctrl Pts',(5.72142144569823,-3.31094432473934,-96.8077210906944));
#3025=CARTESIAN_POINT('Ctrl Pts',(5.50000000000001,-3.5,-101.6));
#3026=CARTESIAN_POINT('Ctrl Pts',(5.50914526131259,-2.98807025140815,-91.5999668172786));
#3027=CARTESIAN_POINT('Ctrl Pts',(5.505696912381,-3.01754097430398,-92.0629163520849));
#3028=CARTESIAN_POINT('Ctrl Pts',(5.5028484561905,-3.25877048715199,-96.8314581760424));
#3029=CARTESIAN_POINT('Ctrl Pts',(5.50000000000001,-3.5,-101.6));
#3030=CARTESIAN_POINT('Ctrl Pts',(4.92581188825122,-2.84265309660624,-91.5999615220985));
#3031=CARTESIAN_POINT('Ctrl Pts',(4.92291155243427,-2.87956996322995,-92.1368059492003));
#3032=CARTESIAN_POINT('Ctrl Pts',(5.21145577621713,-3.18978498161497,-96.8684029746001));
#3033=CARTESIAN_POINT('Ctrl Pts',(5.50000000000001,-3.5,-101.6));
#3034=CARTESIAN_POINT('Ctrl Pts',(4.19664514016375,-2.66088140420843,-91.5999526713051));
#3035=CARTESIAN_POINT('Ctrl Pts',(4.1948730459886,-2.71057931674588,-92.2603110128366));
#3036=CARTESIAN_POINT('Ctrl Pts',(4.8474365229943,-3.10528965837294,-96.9301555064183));
#3037=CARTESIAN_POINT('Ctrl Pts',(5.50000000000001,-3.5,-101.6));
#3038=CARTESIAN_POINT('Ctrl Pts',(3.24872831333984,-2.42457769670553,-91.5999376741678));
#3039=CARTESIAN_POINT('Ctrl Pts',(3.24918083880172,-2.49797159978565,-92.4695829173806));
#3040=CARTESIAN_POINT('Ctrl Pts',(4.37459041940086,-2.99898579989283,-97.0347914586903));
#3041=CARTESIAN_POINT('Ctrl Pts',(5.50000000000001,-3.5,-101.6));
#3042=CARTESIAN_POINT('Ctrl Pts',(2.08206123513276,-2.13374166611405,-91.599914689991));
#3043=CARTESIAN_POINT('Ctrl Pts',(2.0882440648,-2.24604445186304,-92.7903069564594));
#3044=CARTESIAN_POINT('Ctrl Pts',(3.7941220324,-2.87302222593152,-97.1951534782297));
#3045=CARTESIAN_POINT('Ctrl Pts',(5.50000000000001,-3.5,-101.6));
#3046=CARTESIAN_POINT('Ctrl Pts',(1.13414448611045,-1.89743603919036,-91.5998896330469));
#3047=CARTESIAN_POINT('Ctrl Pts',(1.14146620449621,-2.06022056934714,-93.1399546478556));
#3048=CARTESIAN_POINT('Ctrl Pts',(3.3207331022481,-2.78011028467357,-97.3699773239278));
#3049=CARTESIAN_POINT('Ctrl Pts',(5.50000000000001,-3.5,-101.6));
#3050=CARTESIAN_POINT('Ctrl Pts',(0.0505225179867617,-1.62729977182616,
-91.5998555148042));
#3051=CARTESIAN_POINT('Ctrl Pts',(0.0738258465185857,-1.86210847654122,
-93.6160448175523));
#3052=CARTESIAN_POINT('Ctrl Pts',(2.78691292325929,-2.68105423827061,-97.6080224087761));
#3053=CARTESIAN_POINT('Ctrl Pts',(5.50000000000001,-3.5,-101.6));
#3054=CARTESIAN_POINT('Ctrl Pts',(-0.957675505838687,-1.40842899757349,
-91.5998196762778));
#3055=CARTESIAN_POINT('Ctrl Pts',(-0.907990572426237,-1.72107938793715,
-94.1161400395955));
#3056=CARTESIAN_POINT('Ctrl Pts',(2.29600471378688,-2.61053969396858,-97.8580700197978));
#3057=CARTESIAN_POINT('Ctrl Pts',(5.50000000000001,-3.5,-101.6));
#3058=CARTESIAN_POINT('Ctrl Pts',(-2.48719647508489,-1.17304522399198,-91.5997550162209));
#3059=CARTESIAN_POINT('Ctrl Pts',(-2.38558683892385,-1.61460040762639,-95.0184144492963));
#3060=CARTESIAN_POINT('Ctrl Pts',(1.55720658053807,-2.5573002038132,-98.3092072246481));
#3061=CARTESIAN_POINT('Ctrl Pts',(5.50000000000001,-3.5,-101.6));
#3062=CARTESIAN_POINT('Ctrl Pts',(-3.80807060363536,-1.05168770248788,-91.5996912173485));
#3063=CARTESIAN_POINT('Ctrl Pts',(-3.59913761615339,-1.57984839863375,-95.9086717935186));
#3064=CARTESIAN_POINT('Ctrl Pts',(0.950431191923306,-2.53992419931687,-98.7543358967593));
#3065=CARTESIAN_POINT('Ctrl Pts',(5.50000000000001,-3.5,-101.6));
#3066=CARTESIAN_POINT('Ctrl Pts',(-4.8384460514745,-1.00671515800431,-91.5996404164206));
#3067=CARTESIAN_POINT('Ctrl Pts',(-4.61690269458317,-1.49390382789054,-96.617554209942));
#3068=CARTESIAN_POINT('Ctrl Pts',(0.441548652708417,-2.49695191394527,-99.108777104971));
#3069=CARTESIAN_POINT('Ctrl Pts',(5.50000000000001,-3.5,-101.6));
#3070=CARTESIAN_POINT('Ctrl Pts',(-5.35405478411585,-0.999963319286585,
-91.5996123710115));
#3071=CARTESIAN_POINT('Ctrl Pts',(-5.00047347717115,-1.5118173427008,-97.008903309649));
#3072=CARTESIAN_POINT('Ctrl Pts',(0.249763261414424,-2.5059086713504,-99.3044516548245));
#3073=CARTESIAN_POINT('Ctrl Pts',(5.50000000000001,-3.5,-101.6));
#3074=CARTESIAN_POINT('Ctrl Pts',(-5.77205733443594,-0.999970055926162,
-91.5995933328034));
#3075=CARTESIAN_POINT('Ctrl Pts',(-5.50577008321559,-1.4178134425839,-97.2745648141294));
#3076=CARTESIAN_POINT('Ctrl Pts',(-0.00288504160779302,-2.45890672129195,
-99.4372824070647));
#3077=CARTESIAN_POINT('Ctrl Pts',(5.50000000000001,-3.5,-101.6));
#3078=CARTESIAN_POINT('Ctrl Pts',(-6.16480159810242,-0.83713401413134,-91.5995784940785));
#3079=CARTESIAN_POINT('Ctrl Pts',(-6.14418149992099,-1.07050566086329,-97.4816262131025));
#3080=CARTESIAN_POINT('Ctrl Pts',(-0.322090749960497,-2.28525283043164,
-99.5408131065512));
#3081=CARTESIAN_POINT('Ctrl Pts',(5.50000000000001,-3.5,-101.6));
#3082=CARTESIAN_POINT('Ctrl Pts',(-6.40752463368695,-0.24539699769388,-91.5995383159625));
#3083=CARTESIAN_POINT('Ctrl Pts',(-5.74281212730601,-0.473028813023282,
-98.0422766034296));
#3084=CARTESIAN_POINT('Ctrl Pts',(-0.121406063653003,-1.98651440651164,
-99.8211383017148));
#3085=CARTESIAN_POINT('Ctrl Pts',(5.50000000000001,-3.5,-101.6));
#3086=CARTESIAN_POINT('Ctrl Pts',(-6.1583046713579,0.343687687148719,-91.5995337711446));
#3087=CARTESIAN_POINT('Ctrl Pts',(-6.01601953840649,-0.682855064273349,
-98.1056955535038));
#3088=CARTESIAN_POINT('Ctrl Pts',(-0.258009769203246,-2.09142753213667,
-99.8528477767519));
#3089=CARTESIAN_POINT('Ctrl Pts',(5.50000000000001,-3.5,-101.6));
#3090=CARTESIAN_POINT('Ctrl Pts',(-5.76378757970735,0.502178538413591,-91.5995112238732));
#3091=CARTESIAN_POINT('Ctrl Pts',(-5.40696404166547,-0.235996212150994,
-98.4203229606168));
#3092=CARTESIAN_POINT('Ctrl Pts',(0.0465179791672643,-1.8679981060755,-100.010161480308));
#3093=CARTESIAN_POINT('Ctrl Pts',(5.50000000000001,-3.5,-101.6));
#3094=CARTESIAN_POINT('Ctrl Pts',(-5.56676376188333,0.500002450759113,-91.5995140464751));
#3095=CARTESIAN_POINT('Ctrl Pts',(-5.17557089113444,-0.169577370556525,
-98.3809360258174));
#3096=CARTESIAN_POINT('Ctrl Pts',(0.16221455443278,-1.83478868527826,-99.9904680129087));
#3097=CARTESIAN_POINT('Ctrl Pts',(5.50000000000001,-3.5,-101.6));
#3098=CARTESIAN_POINT('',(7.55081168072558,-3.49703053751618,-91.6));
#3099=CARTESIAN_POINT('',(7.33206168058643,-3.44249930456529,-91.6));
#3100=CARTESIAN_POINT('',(7.55081168072558,-3.49703053751618,-91.6));
#3101=CARTESIAN_POINT('',(6.75122608878445,-3.2977053345421,-91.6));
#3102=CARTESIAN_POINT('',(7.55081168072558,-3.49703053751618,-91.6));
#3103=CARTESIAN_POINT('',(5.5,-3.5,-101.6));
#3104=CARTESIAN_POINT('Ctrl Pts',(6.75122608878445,-3.2977053345421,-91.6));
#3105=CARTESIAN_POINT('Ctrl Pts',(6.74682112440458,-3.31613682688172,-91.9594384520942));
#3106=CARTESIAN_POINT('Ctrl Pts',(6.12341056220229,-3.40806841344086,-96.7797192260471));
#3107=CARTESIAN_POINT('Ctrl Pts',(5.5,-3.5,-101.6));
#3108=CARTESIAN_POINT('',(-5.56673572008482,0.499954466402781,-91.6));
#3109=CARTESIAN_POINT('Ctrl Pts',(-5.56673572008482,0.499954466402781,-91.6));
#3110=CARTESIAN_POINT('Ctrl Pts',(-5.17531588435113,-0.169656924181382,
-98.3810129194241));
#3111=CARTESIAN_POINT('Ctrl Pts',(0.162342057824436,-1.83482846209069,-99.9905064597121));
#3112=CARTESIAN_POINT('Ctrl Pts',(5.5,-3.5,-101.6));
#3113=CARTESIAN_POINT('',(1.61199556272776,-0.917842621831225,-91.6));
#3114=CARTESIAN_POINT('Origin',(-5.78711651782292,-19.4988313043381,-91.6));
#3115=CARTESIAN_POINT('',(7.42449556015707,-3.23243091787457,-91.6));
#3116=CARTESIAN_POINT('',(1.61199556039107,-0.917842620900734,-91.6));
#3117=CARTESIAN_POINT('',(7.61199556018519,-3.30709505650083,-91.6));
#3118=CARTESIAN_POINT('',(1.61199556039107,-0.917842620900734,-91.6));
#3119=CARTESIAN_POINT('Origin',(7.575,-3.4,-91.6));
#3120=CARTESIAN_POINT('Origin',(0.,3.5,0.));
#3121=CARTESIAN_POINT('',(6.73555739531044E-16,-3.5,-5.5));
#3122=CARTESIAN_POINT('Origin',(0.,-3.5,0.));
#3123=CARTESIAN_POINT('',(-2.46735978451301E-14,-0.885812742306294,-5.5));
#3124=CARTESIAN_POINT('',(6.73555739531044E-16,3.5,-5.5));
#3125=CARTESIAN_POINT('',(5.22522384064014,-3.42918459135548,-1.71669327930353));
#3126=CARTESIAN_POINT('Ctrl Pts',(5.22522384064014,-3.42918459135548,-1.71669327930353));
#3127=CARTESIAN_POINT('Ctrl Pts',(5.01976303420554,-3.32180407952138,-2.34206923728176));
#3128=CARTESIAN_POINT('Ctrl Pts',(4.70748060854292,-3.15895398734038,-2.91432897575889));
#3129=CARTESIAN_POINT('Ctrl Pts',(4.04649459419262,-2.81416607012794,-3.74976292337886));
#3130=CARTESIAN_POINT('Ctrl Pts',(3.74500034410263,-2.6567084970989,-4.04968839747926));
#3131=CARTESIAN_POINT('Ctrl Pts',(3.17359253076265,-2.35740253492278,-4.50277400964607));
#3132=CARTESIAN_POINT('Ctrl Pts',(2.91398783326567,-2.22231709953447,-4.67487976657019));
#3133=CARTESIAN_POINT('Ctrl Pts',(1.98586894771511,-1.75783516805516,-5.18332774451393));
#3134=CARTESIAN_POINT('Ctrl Pts',(1.26097999108008,-1.41906749193896,-5.40610206884884));
#3135=CARTESIAN_POINT('Ctrl Pts',(0.342167817632736,-1.0270551864476,-5.49199282063229));
#3136=CARTESIAN_POINT('Ctrl Pts',(0.171332061965234,-0.955692140245315,
-5.5));
#3137=CARTESIAN_POINT('Ctrl Pts',(-5.01335084557297E-14,-0.885812742306294,
-5.5));
#3138=CARTESIAN_POINT('',(1.273528546793E-15,2.03457619198796,-5.5));
#3139=CARTESIAN_POINT('Ctrl Pts',(5.22522384064014,-3.42918459135548,-1.71669327930353));
#3140=CARTESIAN_POINT('Ctrl Pts',(5.24103446788397,-3.43743964066414,-1.66856932646588));
#3141=CARTESIAN_POINT('Ctrl Pts',(5.27346898998089,-3.45172404671462,-1.57026942513923));
#3142=CARTESIAN_POINT('Ctrl Pts',(5.39734231930078,-3.4469124227397,-1.10562946818292));
#3143=CARTESIAN_POINT('Ctrl Pts',(5.48653081037513,-3.37976343385904,-0.661117922221196));
#3144=CARTESIAN_POINT('Ctrl Pts',(5.49938698530322,-3.26516111721809,-0.0890723780283893));
#3145=CARTESIAN_POINT('Ctrl Pts',(5.499690430414,-3.25943335091354,-0.0606578149242204));
#3146=CARTESIAN_POINT('Ctrl Pts',(5.49990073052672,-3.25327958431572,-0.0344303570821124));
#3147=CARTESIAN_POINT('Ctrl Pts',(5.49992400386532,-3.25167536687921,-0.029022883699002));
#3148=CARTESIAN_POINT('Ctrl Pts',(5.49993835324412,-3.25007405541167,-0.0260445007911529));
#3149=CARTESIAN_POINT('Ctrl Pts',(5.49994035671221,-3.24980205874369,-0.0256159407408688));
#3150=CARTESIAN_POINT('Ctrl Pts',(5.49994254580041,-3.24936567584627,-0.0251399393681017));
#3151=CARTESIAN_POINT('Ctrl Pts',(5.49994321833908,-3.24920249909142,-0.0249921237206817));
#3152=CARTESIAN_POINT('Ctrl Pts',(5.49994400309497,-3.24890692264914,-0.0248186903117379));
#3153=CARTESIAN_POINT('Ctrl Pts',(5.49994423433358,-3.24878326500015,-0.0247673138264944));
#3154=CARTESIAN_POINT('Ctrl Pts',(5.49994445059608,-3.2485283880808,-0.0247192415043484));
#3155=CARTESIAN_POINT('Ctrl Pts',(5.49994444340578,-3.24840524908202,-0.0247208441501394));
#3156=CARTESIAN_POINT('Ctrl Pts',(5.49994417891973,-3.24812914406518,-0.0247796252920732));
#3157=CARTESIAN_POINT('Ctrl Pts',(5.49994387056041,-3.24798686358023,-0.0248481039695088));
#3158=CARTESIAN_POINT('Ctrl Pts',(5.49994285335393,-3.24765214689822,-0.0250724686491667));
#3159=CARTESIAN_POINT('Ctrl Pts',(5.49994198523687,-3.24746864556897,-0.0252625300351035));
#3160=CARTESIAN_POINT('Ctrl Pts',(5.4999380277376,-3.24677447022843,-0.0261176651530237));
#3161=CARTESIAN_POINT('Ctrl Pts',(5.49993274480317,-3.24621016225643,-0.0272492774640875));
#3162=CARTESIAN_POINT('Ctrl Pts',(5.49981505999014,-3.23789110888245,-0.049646784005406));
#3163=CARTESIAN_POINT('Ctrl Pts',(5.49957157765601,-3.23547555687647,-0.0720026639373167));
#3164=CARTESIAN_POINT('Ctrl Pts',(5.49822781225546,-3.22008984761791,-0.15084794182577));
#3165=CARTESIAN_POINT('Ctrl Pts',(5.49621155624487,-3.20806489161152,-0.215933326305721));
#3166=CARTESIAN_POINT('Ctrl Pts',(5.47434828199392,-3.13030064585301,-0.635331910286435));
#3167=CARTESIAN_POINT('Ctrl Pts',(5.42496983258404,-3.09022601979277,-0.99207711443795));
#3168=CARTESIAN_POINT('Ctrl Pts',(5.24896742296689,-2.92735336959029,-1.66867979792585));
#3169=CARTESIAN_POINT('Ctrl Pts',(5.15381108226741,-2.8393120772404,-1.9411722509309));
#3170=CARTESIAN_POINT('Ctrl Pts',(4.87772102259637,-2.5838285928248,-2.57368379399249));
#3171=CARTESIAN_POINT('Ctrl Pts',(4.67882201876674,-2.39977320009939,-2.9162508280778));
#3172=CARTESIAN_POINT('Ctrl Pts',(4.08169165363534,-1.84586813921372,-3.74092868281922));
#3173=CARTESIAN_POINT('Ctrl Pts',(3.63980926656539,-1.43523125532553,-4.16318675878788));
#3174=CARTESIAN_POINT('Ctrl Pts',(2.7016365955996,-0.548644910844667,-4.82492018421293));
#3175=CARTESIAN_POINT('Ctrl Pts',(2.08257176088429,0.0316883564391125,-5.15168114166987));
#3176=CARTESIAN_POINT('Ctrl Pts',(1.02845985754829,1.14109657966222,-5.41096644015467));
#3177=CARTESIAN_POINT('Ctrl Pts',(0.64039181075214,1.60891124717399,-5.49748171745727));
#3178=CARTESIAN_POINT('Ctrl Pts',(0.0146813696893942,2.02489761768143,-5.49998528281221));
#3179=CARTESIAN_POINT('Ctrl Pts',(0.00734593197436536,2.02974702891207,
-5.5));
#3180=CARTESIAN_POINT('Ctrl Pts',(1.59594559789866E-15,2.03457619198796,
-5.5));
#3181=CARTESIAN_POINT('',(6.73555739531044E-16,3.5,-5.5));
#3182=CARTESIAN_POINT('',(6.73555739531044E-16,3.5,-5.5));
#3183=CARTESIAN_POINT('Origin',(0.,3.5,0.));
#3184=CARTESIAN_POINT('',(-4.58673884151164,2.87850726836756,-3.03509914167041));
#3185=CARTESIAN_POINT('Ctrl Pts',(1.59594559789866E-15,2.03457619198796,
-5.5));
#3186=CARTESIAN_POINT('Ctrl Pts',(-0.434422326778899,2.32016231872354,-5.5));
#3187=CARTESIAN_POINT('Ctrl Pts',(-0.905342671019117,2.53524445370629,-5.4474129088179));
#3188=CARTESIAN_POINT('Ctrl Pts',(-1.9286079602061,2.87222764843834,-5.1814884181068));
#3189=CARTESIAN_POINT('Ctrl Pts',(-2.46538307905473,2.97084218663991,-4.95207036576087));
#3190=CARTESIAN_POINT('Ctrl Pts',(-3.27262945136532,3.02902815860052,-4.43550735311283));
#3191=CARTESIAN_POINT('Ctrl Pts',(-3.56042943177555,3.02693598257777,-4.20808066392222));
#3192=CARTESIAN_POINT('Ctrl Pts',(-4.11238646917884,2.98215987976152,-3.67411866556818));
#3193=CARTESIAN_POINT('Ctrl Pts',(-4.36753692383845,2.93588576019767,-3.36636408656842));
#3194=CARTESIAN_POINT('Ctrl Pts',(-4.58673884151164,2.87850726836756,-3.03509914167041));
#3195=CARTESIAN_POINT('',(-5.5,1.51133387303939,1.15516625117719E-18));
#3196=CARTESIAN_POINT('Ctrl Pts',(-4.58673884151164,2.87850726836756,-3.03509914167041));
#3197=CARTESIAN_POINT('Ctrl Pts',(-4.74351634291954,2.83844915946179,-2.79817197006343));
#3198=CARTESIAN_POINT('Ctrl Pts',(-4.88065043758412,2.76149037445857,-2.5502351897929));
#3199=CARTESIAN_POINT('Ctrl Pts',(-5.11221878050089,2.57042521219881,-2.04787533812332));
#3200=CARTESIAN_POINT('Ctrl Pts',(-5.20755326754061,2.45364119640949,-1.78994488070794));
#3201=CARTESIAN_POINT('Ctrl Pts',(-5.41874503379401,2.09571350787417,-1.06140061448129));
#3202=CARTESIAN_POINT('Ctrl Pts',(-5.47948927242136,1.84557663642341,-0.619746355472027));
#3203=CARTESIAN_POINT('Ctrl Pts',(-5.49947247393473,1.57138915175396,-0.123866276390969));
#3204=CARTESIAN_POINT('Ctrl Pts',(-5.49987389724501,1.52740700738312,-0.0468953211359708));
#3205=CARTESIAN_POINT('Ctrl Pts',(-5.49999484738751,1.51266642325361,-0.0107397303297741));
#3206=CARTESIAN_POINT('Ctrl Pts',(-5.5,1.51133387303939,-0.0052401227009654));
#3207=CARTESIAN_POINT('Ctrl Pts',(-5.5,1.51133387303939,1.15516625117719E-18));
#3208=CARTESIAN_POINT('',(-5.5,1.49200321841364,-5.60737557621229E-11));
#3209=CARTESIAN_POINT('Origin',(-4.25000242245429,1.4999999982932,0.));
#3210=CARTESIAN_POINT('Ctrl Pts',(-5.01682029252493E-14,-0.885812742306294,
-5.5));
#3211=CARTESIAN_POINT('Ctrl Pts',(-0.559692404744916,-0.657536914501578,
-5.5));
#3212=CARTESIAN_POINT('Ctrl Pts',(-1.12472836104864,-0.445209589553167,
-5.41462501237941));
#3213=CARTESIAN_POINT('Ctrl Pts',(-2.32521503582169,-0.0503553411185032,
-5.03090528486551));
#3214=CARTESIAN_POINT('Ctrl Pts',(-2.93950038003762,0.1125463566835,-4.70187702259063));
#3215=CARTESIAN_POINT('Ctrl Pts',(-3.86510832213418,0.303420003667163,-3.94356291619296));
#3216=CARTESIAN_POINT('Ctrl Pts',(-4.20308891479586,0.356602377914465,-3.5817983127712));
#3217=CARTESIAN_POINT('Ctrl Pts',(-4.62988206285289,0.411209310689978,-2.9788402268705));
#3218=CARTESIAN_POINT('Ctrl Pts',(-4.95100506540074,0.420098711794973,-2.5236314385526));
#3219=CARTESIAN_POINT('Ctrl Pts',(-5.34046517354312,0.819058041140776,-1.37891407665219));
#3220=CARTESIAN_POINT('Ctrl Pts',(-5.46315548674188,1.02715243307533,-0.881283135092865));
#3221=CARTESIAN_POINT('Ctrl Pts',(-5.49978326743951,1.4227643914517,-0.140224326049631));
#3222=CARTESIAN_POINT('Ctrl Pts',(-5.49984300388404,1.47312931222607,-0.0522464728310285));
#3223=CARTESIAN_POINT('Ctrl Pts',(-5.49997334752524,1.48800168293411,-0.0174128978977447));
#3224=CARTESIAN_POINT('Ctrl Pts',(-5.49998347832408,1.48937434810844,-0.0138977233661583));
#3225=CARTESIAN_POINT('Ctrl Pts',(-5.49999723957566,1.49146317286646,-0.00670321688358654));
#3226=CARTESIAN_POINT('Ctrl Pts',(-5.49999999999997,1.49200321840757,-0.0033473654292725));
#3227=CARTESIAN_POINT('Ctrl Pts',(-5.5,1.49200321841364,-5.60737557621231E-11));
#3228=CARTESIAN_POINT('Origin',(0.,3.5,0.));
#3229=CARTESIAN_POINT('Origin',(0.,-3.5,0.));
#3230=CARTESIAN_POINT('Ctrl Pts',(-4.43829031172954,2.73573733394633,0.));
#3231=CARTESIAN_POINT('Ctrl Pts',(-4.43829031172954,2.73573733394633,-5.87107369846031));
#3232=CARTESIAN_POINT('Ctrl Pts',(-7.31249999999993,5.5,-23.2578526030794));
#3233=CARTESIAN_POINT('Ctrl Pts',(-7.31249999999993,5.5,-35.));
#3234=CARTESIAN_POINT('Ctrl Pts',(-3.9835833823905,2.80502140194274,0.));
#3235=CARTESIAN_POINT('Ctrl Pts',(-3.9835833823905,2.80502140194274,-5.84413757797571));
#3236=CARTESIAN_POINT('Ctrl Pts',(-5.95662728200701,5.5,-23.2802236235962));
#3237=CARTESIAN_POINT('Ctrl Pts',(-5.95662728200701,5.5,-35.));
#3238=CARTESIAN_POINT('Ctrl Pts',(-3.35214728696486,2.82463147872383,0.));
#3239=CARTESIAN_POINT('Ctrl Pts',(-3.35214728696486,2.82463147872383,-5.80373339724882));
#3240=CARTESIAN_POINT('Ctrl Pts',(-3.76559169366514,5.34048907867454,-23.3137801543714));
#3241=CARTESIAN_POINT('Ctrl Pts',(-3.76559169366514,5.34048907867454,-35.));
#3242=CARTESIAN_POINT('Ctrl Pts',(-2.54947668003542,2.73320051506506,0.));
#3243=CARTESIAN_POINT('Ctrl Pts',(-2.54947668003542,2.73320051506506,-6.05990572680579));
#3244=CARTESIAN_POINT('Ctrl Pts',(-0.768900430906004,4.71670025056911,-23.3039655031323));
#3245=CARTESIAN_POINT('Ctrl Pts',(-0.768900430906004,4.71670025056911,-35.));
#3246=CARTESIAN_POINT('Ctrl Pts',(-1.96058851731577,2.60461031892772,0.));
#3247=CARTESIAN_POINT('Ctrl Pts',(-1.96058851731577,2.60461031892772,-6.47723528126501));
#3248=CARTESIAN_POINT('Ctrl Pts',(1.41908541641003,4.06154698637997,-23.2732810185709));
#3249=CARTESIAN_POINT('Ctrl Pts',(1.41908541641003,4.06154698637997,-35.));
#3250=CARTESIAN_POINT('Ctrl Pts',(-1.3783078460653,2.41477504235397,0.));
#3251=CARTESIAN_POINT('Ctrl Pts',(-1.3783078460653,2.41477504235397,-7.19287658097488));
#3252=CARTESIAN_POINT('Ctrl Pts',(3.45770310293487,3.25389406643655,-23.2227850391781));
#3253=CARTESIAN_POINT('Ctrl Pts',(3.45770310293487,3.25389406643655,-35.));
#3254=CARTESIAN_POINT('Ctrl Pts',(-0.794653479402689,2.1558011055307,0.));
#3255=CARTESIAN_POINT('Ctrl Pts',(-0.794653479402689,2.1558011055307,-8.28137028511799));
#3256=CARTESIAN_POINT('Ctrl Pts',(5.31605442173087,2.34189415834089,-23.1591493419661));
#3257=CARTESIAN_POINT('Ctrl Pts',(5.31605442173087,2.34189415834089,-35.));
#3258=CARTESIAN_POINT('Ctrl Pts',(-0.20036057979356,1.80945985987098,0.));
#3259=CARTESIAN_POINT('Ctrl Pts',(-0.20036057979356,1.80945985987098,-9.81452409365925));
#3260=CARTESIAN_POINT('Ctrl Pts',(6.96324116586036,1.37369992969505,-23.0933961806786));
#3261=CARTESIAN_POINT('Ctrl Pts',(6.96324116586036,1.37369992969505,-35.));
#3262=CARTESIAN_POINT('Ctrl Pts',(0.213450325745014,1.49865407377228,0.));
#3263=CARTESIAN_POINT('Ctrl Pts',(0.213450325745014,1.49865407377228,-11.1876436961021));
#3264=CARTESIAN_POINT('Ctrl Pts',(7.93166654735282,0.709621812989429,-23.0483899768516));
#3265=CARTESIAN_POINT('Ctrl Pts',(7.93166654735282,0.709621812989429,-35.));
#3266=CARTESIAN_POINT('Ctrl Pts',(0.739035052139661,1.0355274768846,0.));
#3267=CARTESIAN_POINT('Ctrl Pts',(0.739035052139661,1.0355274768846,-13.0627219709278));
#3268=CARTESIAN_POINT('Ctrl Pts',(9.0237006188055,-0.0879335345875854,-23.0086741180302));
#3269=CARTESIAN_POINT('Ctrl Pts',(9.0237006188055,-0.0879335345875854,-35.));
#3270=CARTESIAN_POINT('Ctrl Pts',(1.41143573778902,0.443031870275395,0.));
#3271=CARTESIAN_POINT('Ctrl Pts',(1.41143573778902,0.443031870275395,-15.6213905361385));
#3272=CARTESIAN_POINT('Ctrl Pts',(9.9191992846941,-0.741951360952168,-22.9857945326073));
#3273=CARTESIAN_POINT('Ctrl Pts',(9.9191992846941,-0.741951360952168,-35.));
#3274=CARTESIAN_POINT('Ctrl Pts',(2.64931131899882,-0.647740133752697,0.));
#3275=CARTESIAN_POINT('Ctrl Pts',(2.64931131899882,-0.647740133752697,-19.6158078474644));
#3276=CARTESIAN_POINT('Ctrl Pts',(11.113026214228,-1.61385002842195,-22.9923870786448));
#3277=CARTESIAN_POINT('Ctrl Pts',(11.113026214228,-1.61385002842195,-35.));
#3278=CARTESIAN_POINT('Ctrl Pts',(4.09035602791509,-1.91753755838765,0.));
#3279=CARTESIAN_POINT('Ctrl Pts',(4.09035602791509,-1.91753755838765,-22.8089194135147));
#3280=CARTESIAN_POINT('Ctrl Pts',(12.2114101094402,-2.41604290153776,-23.0266183852249));
#3281=CARTESIAN_POINT('Ctrl Pts',(12.2114101094402,-2.41604290153776,-35.));
#3282=CARTESIAN_POINT('Ctrl Pts',(5.01187891617249,-2.72955080336976,0.));
#3283=CARTESIAN_POINT('Ctrl Pts',(5.01187891617249,-2.72955080336976,-23.8583116208952));
#3284=CARTESIAN_POINT('Ctrl Pts',(12.9769507961026,-2.9751473144826,-23.0261961456212));
#3285=CARTESIAN_POINT('Ctrl Pts',(12.9769507961026,-2.9751473144826,-35.));
#3286=CARTESIAN_POINT('Ctrl Pts',(5.46456944261224,-3.12844561979924,0.));
#3287=CARTESIAN_POINT('Ctrl Pts',(5.46456944261224,-3.12844561979924,-23.9339702251126));
#3288=CARTESIAN_POINT('Ctrl Pts',(13.4177171942992,-3.29705631632018,-23.0364505393856));
#3289=CARTESIAN_POINT('Ctrl Pts',(13.4177171942992,-3.29705631632018,-35.));
#3290=CARTESIAN_POINT('Ctrl Pts',(5.50830229623571,-3.19982205596985,0.));
#3291=CARTESIAN_POINT('Ctrl Pts',(5.50830229623571,-3.19982205596985,-23.9380427955513));
#3292=CARTESIAN_POINT('Ctrl Pts',(13.4351131202081,-3.33662234361765,-23.0376360227447));
#3293=CARTESIAN_POINT('Ctrl Pts',(13.4351131202081,-3.33662234361765,-35.));
#3294=CARTESIAN_POINT('Ctrl Pts',(5.4951089597024,-3.31421717372204,0.));
#3295=CARTESIAN_POINT('Ctrl Pts',(5.4951089597024,-3.31421717372204,-23.9429093827511));
#3296=CARTESIAN_POINT('Ctrl Pts',(13.439180272896,-3.38684106459701,-23.0365990565309));
#3297=CARTESIAN_POINT('Ctrl Pts',(13.439180272896,-3.38684106459701,-35.));
#3298=CARTESIAN_POINT('Ctrl Pts',(5.45237997871677,-3.39071409231554,0.));
#3299=CARTESIAN_POINT('Ctrl Pts',(5.45237997871677,-3.39071409231554,-23.9475383910193));
#3300=CARTESIAN_POINT('Ctrl Pts',(13.4297102536449,-3.42287190354939,-23.0341252452742));
#3301=CARTESIAN_POINT('Ctrl Pts',(13.4297102536449,-3.42287190354939,-35.));
#3302=CARTESIAN_POINT('Ctrl Pts',(5.37973494457551,-3.43899890337206,0.));
#3303=CARTESIAN_POINT('Ctrl Pts',(5.37973494457551,-3.43899890337206,-23.9532899616465));
#3304=CARTESIAN_POINT('Ctrl Pts',(13.4110588550547,-3.4550102918138,-23.0301240659314));
#3305=CARTESIAN_POINT('Ctrl Pts',(13.4110588550547,-3.4550102918138,-35.0000000000001));
#3306=CARTESIAN_POINT('Ctrl Pts',(5.31434733730838,-3.45172083456614,0.));
#3307=CARTESIAN_POINT('Ctrl Pts',(5.31434733730838,-3.45172083456615,-23.9563020471026));
#3308=CARTESIAN_POINT('Ctrl Pts',(13.3864621636637,-3.47755567697977,-23.0270747731438));
#3309=CARTESIAN_POINT('Ctrl Pts',(13.3864621636637,-3.47755567697977,-35.));
#3310=CARTESIAN_POINT('Ctrl Pts',(5.27461052861867,-3.44930868977056,0.));
#3311=CARTESIAN_POINT('Ctrl Pts',(5.27461052861867,-3.44930868977056,-23.955472098405));
#3312=CARTESIAN_POINT('Ctrl Pts',(13.3606426899051,-3.49097017576912,-23.0260122995966));
#3313=CARTESIAN_POINT('Ctrl Pts',(13.3606426899051,-3.49097017576912,-35.));
#3314=CARTESIAN_POINT('Ctrl Pts',(5.24975828406631,-3.44376252999808,0.));
#3315=CARTESIAN_POINT('Ctrl Pts',(5.24975828406631,-3.44376252999808,-23.9533261680373));
#3316=CARTESIAN_POINT('Ctrl Pts',(13.3379425850614,-3.49852074838876,-23.0258862214445));
#3317=CARTESIAN_POINT('Ctrl Pts',(13.3379425850614,-3.49852074838876,-35.));
#3318=CARTESIAN_POINT('Ctrl Pts',(5.22852012488179,-3.43703711274941,0.));
#3319=CARTESIAN_POINT('Ctrl Pts',(5.22852012488179,-3.43703711274941,-23.9500263764568));
#3320=CARTESIAN_POINT('Ctrl Pts',(13.3093638302863,-3.50081528990351,-23.0262764737373));
#3321=CARTESIAN_POINT('Ctrl Pts',(13.3093638302863,-3.50081528990351,-35.));
#3322=CARTESIAN_POINT('Ctrl Pts',(5.21648779227943,-3.4318356598566,0.));
#3323=CARTESIAN_POINT('Ctrl Pts',(5.21648779227943,-3.4318356598566,-23.9458843459559));
#3324=CARTESIAN_POINT('Ctrl Pts',(13.2863102388585,-3.498586476246,-23.0274877143439));
#3325=CARTESIAN_POINT('Ctrl Pts',(13.2863102388585,-3.498586476246,-35.));
#3326=CARTESIAN_POINT('Ctrl Pts',(5.21093249851061,-3.42907255562603,0.));
#3327=CARTESIAN_POINT('Ctrl Pts',(5.21093249851061,-3.42907255562603,-23.9438133307055));
#3328=CARTESIAN_POINT('Ctrl Pts',(13.2691551417107,-3.49224428881558,-23.0280933346473));
#3329=CARTESIAN_POINT('Ctrl Pts',(13.2691551417107,-3.49224428881558,-35.));
#3330=CARTESIAN_POINT('',(13.2691551417107,-3.49224428881558,-35.));
#3331=CARTESIAN_POINT('Ctrl Pts',(5.22522384064014,-3.42918459135548,-1.71669327930353));
#3332=CARTESIAN_POINT('Ctrl Pts',(5.60118659258317,-3.43213191853997,-23.9066606762041));
#3333=CARTESIAN_POINT('Ctrl Pts',(13.2691551417107,-3.49224428881558,-23.3215863861037));
#3334=CARTESIAN_POINT('Ctrl Pts',(13.2691551417107,-3.49224428881558,-35.));
#3335=CARTESIAN_POINT('',(13.3862237765793,-3.27405543716033,-35.));
#3336=CARTESIAN_POINT('Origin',(13.3125000000001,-3.375,-35.));
#3337=CARTESIAN_POINT('',(8.38622377733011,0.377640825376166,-35.));
#3338=CARTESIAN_POINT('',(13.3862237765799,-3.27405543716072,-35.));
#3339=CARTESIAN_POINT('',(-7.31249999999993,5.50000000000001,-35.));
#3340=CARTESIAN_POINT('Origin',(-7.31249999999993,-21.1174708229813,-35.));
#3341=CARTESIAN_POINT('Ctrl Pts',(-7.31249999999993,5.50000000000001,-35.));
#3342=CARTESIAN_POINT('Ctrl Pts',(-7.31249999999993,5.5,-24.8745244124275));
#3343=CARTESIAN_POINT('Ctrl Pts',(-5.17525526736355,3.44451120015472,-10.5517353836211));
#3344=CARTESIAN_POINT('Ctrl Pts',(-4.58673884151164,2.87850726836756,-3.03509914167041));
#3345=CARTESIAN_POINT('Ctrl Pts',(5.21093249851061,-3.42907255562603,0.));
#3346=CARTESIAN_POINT('Ctrl Pts',(5.21093249851061,-3.42907255562603,-23.9438133307055));
#3347=CARTESIAN_POINT('Ctrl Pts',(13.2691551417107,-3.49224428881558,-23.0280933346473));
#3348=CARTESIAN_POINT('Ctrl Pts',(13.2691551417107,-3.49224428881558,-35.));
#3349=CARTESIAN_POINT('Ctrl Pts',(4.99280660809282,-3.32058062060148,0.));
#3350=CARTESIAN_POINT('Ctrl Pts',(4.99280660809282,-3.32058062060148,-24.0233608240767));
#3351=CARTESIAN_POINT('Ctrl Pts',(12.8626758734076,-3.26336204704126,-23.0459204061025));
#3352=CARTESIAN_POINT('Ctrl Pts',(12.8626758734076,-3.26336204704126,-35.));
#3353=CARTESIAN_POINT('Ctrl Pts',(4.6564993664744,-3.15330738524153,0.));
#3354=CARTESIAN_POINT('Ctrl Pts',(4.6564993664744,-3.15330738524153,-24.1824558108191));
#3355=CARTESIAN_POINT('Ctrl Pts',(11.9642692355369,-2.75748304819533,-23.0815745490131));
#3356=CARTESIAN_POINT('Ctrl Pts',(11.9642692355369,-2.75748304819533,-35.));
#3357=CARTESIAN_POINT('Ctrl Pts',(4.20179484901,-2.92714545247128,0.));
#3358=CARTESIAN_POINT('Ctrl Pts',(4.20179484901,-2.92714545247128,-24.2483744761815));
#3359=CARTESIAN_POINT('Ctrl Pts',(10.320621574052,-1.83197025877733,-23.1544216475989));
#3360=CARTESIAN_POINT('Ctrl Pts',(10.320621574052,-1.83197025877733,-35.));
#3361=CARTESIAN_POINT('Ctrl Pts',(3.75114897447919,-2.7030022164481,0.));
#3362=CARTESIAN_POINT('Ctrl Pts',(3.75114897447919,-2.7030022164481,-24.0962588301056));
#3363=CARTESIAN_POINT('Ctrl Pts',(8.635008004818,-0.882827110340462,-23.2077007308161));
#3364=CARTESIAN_POINT('Ctrl Pts',(8.635008004818,-0.882827110340462,-35.));
#3365=CARTESIAN_POINT('Ctrl Pts',(3.41895978968448,-2.53777722924654,0.));
#3366=CARTESIAN_POINT('Ctrl Pts',(3.41895978968448,-2.53777722924654,-23.7805525608309));
#3367=CARTESIAN_POINT('Ctrl Pts',(7.69398735670747,-0.352952815903201,-23.223254504907));
#3368=CARTESIAN_POINT('Ctrl Pts',(7.69398735670747,-0.352952815903201,-35.));
#3369=CARTESIAN_POINT('Ctrl Pts',(2.63975122137027,-2.1502127580955,0.));
#3370=CARTESIAN_POINT('Ctrl Pts',(2.63975122137027,-2.1502127580955,-22.8815692491773));
#3371=CARTESIAN_POINT('Ctrl Pts',(6.10269181781885,0.543081296209832,-23.2474934916452));
#3372=CARTESIAN_POINT('Ctrl Pts',(6.10269181781885,0.543081296209832,-35.));
#3373=CARTESIAN_POINT('Ctrl Pts',(1.45823308107348,-1.60371001441531,0.));
#3374=CARTESIAN_POINT('Ctrl Pts',(1.45823308107348,-1.60371001441531,-20.3249601068751));
#3375=CARTESIAN_POINT('Ctrl Pts',(3.70965456563203,1.64381267928125,-23.2633414737803));
#3376=CARTESIAN_POINT('Ctrl Pts',(3.70965456563203,1.64381267928125,-35.));
#3377=CARTESIAN_POINT('Ctrl Pts',(-0.428004756843222,-0.865200470019666,
0.));
#3378=CARTESIAN_POINT('Ctrl Pts',(-0.428004756843222,-0.865200470019666,
-14.6119541461476));
#3379=CARTESIAN_POINT('Ctrl Pts',(0.0383486799264096,2.68554565100712,-23.2776514727636));
#3380=CARTESIAN_POINT('Ctrl Pts',(0.0383486799264096,2.68554565100712,-35.));
#3381=CARTESIAN_POINT('Ctrl Pts',(-2.41980758143097,-0.224985910061236,
0.));
#3382=CARTESIAN_POINT('Ctrl Pts',(-2.41980758143097,-0.224985910061236,
-8.94380457425827));
#3383=CARTESIAN_POINT('Ctrl Pts',(-3.63062387887045,3.1533237661246,-23.2759088640234));
#3384=CARTESIAN_POINT('Ctrl Pts',(-3.63062387887045,3.1533237661246,-35.));
#3385=CARTESIAN_POINT('Ctrl Pts',(-3.80876407148631,0.125087096156177,0.));
#3386=CARTESIAN_POINT('Ctrl Pts',(-3.80876407148631,0.125087096156177,-6.46217317360999));
#3387=CARTESIAN_POINT('Ctrl Pts',(-6.02682551876072,3.10895864760474,-23.2698821901442));
#3388=CARTESIAN_POINT('Ctrl Pts',(-6.02682551876072,3.10895864760474,-35.));
#3389=CARTESIAN_POINT('Ctrl Pts',(-4.6375810987122,0.305025601223731,0.));
#3390=CARTESIAN_POINT('Ctrl Pts',(-4.6375810987122,0.305025601223731,-5.76520711217246));
#3391=CARTESIAN_POINT('Ctrl Pts',(-7.40586519631299,2.98684082171361,-23.262701838712));
#3392=CARTESIAN_POINT('Ctrl Pts',(-7.40586519631299,2.98684082171361,-35.));
#3393=CARTESIAN_POINT('Ctrl Pts',(-4.88779301470965,0.398004694513048,0.));
#3394=CARTESIAN_POINT('Ctrl Pts',(-4.88779301470965,0.398004694513048,-5.59820316006203));
#3395=CARTESIAN_POINT('Ctrl Pts',(-7.77660612129451,3.05089630580778,-23.2603949069869));
#3396=CARTESIAN_POINT('Ctrl Pts',(-7.77660612129451,3.05089630580778,-35.));
#3397=CARTESIAN_POINT('Ctrl Pts',(-5.22975383656658,0.679439967188673,0.));
#3398=CARTESIAN_POINT('Ctrl Pts',(-5.22975383656658,0.679439967188673,-5.44884900292163));
#3399=CARTESIAN_POINT('Ctrl Pts',(-8.1996371095498,3.3262630609022,-23.2582005432566));
#3400=CARTESIAN_POINT('Ctrl Pts',(-8.1996371095498,3.3262630609022,-35.));
#3401=CARTESIAN_POINT('Ctrl Pts',(-5.46615764047162,1.09595769628407,0.));
#3402=CARTESIAN_POINT('Ctrl Pts',(-5.46615764047162,1.09595769628407,-5.3859186194722));
#3403=CARTESIAN_POINT('Ctrl Pts',(-8.47291163877638,3.71379740406141,-23.2579001586519));
#3404=CARTESIAN_POINT('Ctrl Pts',(-8.47291163877638,3.71379740406141,-35.));
#3405=CARTESIAN_POINT('Ctrl Pts',(-5.52898175433107,1.58789044303322,0.));
#3406=CARTESIAN_POINT('Ctrl Pts',(-5.52898175433107,1.58789044303322,-5.39582158645451));
#3407=CARTESIAN_POINT('Ctrl Pts',(-8.58760802972899,4.1634130770834,-23.2574610270841));
#3408=CARTESIAN_POINT('Ctrl Pts',(-8.58760802972899,4.1634130770834,-35.));
#3409=CARTESIAN_POINT('Ctrl Pts',(-5.40164345499783,2.05657918112187,0.));
#3410=CARTESIAN_POINT('Ctrl Pts',(-5.40164345499783,2.05657918112187,-5.46469622109445));
#3411=CARTESIAN_POINT('Ctrl Pts',(-8.53490460316238,4.62502382176615,-23.2554030965591));
#3412=CARTESIAN_POINT('Ctrl Pts',(-8.53490460316238,4.62502382176615,-35.));
#3413=CARTESIAN_POINT('Ctrl Pts',(-5.13142879835868,2.42056859337485,0.));
#3414=CARTESIAN_POINT('Ctrl Pts',(-5.13142879835868,2.42056859337485,-5.57763277655271));
#3415=CARTESIAN_POINT('Ctrl Pts',(-8.31208561003274,5.05345313091821,-23.2525740669353));
#3416=CARTESIAN_POINT('Ctrl Pts',(-8.31208561003274,5.05345313091821,-35.));
#3417=CARTESIAN_POINT('Ctrl Pts',(-4.78957643110397,2.64959916391395,0.));
#3418=CARTESIAN_POINT('Ctrl Pts',(-4.78957643110397,2.64959916391395,-5.71922720483449));
#3419=CARTESIAN_POINT('Ctrl Pts',(-7.91537663729057,5.38811688840973,-23.2509199304893));
#3420=CARTESIAN_POINT('Ctrl Pts',(-7.91537663729057,5.38811688840973,-35.));
#3421=CARTESIAN_POINT('Ctrl Pts',(-4.55284617161689,2.71828236356056,0.));
#3422=CARTESIAN_POINT('Ctrl Pts',(-4.55284617161689,2.71828236356056,-5.82045820058504));
#3423=CARTESIAN_POINT('Ctrl Pts',(-7.53438853813957,5.50000000000001,-23.255541712216));
#3424=CARTESIAN_POINT('Ctrl Pts',(-7.53438853813957,5.50000000000001,-35.));
#3425=CARTESIAN_POINT('Ctrl Pts',(-4.43829031172954,2.73573733394634,0.));
#3426=CARTESIAN_POINT('Ctrl Pts',(-4.43829031172954,2.73573733394634,-5.87107369846031));
#3427=CARTESIAN_POINT('Ctrl Pts',(-7.31249999999993,5.50000000000001,-23.2578526030794));
#3428=CARTESIAN_POINT('Ctrl Pts',(-7.31249999999993,5.50000000000001,-35.));
#3429=CARTESIAN_POINT('',(-7.20224046031055,3.00487236240316,-35.));
#3430=CARTESIAN_POINT('Origin',(-7.31249999999993,4.25,-35.));
#3431=CARTESIAN_POINT('',(7.26915514259757,-0.113736311825762,-35.));
#3432=CARTESIAN_POINT('Origin',(-4.9970496665231,-21.8976803895336,-35.));
#3433=CARTESIAN_POINT('',(7.26915514171067,-0.113736311326352,-35.));
#3434=CARTESIAN_POINT('Ctrl Pts',(-7.31249999999993,5.5,-35.));
#3435=CARTESIAN_POINT('Ctrl Pts',(-7.31249999999993,5.5,-45.0297285306537));
#3436=CARTESIAN_POINT('Ctrl Pts',(-7.06248713439068,4.37494210475841,-55.0152490911575));
#3437=CARTESIAN_POINT('Ctrl Pts',(-6.81248070183435,3.24991315825489,-65.0007707891717));
#3438=CARTESIAN_POINT('Ctrl Pts',(-5.91407164169352,5.5,-35.));
#3439=CARTESIAN_POINT('Ctrl Pts',(-5.91407164169352,5.5,-45.0510535174152));
#3440=CARTESIAN_POINT('Ctrl Pts',(-5.75518762602384,4.37494210475841,-55.025910761472));
#3441=CARTESIAN_POINT('Ctrl Pts',(-5.59630769858089,3.24991315825489,-65.0007699661266));
#3442=CARTESIAN_POINT('Ctrl Pts',(-3.10987833684244,5.27892567368559,-35.));
#3443=CARTESIAN_POINT('Ctrl Pts',(-3.10987833684244,5.27892567368559,-45.0937034909384));
#3444=CARTESIAN_POINT('Ctrl Pts',(-3.14010712817577,4.18564982070658,-55.0472341021012));
#3445=CARTESIAN_POINT('Ctrl Pts',(-3.17033514169547,3.09240209868548,-65.0007683200366));
#3446=CARTESIAN_POINT('Ctrl Pts',(0.997760810812317,4.28655237715878,-35.));
#3447=CARTESIAN_POINT('Ctrl Pts',(0.997760810812317,4.28655237715878,-44.8960695904214));
#3448=CARTESIAN_POINT('Ctrl Pts',(0.700204307934999,3.33894530150922,-54.9484247797861));
#3449=CARTESIAN_POINT('Ctrl Pts',(0.402655461450567,2.39136260863066,-65.0007759477836));
#3450=CARTESIAN_POINT('Ctrl Pts',(4.88894465325203,2.66284772195536,-35.));
#3451=CARTESIAN_POINT('Ctrl Pts',(4.88894465325203,2.66284772195536,-44.1785508062179));
#3452=CARTESIAN_POINT('Ctrl Pts',(4.37612579846412,1.94850926556572,-54.589693081277));
#3453=CARTESIAN_POINT('Ctrl Pts',(3.86332013896044,1.23418918973851,-65.0008036406637));
#3454=CARTESIAN_POINT('Ctrl Pts',(7.26672201681123,1.19525690445691,-35.));
#3455=CARTESIAN_POINT('Ctrl Pts',(7.26672201681123,1.19525690445691,-43.1811559447263));
#3456=CARTESIAN_POINT('Ctrl Pts',(6.6655926179762,0.680149209534647,-54.0910341463135));
#3457=CARTESIAN_POINT('Ctrl Pts',(6.06447868673408,0.165054768790503,-65.0008421354555));
#3458=CARTESIAN_POINT('Ctrl Pts',(8.81331334032803,0.0657205531357635,-35.));
#3459=CARTESIAN_POINT('Ctrl Pts',(8.81331334032803,0.0657205531357635,-42.2533409827213));
#3460=CARTESIAN_POINT('Ctrl Pts',(8.17532909478172,-0.304035590260589,-53.6271624755646));
#3461=CARTESIAN_POINT('Ctrl Pts',(7.53736126513623,-0.673782219503233,-65.0008779447876));
#3462=CARTESIAN_POINT('Ctrl Pts',(9.65652141524319,-0.55010740209836,-35.));
#3463=CARTESIAN_POINT('Ctrl Pts',(9.65652141524319,-0.55010740209836,-41.6905825986588));
#3464=CARTESIAN_POINT('Ctrl Pts',(9.00846928488478,-0.846327082655348,-53.3458050039422));
#3465=CARTESIAN_POINT('Ctrl Pts',(8.3604338294828,-1.14253914121708,-65.0008996646376));
#3466=CARTESIAN_POINT('Ctrl Pts',(10.9022951800789,-1.45994488243828,-35.));
#3467=CARTESIAN_POINT('Ctrl Pts',(10.9022951800789,-1.45994488243828,-40.8620785784157));
#3468=CARTESIAN_POINT('Ctrl Pts',(10.2582554505897,-1.65827681751828,-52.9315849710363));
#3469=CARTESIAN_POINT('Ctrl Pts',(9.61423229281428,-1.85660364934159,-65.0009316410305));
#3470=CARTESIAN_POINT('Ctrl Pts',(12.1409061624108,-2.36455110155772,-35.));
#3471=CARTESIAN_POINT('Ctrl Pts',(12.1409061624108,-2.36455110155772,-40.2158047732602));
#3472=CARTESIAN_POINT('Ctrl Pts',(11.5083808834827,-2.46984387275859,-52.6084730122563));
#3473=CARTESIAN_POINT('Ctrl Pts',(10.8758718799914,-2.57513393468301,-65.0009565841864));
#3474=CARTESIAN_POINT('Ctrl Pts',(12.9693691948586,-2.96961017349647,-35.));
#3475=CARTESIAN_POINT('Ctrl Pts',(12.9693691948586,-2.96961017349647,-40.017752296694));
#3476=CARTESIAN_POINT('Ctrl Pts',(12.3417462196743,-3.01107806218331,-52.5094544180722));
#3477=CARTESIAN_POINT('Ctrl Pts',(11.7141393937862,-3.05254488386458,-65.0009642280887));
#3478=CARTESIAN_POINT('Ctrl Pts',(13.410135800066,-3.29151932652203,-35.));
#3479=CARTESIAN_POINT('Ctrl Pts',(13.410135800066,-3.29151932652203,-40.0037455852665));
#3480=CARTESIAN_POINT('Ctrl Pts',(12.7823319736431,-3.29744208498263,-52.5024516029661));
#3481=CARTESIAN_POINT('Ctrl Pts',(12.1545443011699,-3.3033646910454,-65.0009647686825));
#3482=CARTESIAN_POINT('Ctrl Pts',(13.4448337900217,-3.34392746451783,-35.));
#3483=CARTESIAN_POINT('Ctrl Pts',(13.4448337900217,-3.34392746451783,-40.0027900119032));
#3484=CARTESIAN_POINT('Ctrl Pts',(12.818394493935,-3.34642418645715,-52.5019738531662));
#3485=CARTESIAN_POINT('Ctrl Pts',(12.1919713166872,-3.34892084415361,-65.0009648055632));
#3486=CARTESIAN_POINT('Ctrl Pts',(13.4332861142111,-3.43770050601482,-35.0000000000001));
#3487=CARTESIAN_POINT('Ctrl Pts',(13.4332861142111,-3.43770050601482,-40.0025968355111));
#3488=CARTESIAN_POINT('Ctrl Pts',(12.8103625480797,-3.4375918547836,-52.501877272426));
#3489=CARTESIAN_POINT('Ctrl Pts',(12.1874550103244,-3.43748320634807,-65.0009648130188));
#3490=CARTESIAN_POINT('Ctrl Pts',(13.3624290685934,-3.50191459391851,-35.));
#3491=CARTESIAN_POINT('Ctrl Pts',(13.3624290685934,-3.50191459391851,-40.0032428480372));
#3492=CARTESIAN_POINT('Ctrl Pts',(12.7439754497567,-3.50063988350586,-52.5022002537553));
#3493=CARTESIAN_POINT('Ctrl Pts',(12.1255377442805,-3.49936520589264,-65.0009647880859));
#3494=CARTESIAN_POINT('Ctrl Pts',(13.2978474378327,-3.50285637914766,-35.));
#3495=CARTESIAN_POINT('Ctrl Pts',(13.2978474378327,-3.50285637914766,-40.0039507424369));
#3496=CARTESIAN_POINT('Ctrl Pts',(12.683064257999,-3.50288901527977,-52.502554173633));
#3497=CARTESIAN_POINT('Ctrl Pts',(12.0682968970821,-3.50292165057212,-65.0009647607644));
#3498=CARTESIAN_POINT('Ctrl Pts',(13.2691390574404,-3.49223834121077,-35.));
#3499=CARTESIAN_POINT('Ctrl Pts',(13.2691390574404,-3.49223834121077,-40.0043047097427));
#3500=CARTESIAN_POINT('Ctrl Pts',(12.6559427888986,-3.49376737097662,-52.5027311436241));
#3501=CARTESIAN_POINT('Ctrl Pts',(12.042762298441,-3.49529636139918,-65.0009647471029));
#3502=CARTESIAN_POINT('',(12.0428239364306,-3.49530051453111,-65.));
#3503=CARTESIAN_POINT('Ctrl Pts',(13.2691551417107,-3.49224428881558,-35.));
#3504=CARTESIAN_POINT('Ctrl Pts',(13.2691551417107,-3.49224428881558,-40.0041757495493));
#3505=CARTESIAN_POINT('Ctrl Pts',(12.6559895390706,-3.49377240167334,-52.5020878747746));
#3506=CARTESIAN_POINT('Ctrl Pts',(12.0428239364306,-3.49530051453111,-65.));
#3507=CARTESIAN_POINT('',(12.1306636538107,-3.28973595840772,-65.));
#3508=CARTESIAN_POINT('Origin',(12.0750000000001,-3.3875,-65.));
#3509=CARTESIAN_POINT('',(7.13067544931762,-0.442107026582321,-65.));
#3510=CARTESIAN_POINT('',(12.1306754483345,-3.28974267570785,-65.));
#3511=CARTESIAN_POINT('',(-6.81249999839828,3.25000000000013,-64.9999999999988));
#3512=CARTESIAN_POINT('Origin',(-6.81249999999993,-24.9241285407387,-65.));
#3513=CARTESIAN_POINT('Ctrl Pts',(-6.81250000000002,3.2500000000004,-64.9999999999964));
#3514=CARTESIAN_POINT('Ctrl Pts',(-7.06249999999999,4.37500000000027,-55.0147352317366));
#3515=CARTESIAN_POINT('Ctrl Pts',(-7.31249999999993,5.50000000000001,-45.0294704634768));
#3516=CARTESIAN_POINT('Ctrl Pts',(-7.31249999999993,5.50000000000001,-35.));
#3517=CARTESIAN_POINT('Ctrl Pts',(13.2707459233461,-3.49314003355653,-35.));
#3518=CARTESIAN_POINT('Ctrl Pts',(13.2707459233461,-3.49314003355653,-40.0057396398326));
#3519=CARTESIAN_POINT('Ctrl Pts',(12.657168786493,-3.4946301932985,-52.5127580473104));
#3520=CARTESIAN_POINT('Ctrl Pts',(12.0438613267116,-3.49611969809117,-65.0164795214913));
#3521=CARTESIAN_POINT('Ctrl Pts',(12.7287522060437,-3.18795168394731,-35.));
#3522=CARTESIAN_POINT('Ctrl Pts',(12.7287522060437,-3.18795168394731,-40.2222504287037));
#3523=CARTESIAN_POINT('Ctrl Pts',(12.0717566440391,-3.20285186734348,-52.6208707017577));
#3524=CARTESIAN_POINT('Ctrl Pts',(11.4150498422062,-3.21774550186815,-65.0163368442395));
#3525=CARTESIAN_POINT('Ctrl Pts',(11.740600709439,-2.63153873157283,-35.));
#3526=CARTESIAN_POINT('Ctrl Pts',(11.740600709439,-2.63153873157283,-40.6550599561584));
#3527=CARTESIAN_POINT('Ctrl Pts',(10.9061887979837,-2.62738288758172,-52.8369901253078));
#3528=CARTESIAN_POINT('Ctrl Pts',(10.0721436240542,-2.62322887015124,-65.0160516294738));
#3529=CARTESIAN_POINT('Ctrl Pts',(10.3422794973962,-1.84416550324301,-35.));
#3530=CARTESIAN_POINT('Ctrl Pts',(10.3422794973962,-1.84416550324301,-41.3048060568923));
#3531=CARTESIAN_POINT('Ctrl Pts',(9.12599465208571,-1.75512389004419,-53.1614348148005));
#3532=CARTESIAN_POINT('Ctrl Pts',(7.91024438362934,-1.66612141207397,-65.0156234568711));
#3533=CARTESIAN_POINT('Ctrl Pts',(8.91727040529647,-1.04176473896741,-35.));
#3534=CARTESIAN_POINT('Ctrl Pts',(8.91727040529647,-1.04176473896741,-41.9444942508206));
#3535=CARTESIAN_POINT('Ctrl Pts',(7.37516978882037,-0.8942645561138,-53.4808571818092));
#3536=CARTESIAN_POINT('Ctrl Pts',(5.83374695049749,-0.746829201975301,-65.0152019122728));
#3537=CARTESIAN_POINT('Ctrl Pts',(7.8740315623484,-0.454332946746297,-35.));
#3538=CARTESIAN_POINT('Ctrl Pts',(7.8740315623484,-0.454332946746297,-42.3507003850085));
#3539=CARTESIAN_POINT('Ctrl Pts',(6.24159833744297,-0.329651467625986,-53.6836924476581));
#3540=CARTESIAN_POINT('Ctrl Pts',(4.60988259333264,-0.205024788031565,-65.0149342287308));
#3541=CARTESIAN_POINT('Ctrl Pts',(6.28273582092958,0.441701279408341,-35.));
#3542=CARTESIAN_POINT('Ctrl Pts',(6.28273582092958,0.441701279408341,-42.8662517549837));
#3543=CARTESIAN_POINT('Ctrl Pts',(4.69725921921557,0.449777509085029,-53.9411282429021));
#3544=CARTESIAN_POINT('Ctrl Pts',(3.11247946010157,0.457850189128199,-65.0145944883742));
#3545=CARTESIAN_POINT('Ctrl Pts',(4.14080363421359,1.47067456867644,-35.));
#3546=CARTESIAN_POINT('Ctrl Pts',(4.14080363421359,1.47067456867644,-43.4674708422195));
#3547=CARTESIAN_POINT('Ctrl Pts',(2.72716475114125,1.27083596579413,-54.2413414182562));
#3548=CARTESIAN_POINT('Ctrl Pts',(1.31414718521336,1.07108519520872,-65.0141982943207));
#3549=CARTESIAN_POINT('Ctrl Pts',(0.486150950696734,2.59797616184566,-35.));
#3550=CARTESIAN_POINT('Ctrl Pts',(0.486150950696734,2.59797616184566,-44.2217072743243));
#3551=CARTESIAN_POINT('Ctrl Pts',(-0.41616186822394,2.07309640756257,-54.6179623856493));
#3552=CARTESIAN_POINT('Ctrl Pts',(-1.31807810607235,1.5484473464176,-65.0137012642101));
#3553=CARTESIAN_POINT('Ctrl Pts',(-3.40905554848106,3.15428641924974,-35.));
#3554=CARTESIAN_POINT('Ctrl Pts',(-3.40905554848106,3.15428641924974,-44.7773603590706));
#3555=CARTESIAN_POINT('Ctrl Pts',(-3.67529161394162,2.39559469615665,-54.8954226002509));
#3556=CARTESIAN_POINT('Ctrl Pts',(-3.94141066434698,1.63723643034219,-65.0133350974456));
#3557=CARTESIAN_POINT('Ctrl Pts',(-5.97079947077877,3.1139199110725,-35.));
#3558=CARTESIAN_POINT('Ctrl Pts',(-5.97079947077877,3.1139199110725,-44.9764777376499));
#3559=CARTESIAN_POINT('Ctrl Pts',(-5.84440974666836,2.27677136561866,-54.9948500165798));
#3560=CARTESIAN_POINT('Ctrl Pts',(-5.71807557288513,1.43999076048534,-65.0132038821814));
#3561=CARTESIAN_POINT('Ctrl Pts',(-7.37785152164561,2.98932151106671,-35.));
#3562=CARTESIAN_POINT('Ctrl Pts',(-7.37785152164561,2.98932151106671,-45.0296378638248));
#3563=CARTESIAN_POINT('Ctrl Pts',(-7.06564933062749,2.11542976153185,-55.0213950325648));
#3564=CARTESIAN_POINT('Ctrl Pts',(-6.75358435751993,1.24192210154976,-65.0131688504828));
#3565=CARTESIAN_POINT('Ctrl Pts',(-7.73948181860871,3.03343869512669,-35.));
#3566=CARTESIAN_POINT('Ctrl Pts',(-7.73948181860871,3.03343869512669,-45.0407510038879));
#3567=CARTESIAN_POINT('Ctrl Pts',(-7.38019914901858,2.13936274168516,-55.0269442759893));
#3568=CARTESIAN_POINT('Ctrl Pts',(-7.02107438997051,1.24567974908035,-65.0131615270959));
#3569=CARTESIAN_POINT('Ctrl Pts',(-8.20827351621197,3.32302460039355,-35.));
#3570=CARTESIAN_POINT('Ctrl Pts',(-8.20827351621197,3.32302460039355,-45.0532312999833));
#3571=CARTESIAN_POINT('Ctrl Pts',(-7.79979258108929,2.36125623357918,-55.0331761960991));
#3572=CARTESIAN_POINT('Ctrl Pts',(-7.3914911799418,1.39991057951165,-65.0131533027743));
#3573=CARTESIAN_POINT('Ctrl Pts',(-8.51149085154169,3.77826777370653,-35.));
#3574=CARTESIAN_POINT('Ctrl Pts',(-8.51149085154169,3.77826777370653,-45.0607342300213));
#3575=CARTESIAN_POINT('Ctrl Pts',(-8.0922958881643,2.73478467255091,-55.0369227146295));
#3576=CARTESIAN_POINT('Ctrl Pts',(-7.67328516775074,1.69176019908901,-65.0131483584598));
#3577=CARTESIAN_POINT('Ctrl Pts',(-8.59726680106994,4.30872730981836,-35.));
#3578=CARTESIAN_POINT('Ctrl Pts',(-8.59726680106994,4.30872730981836,-45.0631774735631));
#3579=CARTESIAN_POINT('Ctrl Pts',(-8.21168909718313,3.19028029946697,-55.0381427256328));
#3580=CARTESIAN_POINT('Ctrl Pts',(-7.82628086093109,2.07232486465939,-65.0131467484002));
#3581=CARTESIAN_POINT('Ctrl Pts',(-8.46753116173998,4.81020147395026,-35.));
#3582=CARTESIAN_POINT('Ctrl Pts',(-8.46753116173998,4.81020147395026,-45.0603531127162));
#3583=CARTESIAN_POINT('Ctrl Pts',(-8.13882699555242,3.65120098986441,-55.0367324072378));
#3584=CARTESIAN_POINT('Ctrl Pts',(-7.81026730016031,2.49270990522973,-65.0131486096102));
#3585=CARTESIAN_POINT('Ctrl Pts',(-8.16288174068911,5.20911562238773,-35.));
#3586=CARTESIAN_POINT('Ctrl Pts',(-8.16288174068911,5.20911562238773,-45.0533025580269));
#3587=CARTESIAN_POINT('Ctrl Pts',(-7.89491733034265,4.04557040244755,-55.0332117781423));
#3588=CARTESIAN_POINT('Ctrl Pts',(-7.62707069468692,2.88253657944343,-65.0131532558164));
#3589=CARTESIAN_POINT('Ctrl Pts',(-7.75157733697554,5.44922083952816,-35.));
#3590=CARTESIAN_POINT('Ctrl Pts',(-7.75157733697554,5.44922083952816,-45.0432605140006));
#3591=CARTESIAN_POINT('Ctrl Pts',(-7.51362526645932,4.31119504252627,-55.0281973765903));
#3592=CARTESIAN_POINT('Ctrl Pts',(-7.27577777972523,3.17366942626146,-65.0131598733676));
#3593=CARTESIAN_POINT('Ctrl Pts',(-7.45001567045743,5.50121730109082,-35.));
#3594=CARTESIAN_POINT('Ctrl Pts',(-7.45001567045743,5.50121730109082,-45.036884260646));
#3595=CARTESIAN_POINT('Ctrl Pts',(-7.20734921924819,4.37551384411572,-55.0250134536126));
#3596=CARTESIAN_POINT('Ctrl Pts',(-6.96478942386763,3.25030515201004,-65.0131640752197));
#3597=CARTESIAN_POINT('Ctrl Pts',(-7.30236334244044,5.4999567611417,-35.));
#3598=CARTESIAN_POINT('Ctrl Pts',(-7.30236334244044,5.4999567611417,-45.0336571992017));
#3599=CARTESIAN_POINT('Ctrl Pts',(-7.05159683471929,4.37395751854818,-55.0234020504089));
#3600=CARTESIAN_POINT('Ctrl Pts',(-6.80094054293262,3.24845317082664,-65.0131662018031));
#3601=CARTESIAN_POINT('',(-6.62470919224234,1.26779095271155,-65.));
#3602=CARTESIAN_POINT('Origin',(-6.81249999999993,2.25,-65.));
#3603=CARTESIAN_POINT('',(4.04282468447694,0.046837873637803,-65.));
#3604=CARTESIAN_POINT('Origin',(-3.2446111891791,-16.4119980021867,-65.));
#3605=CARTESIAN_POINT('',(4.04282393643057,0.0468382048490551,-65.));
#3606=CARTESIAN_POINT('Ctrl Pts',(4.20973322057328,-0.0242295030794176,
-64.9302462333175));
#3607=CARTESIAN_POINT('Ctrl Pts',(4.15377745642774,-0.140014800261675,-67.5631236794927));
#3608=CARTESIAN_POINT('Ctrl Pts',(3.96735198876425,-0.593563824361778,-70.0879876640566));
#3609=CARTESIAN_POINT('Ctrl Pts',(2.74599000830541,-0.846668587826526,-78.1866575228677));
#3610=CARTESIAN_POINT('Ctrl Pts',(1.70879750798897,-1.31457507432393,-84.8934403548446));
#3611=CARTESIAN_POINT('Ctrl Pts',(0.671600807581155,-1.78247666194707,-91.6002549305793));
#3612=CARTESIAN_POINT('Ctrl Pts',(4.16979461524326,-0.00596944073825323,
-64.9299070719798));
#3613=CARTESIAN_POINT('Ctrl Pts',(4.11242725221028,-0.127418889696254,-67.5754451008416));
#3614=CARTESIAN_POINT('Ctrl Pts',(4.02402829666652,-0.360391330511054,-70.1262470219094));
#3615=CARTESIAN_POINT('Ctrl Pts',(2.7108462401651,-0.833716899320661,-78.1995881286246));
#3616=CARTESIAN_POINT('Ctrl Pts',(1.6764926832905,-1.30434899575298,-84.899905750242));
#3617=CARTESIAN_POINT('Ctrl Pts',(0.642132767503754,-1.77498115357421,-91.6002546848159));
#3618=CARTESIAN_POINT('Ctrl Pts',(4.12970450153498,0.0121737016695625,-64.9295668916054));
#3619=CARTESIAN_POINT('Ctrl Pts',(4.07200171461172,-0.112502529340262,-67.5878730434353));
#3620=CARTESIAN_POINT('Ctrl Pts',(4.03143203291311,-0.23897094757778,-70.1581002080357));
#3621=CARTESIAN_POINT('Ctrl Pts',(2.67566406737967,-0.820814576643504,-78.2124893270955));
#3622=CARTESIAN_POINT('Ctrl Pts',(1.64420448522714,-1.29418088803401,-84.9063563693997));
#3623=CARTESIAN_POINT('Ctrl Pts',(0.612737506937134,-1.76754967334217,-91.6002544396141));
#3624=CARTESIAN_POINT('Ctrl Pts',(4.08946774066871,0.0302089159280149,-64.92922622415));
#3625=CARTESIAN_POINT('Ctrl Pts',(4.03215110440031,-0.0960619954076968,
-67.6003649709358));
#3626=CARTESIAN_POINT('Ctrl Pts',(4.00593717355105,-0.192108253163672,-70.1856650528554));
#3627=CARTESIAN_POINT('Ctrl Pts',(2.6404417228369,-0.807964969521264,-78.2253636340238));
#3628=CARTESIAN_POINT('Ctrl Pts',(1.61193147257743,-1.28407163007644,-84.9127934946344));
#3629=CARTESIAN_POINT('Ctrl Pts',(0.58341353706988,-1.76018147776248,-91.6002541949253));
#3630=CARTESIAN_POINT('Ctrl Pts',(4.04195659258656,0.0513135708223522,-64.9288254321416));
#3631=CARTESIAN_POINT('Ctrl Pts',(3.98552611709751,-0.0758608236806307,
-67.6150887779177));
#3632=CARTESIAN_POINT('Ctrl Pts',(3.95649523055634,-0.180930778289075,-70.2155451788523));
#3633=CARTESIAN_POINT('Ctrl Pts',(2.59894823012206,-0.792911505373737,-78.2404834456686));
#3634=CARTESIAN_POINT('Ctrl Pts',(1.57397380237131,-1.27224690636313,-84.9203533388789));
#3635=CARTESIAN_POINT('Ctrl Pts',(0.548991790007563,-1.75158533245102,-91.6002539075596));
#3636=CARTESIAN_POINT('Ctrl Pts',(3.9942561632052,0.0722937558693567,-64.928425438713));
#3637=CARTESIAN_POINT('Ctrl Pts',(3.93872897975377,-0.0557542641769281,
-67.6297833904629));
#3638=CARTESIAN_POINT('Ctrl Pts',(3.90684501375109,-0.169987007874211,-70.2453523687272));
#3639=CARTESIAN_POINT('Ctrl Pts',(2.55739445021601,-0.777940292951232,-78.2555729907662));
#3640=CARTESIAN_POINT('Ctrl Pts',(1.53603333839596,-1.26050612345632,-84.9278980498235));
#3641=CARTESIAN_POINT('Ctrl Pts',(0.514664744205662,-1.74307481353496,-91.6002536207691));
#3642=CARTESIAN_POINT('Ctrl Pts',(3.98709076015806,0.0754405038575578,-64.928365400278));
#3643=CARTESIAN_POINT('Ctrl Pts',(3.93170343988224,-0.0527292317983307,
-67.6319892841806));
#3644=CARTESIAN_POINT('Ctrl Pts',(3.89920713133565,-0.168755669009659,-70.2498025867207));
#3645=CARTESIAN_POINT('Ctrl Pts',(2.551154774048,-0.775694578794201,-78.257837660557));
#3646=CARTESIAN_POINT('Ctrl Pts',(1.53033785796102,-1.2587454201606,-84.9290303752075));
#3647=CARTESIAN_POINT('Ctrl Pts',(0.509513478980513,-1.74179908690516,-91.600253577727));
#3648=CARTESIAN_POINT('Ctrl Pts',(3.93690453497489,0.0974512291189149,-64.927945436025));
#3649=CARTESIAN_POINT('Ctrl Pts',(3.88239006352529,-0.0318128051296748,
-67.6474123111334));
#3650=CARTESIAN_POINT('Ctrl Pts',(3.85074760277381,-0.148743973396753,-70.2815911918731));
#3651=CARTESIAN_POINT('Ctrl Pts',(2.50746731580278,-0.759988009524797,-78.2736857571145));
#3652=CARTESIAN_POINT('Ctrl Pts',(1.49047210491013,-1.2464338090058,-84.9369543642929));
#3653=CARTESIAN_POINT('Ctrl Pts',(0.473469452797849,-1.7328824546222,-91.6002532765194));
#3654=CARTESIAN_POINT('Ctrl Pts',(3.828915357193,0.144319952540213,-64.9270472928838));
#3655=CARTESIAN_POINT('Ctrl Pts',(3.77630762777027,0.0127699308117116,-67.6803962689711));
#3656=CARTESIAN_POINT('Ctrl Pts',(3.74653064158432,-0.106027576256398,-70.3495754714094));
#3657=CARTESIAN_POINT('Ctrl Pts',(2.41370644483695,-0.726530066628734,-78.3075787890405));
#3658=CARTESIAN_POINT('Ctrl Pts',(1.40508386315718,-1.22025198223667,-84.9539007536708));
#3659=CARTESIAN_POINT('Ctrl Pts',(0.396453887772911,-1.71397678918908,-91.6002526323511));
#3660=CARTESIAN_POINT('Ctrl Pts',(3.72729298798478,0.187499512424838,-64.9262119087783));
#3661=CARTESIAN_POINT('Ctrl Pts',(3.67652680739757,0.0539141172478869,-67.7110754135734));
#3662=CARTESIAN_POINT('Ctrl Pts',(3.64855160994579,-0.0665019616034813,
-70.4128103813837));
#3663=CARTESIAN_POINT('Ctrl Pts',(2.3259176190324,-0.695690285552558,-78.3391035087329));
#3664=CARTESIAN_POINT('Ctrl Pts',(1.32545108539822,-1.19619511737569,-84.9696629957896));
#3665=CARTESIAN_POINT('Ctrl Pts',(0.324977204450263,-1.6967028839411,-91.6002520331948));
#3666=CARTESIAN_POINT('Ctrl Pts',(3.62484490146794,0.230091474826356,-64.925378380087));
#3667=CARTESIAN_POINT('Ctrl Pts',(3.57596834310119,0.0945413649773445,-67.7416864061055));
#3668=CARTESIAN_POINT('Ctrl Pts',(3.54984148780013,-0.0273965913513682,
-70.4759060398375));
#3669=CARTESIAN_POINT('Ctrl Pts',(2.23783177090252,-0.665275855327886,-78.3705582235546));
#3670=CARTESIAN_POINT('Ctrl Pts',(1.24586153902835,-1.17253141485552,-84.9853902357479));
#3671=CARTESIAN_POINT('Ctrl Pts',(0.253884008370661,-1.67978995337381,-91.600251435369));
#3672=CARTESIAN_POINT('Ctrl Pts',(3.40356359587993,0.320052756523074,-64.9235940214274));
#3673=CARTESIAN_POINT('Ctrl Pts',(3.35880959848987,0.180384997042906,-67.8072162042322));
#3674=CARTESIAN_POINT('Ctrl Pts',(3.33671137884336,0.0553317056461639,-70.610979274408));
#3675=CARTESIAN_POINT('Ctrl Pts',(2.0484046273662,-0.601094117656136,-78.4378942560983));
#3676=CARTESIAN_POINT('Ctrl Pts',(1.07536608292518,-1.12269574216921,-85.0190580006142));
#3677=CARTESIAN_POINT('Ctrl Pts',(0.10232034851377,-1.64430044146918,-91.6002501555857));
#3678=CARTESIAN_POINT('Ctrl Pts',(3.22415663610036,0.390191969153806,-64.9221672424419));
#3679=CARTESIAN_POINT('Ctrl Pts',(3.18277806189893,0.247310582758718,-67.8596140046932));
#3680=CARTESIAN_POINT('Ctrl Pts',(3.16397171209572,0.119921471540768,-70.7189879474008));
#3681=CARTESIAN_POINT('Ctrl Pts',(1.8959157106175,-0.551172242360631,-78.4917364051157));
#3682=CARTESIAN_POINT('Ctrl Pts',(0.939013890865866,-1.08404698321917,-85.0459788741391));
#3683=CARTESIAN_POINT('Ctrl Pts',(-0.0178950250322461,-1.61692487628566,
-91.6002491322661));
#3684=CARTESIAN_POINT('Ctrl Pts',(3.1035083946701,0.436103742605157,-64.9212129471722));
#3685=CARTESIAN_POINT('Ctrl Pts',(3.0644191738408,0.291131202834464,-67.8946600400693));
#3686=CARTESIAN_POINT('Ctrl Pts',(3.04784274832667,0.162274190169189,-70.7912308363896));
#3687=CARTESIAN_POINT('Ctrl Pts',(1.79383775328667,-0.518523002790194,-78.5277485236697));
#3688=CARTESIAN_POINT('Ctrl Pts',(0.848118697602852,-1.05881585661367,-85.0639847990081));
#3689=CARTESIAN_POINT('Ctrl Pts',(-0.0976073888146956,-1.59911191476506,
-91.6002484478227));
#3690=CARTESIAN_POINT('Ctrl Pts',(2.73849785462461,0.571213822606665,-64.9183531449325));
#3691=CARTESIAN_POINT('Ctrl Pts',(2.70610396201098,0.419489320047143,-67.9996848587178));
#3692=CARTESIAN_POINT('Ctrl Pts',(2.69601503074023,0.285807563031116,-71.007730278257));
#3693=CARTESIAN_POINT('Ctrl Pts',(1.48605958608666,-0.423148521529299,-78.6356685591275));
#3694=CARTESIAN_POINT('Ctrl Pts',(0.575266730080648,-0.985045451062563,
-85.1179444139943));
#3695=CARTESIAN_POINT('Ctrl Pts',(-0.335532948593165,-1.54694573441263,
-91.6002463967031));
#3696=CARTESIAN_POINT('Ctrl Pts',(2.36448018439937,0.698131780869787,-64.9154377534322));
#3697=CARTESIAN_POINT('Ctrl Pts',(2.3387616635239,0.539377339405494,-68.1067510005556));
#3698=CARTESIAN_POINT('Ctrl Pts',(2.33507441524767,0.400909656820309,-71.2284535342054));
#3699=CARTESIAN_POINT('Ctrl Pts',(1.17417723999152,-0.334462225255372,-78.7456865221417));
#3700=CARTESIAN_POINT('Ctrl Pts',(0.302063319608614,-0.916473113531076,
-85.1729529851022));
#3701=CARTESIAN_POINT('Ctrl Pts',(-0.570057186732368,-1.49848749934323,
-91.6002443057105));
#3702=CARTESIAN_POINT('Ctrl Pts',(2.1113138983419,0.7788478107647,-64.9134809342624));
#3703=CARTESIAN_POINT('Ctrl Pts',(2.08999664653017,0.61532615990152,-68.1786141809366));
#3704=CARTESIAN_POINT('Ctrl Pts',(2.09042136286281,0.47342554420056,-71.3765963301831));
#3705=CARTESIAN_POINT('Ctrl Pts',(0.964416720103069,-0.278388153033074,
-78.8195308194171));
#3706=CARTESIAN_POINT('Ctrl Pts',(0.11966040463944,-0.873058304389686,-85.2098748581977));
#3707=CARTESIAN_POINT('Ctrl Pts',(-0.72510232494167,-1.46773203954757,-91.6002429022316));
#3708=CARTESIAN_POINT('Ctrl Pts',(1.34106145329657,1.00864372831308,-64.9074215996389));
#3709=CARTESIAN_POINT('Ctrl Pts',(1.33285164649641,0.829097536510704,-68.4011391947259));
#3710=CARTESIAN_POINT('Ctrl Pts',(1.34565371854128,0.676833452724837,-71.8354122667947));
#3711=CARTESIAN_POINT('Ctrl Pts',(0.329888302458746,-0.121077774751962,
-79.0481922744168));
#3712=CARTESIAN_POINT('Ctrl Pts',(-0.428491270179871,-0.750470306480327,
-85.3242047334585));
#3713=CARTESIAN_POINT('Ctrl Pts',(-1.18687671273126,-1.37986668143205,-91.6002385563102));
#3714=CARTESIAN_POINT('Ctrl Pts',(0.541080007911939,1.19942289701751,-64.9011744378544));
#3715=CARTESIAN_POINT('Ctrl Pts',(0.545071177725775,1.00148509379425,-68.6305630231531));
#3716=CARTESIAN_POINT('Ctrl Pts',(0.568027169918025,0.834171160307592,-72.308357898155));
#3717=CARTESIAN_POINT('Ctrl Pts',(-0.320112768388717,0.00525715195235768,
-79.283940803625));
#3718=CARTESIAN_POINT('Ctrl Pts',(-0.980088589135749,-0.649658015458251,
-85.442078118375));
#3719=CARTESIAN_POINT('Ctrl Pts',(-1.64006961336826,-1.30457715107283,-91.6002340756925));
#3720=CARTESIAN_POINT('Ctrl Pts',(-0.00321996921172484,1.30760100555688,
-64.8970231943106));
#3721=CARTESIAN_POINT('Ctrl Pts',(0.00855814441979555,1.09591990147741,
-68.7830148629076));
#3722=CARTESIAN_POINT('Ctrl Pts',(0.0378251636850313,0.917493169871634,
-72.6226738586032));
#3723=CARTESIAN_POINT('Ctrl Pts',(-0.75943938377372,0.0745222812256732,
-79.4405963251852));
#3724=CARTESIAN_POINT('Ctrl Pts',(-1.34957682074651,-0.592444748460755,
-85.5204052950832));
#3725=CARTESIAN_POINT('Ctrl Pts',(-1.93971898143723,-1.25941579207824,-91.6002310983101));
#3726=CARTESIAN_POINT('Ctrl Pts',(-1.66033567959029,1.57124663602375,-64.884648370311));
#3727=CARTESIAN_POINT('Ctrl Pts',(-1.62563018226079,1.31426038946535,-69.2374735167027));
#3728=CARTESIAN_POINT('Ctrl Pts',(-1.57947320717342,1.09527511444552,-73.5595598312915));
#3729=CARTESIAN_POINT('Ctrl Pts',(-2.09080853114431,0.235809025855467,-79.9075842745712));
#3730=CARTESIAN_POINT('Ctrl Pts',(-2.46260752798098,-0.451090063178529,
-85.7538975276899));
#3731=CARTESIAN_POINT('Ctrl Pts',(-2.83440970706755,-1.13799308776475,-91.6002222227743));
#3732=CARTESIAN_POINT('Ctrl Pts',(-3.36180378223369,1.64577172181637,-64.8737619935695));
#3733=CARTESIAN_POINT('Ctrl Pts',(-3.30551938002619,1.32547962932069,-69.6372736838739));
#3734=CARTESIAN_POINT('Ctrl Pts',(-3.24560648309326,1.0359481212547,-74.3833885172101));
#3735=CARTESIAN_POINT('Ctrl Pts',(-3.44877611588349,0.248413009163507,-80.3183989281528));
#3736=CARTESIAN_POINT('Ctrl Pts',(-3.58697416472026,-0.404344674842175,
-85.959303317835));
#3737=CARTESIAN_POINT('Ctrl Pts',(-3.72517369529111,-1.05710543257385,-91.6002144148639));
#3738=CARTESIAN_POINT('Ctrl Pts',(-4.49066541287909,1.60547920709493,-64.8673951137145));
#3739=CARTESIAN_POINT('Ctrl Pts',(-4.42106317707064,1.23682298079622,-69.8711009555001));
#3740=CARTESIAN_POINT('Ctrl Pts',(-4.3520829931096,0.88739517855284,-74.8647539971008));
#3741=CARTESIAN_POINT('Ctrl Pts',(-4.35429304086682,0.189584342583933,-80.5586585109182));
#3742=CARTESIAN_POINT('Ctrl Pts',(-4.33971318163074,-0.415071866632948,
-86.0794322055136));
#3743=CARTESIAN_POINT('Ctrl Pts',(-4.3251337053027,-1.01973020032797,-91.6002098485096));
#3744=CARTESIAN_POINT('Ctrl Pts',(-5.58521016485628,1.47810778303373,-64.8621482210048));
#3745=CARTESIAN_POINT('Ctrl Pts',(-5.50381726094764,1.05664037201173,-70.0638002872231));
#3746=CARTESIAN_POINT('Ctrl Pts',(-5.42503509478201,0.640949985011728,-75.2610470598031));
#3747=CARTESIAN_POINT('Ctrl Pts',(-5.24567398445129,0.0666686573786562,
-80.7566502865462));
#3748=CARTESIAN_POINT('Ctrl Pts',(-5.09175585569388,-0.466675340905798,
-86.1784273441847));
#3749=CARTESIAN_POINT('Ctrl Pts',(-4.93783714668648,-1.00002027280328,-91.6002060854941));
#3750=CARTESIAN_POINT('Ctrl Pts',(-6.62850811056119,1.28017110548972,-64.8582454072104));
#3751=CARTESIAN_POINT('Ctrl Pts',(-6.53726426980821,0.803133391074883,-70.2071403884772));
#3752=CARTESIAN_POINT('Ctrl Pts',(-6.44869053870739,0.318966025456364,-75.5554560651989));
#3753=CARTESIAN_POINT('Ctrl Pts',(-6.11811673592629,-0.109418680771492,
-80.90391933143));
#3754=CARTESIAN_POINT('Ctrl Pts',(-5.8469785144447,-0.554717996320567,-86.2520613053066));
#3755=CARTESIAN_POINT('Ctrl Pts',(-5.57583893748266,-1.00001692611491,-91.6002032865108));
#3756=CARTESIAN_POINT('Ctrl Pts',(-6.62989676763515,1.27991019846135,-64.8582402146082));
#3757=CARTESIAN_POINT('Ctrl Pts',(-6.53863981787264,0.802798510061308,-70.2073310991299));
#3758=CARTESIAN_POINT('Ctrl Pts',(-6.45005305223884,0.318540000908019,-75.5558477686002));
#3759=CARTESIAN_POINT('Ctrl Pts',(-6.11927809530342,-0.109651044278565,
-80.9041152694316));
#3760=CARTESIAN_POINT('Ctrl Pts',(-5.84798393470044,-0.554833568672469,
-86.2521592735606));
#3761=CARTESIAN_POINT('Ctrl Pts',(-5.57668841758585,-1.00001570555855,-91.6002032827868));
#3762=CARTESIAN_POINT('Ctrl Pts',(-6.63122876897617,1.2796637664126,-64.8582351700378));
#3763=CARTESIAN_POINT('Ctrl Pts',(-6.54209341785987,0.802030550142728,-70.2075165405828));
#3764=CARTESIAN_POINT('Ctrl Pts',(-6.45569130060828,0.31704017313885,-75.5562125773883));
#3765=CARTESIAN_POINT('Ctrl Pts',(-6.12257474844532,-0.110332766978536,
-80.9043054569621));
#3766=CARTESIAN_POINT('Ctrl Pts',(-5.85005711344748,-0.555173212053411,
-86.2522543664253));
#3767=CARTESIAN_POINT('Ctrl Pts',(-5.57753809643829,-1.00001325876421,-91.6002032791721));
#3768=CARTESIAN_POINT('Ctrl Pts',(-6.63670670819995,1.27865279940778,-64.8582143981974));
#3769=CARTESIAN_POINT('Ctrl Pts',(-6.55038976440014,0.800265373541441,-70.2082795244006));
#3770=CARTESIAN_POINT('Ctrl Pts',(-6.46691181271416,0.314339241019847,-75.5577711828275));
#3771=CARTESIAN_POINT('Ctrl Pts',(-6.13009257943671,-0.111706480213467,
-80.9050891759387));
#3772=CARTESIAN_POINT('Ctrl Pts',(-5.8555159329008,-0.555852756678742,-86.2526462228335));
#3773=CARTESIAN_POINT('Ctrl Pts',(-5.5809378668682,-0.999998620342619,-91.6002032642768));
#3774=CARTESIAN_POINT('Ctrl Pts',(-6.64218220899778,1.27767603868735,-64.8581932990238));
#3775=CARTESIAN_POINT('Ctrl Pts',(-6.55872730209301,0.798784468258098,-70.2090542757593));
#3776=CARTESIAN_POINT('Ctrl Pts',(-6.47825706379388,0.3124456932955,-75.5593783642455));
#3777=CARTESIAN_POINT('Ctrl Pts',(-6.13765557088053,-0.11279214728919,-80.9058854965186));
#3778=CARTESIAN_POINT('Ctrl Pts',(-5.86099920720964,-0.55637851041067,-86.2530443802621));
#3779=CARTESIAN_POINT('Ctrl Pts',(-5.58434138521407,-0.999964455075676,
-91.600203249142));
#3780=CARTESIAN_POINT('Ctrl Pts',(-6.64628750035904,1.27696336217355,-64.8581773552069));
#3781=CARTESIAN_POINT('Ctrl Pts',(-6.56499808119004,0.797807238562023,-70.2096395980448));
#3782=CARTESIAN_POINT('Ctrl Pts',(-6.48682194752791,0.311409556555839,-75.560604754136));
#3783=CARTESIAN_POINT('Ctrl Pts',(-6.14334747946148,-0.113471836644483,
-80.9064873693306));
#3784=CARTESIAN_POINT('Ctrl Pts',(-5.86512251586852,-0.556700030261942,
-86.2533453146383));
#3785=CARTESIAN_POINT('Ctrl Pts',(-5.58689606420344,-0.999927805462276,
-91.6002032377029));
#3786=CARTESIAN_POINT('Ctrl Pts',(-6.65586348879955,1.27534839304298,-64.8581400252209));
#3787=CARTESIAN_POINT('Ctrl Pts',(-6.57965809082622,0.795776692769013,-70.2110097793906));
#3788=CARTESIAN_POINT('Ctrl Pts',(-6.50690403627296,0.309724324103221,-75.563500592434));
#3789=CARTESIAN_POINT('Ctrl Pts',(-6.15666109647058,-0.114807889186736,
-80.9078968173805));
#3790=CARTESIAN_POINT('Ctrl Pts',(-5.87476211859432,-0.557312383649097,
-86.2540500341825));
#3791=CARTESIAN_POINT('Ctrl Pts',(-5.59286158207406,-0.999816468235837,
-91.6002032109149));
#3792=CARTESIAN_POINT('Ctrl Pts',(-6.66543262894804,1.27384884403501,-64.8581027493507));
#3793=CARTESIAN_POINT('Ctrl Pts',(-6.59435370205361,0.794184654352113,-70.2123774444019));
#3794=CARTESIAN_POINT('Ctrl Pts',(-6.52713588308667,0.309366253061526,-75.5664419653683));
#3795=CARTESIAN_POINT('Ctrl Pts',(-6.17001930136108,-0.115710404226644,
-80.9093047427679));
#3796=CARTESIAN_POINT('Ctrl Pts',(-5.88442919425608,-0.557677727529829,
-86.2547539929553));
#3797=CARTESIAN_POINT('Ctrl Pts',(-5.59883745592701,-0.999644665625028,
-91.600203184156));
#3798=CARTESIAN_POINT('Ctrl Pts',(-6.67089790770503,1.27302776150327,-64.8580813024462));
#3799=CARTESIAN_POINT('Ctrl Pts',(-6.6027737835213,0.793481468007483,-70.2131642073165));
#3800=CARTESIAN_POINT('Ctrl Pts',(-6.53876180347472,0.30968855010617,-75.5681466581132));
#3801=CARTESIAN_POINT('Ctrl Pts',(-6.17767828783232,-0.116020126595525,
-80.9101149307492));
#3802=CARTESIAN_POINT('Ctrl Pts',(-5.88996770935289,-0.557773575070252,
-86.2551590848275));
#3803=CARTESIAN_POINT('Ctrl Pts',(-5.60225545753912,-0.999526657628661,
-91.6002031687576));
#3804=CARTESIAN_POINT('Ctrl Pts',(-6.68729152564553,1.2707074572764,-64.8580198392292));
#3805=CARTESIAN_POINT('Ctrl Pts',(-6.62784545151578,0.790668824754134,-70.2154185184056));
#3806=CARTESIAN_POINT('Ctrl Pts',(-6.57328602916675,0.309399408501386,-75.5730713296834));
#3807=CARTESIAN_POINT('Ctrl Pts',(-6.20046871746572,-0.117692489528809,
-80.9124372045373));
#3808=CARTESIAN_POINT('Ctrl Pts',(-5.90649456579314,-0.558402817936724,
-86.2563202160875));
#3809=CARTESIAN_POINT('Ctrl Pts',(-5.61251861603282,-0.999112835764195,
-91.6002031246205));
#3810=CARTESIAN_POINT('Ctrl Pts',(-6.70366161924905,1.26873721504648,-64.8579598183761));
#3811=CARTESIAN_POINT('Ctrl Pts',(-6.65288396401513,0.788586431751359,-70.2176192763452));
#3812=CARTESIAN_POINT('Ctrl Pts',(-6.6077874040529,0.31086022790313,-75.5779415149432));
#3813=CARTESIAN_POINT('Ctrl Pts',(-6.22324588323604,-0.118682778633018,
-80.914705620627));
#3814=CARTESIAN_POINT('Ctrl Pts',(-5.92302775467941,-0.558600961287655,
-86.2574544193102));
#3815=CARTESIAN_POINT('Ctrl Pts',(-5.62280770305336,-0.99851890732835,-91.600203081507));
#3816=CARTESIAN_POINT('Ctrl Pts',(-6.71456271758481,1.26757815082674,-64.857920420867));
#3817=CARTESIAN_POINT('Ctrl Pts',(-6.66955065029497,0.787510084355174,-70.2190631352326));
#3818=CARTESIAN_POINT('Ctrl Pts',(-6.63082565863948,0.31302250549959,-75.5812051019098));
#3819=CARTESIAN_POINT('Ctrl Pts',(-6.2384153050932,-0.119042855947284,-80.9161953015156));
#3820=CARTESIAN_POINT('Ctrl Pts',(-5.93404728920129,-0.558542625094822,
-86.2581992573324));
#3821=CARTESIAN_POINT('Ctrl Pts',(-5.62967726542599,-0.998042224696294,
-91.6002030531941));
#3822=CARTESIAN_POINT('Ctrl Pts',(-6.74722308296789,1.26455842662578,-64.8578037786809));
#3823=CARTESIAN_POINT('Ctrl Pts',(-6.71947826156328,0.785356701239317,-70.2233429577316));
#3824=CARTESIAN_POINT('Ctrl Pts',(-6.69879495071932,0.315878790419464,-75.5903923376487));
#3825=CARTESIAN_POINT('Ctrl Pts',(-6.28385640414578,-0.119233457966309,
-80.920600750456));
#3826=CARTESIAN_POINT('Ctrl Pts',(-5.96708547435237,-0.55780082224294,-86.2604019693465));
#3827=CARTESIAN_POINT('Ctrl Pts',(-5.65031230575961,-0.996368107726148,
-91.6002029694644));
#3828=CARTESIAN_POINT('Ctrl Pts',(-6.77973946478405,1.26290413305762,-64.8576919028974));
#3829=CARTESIAN_POINT('Ctrl Pts',(-6.76903495544377,0.786049617176579,-70.2274468325816));
#3830=CARTESIAN_POINT('Ctrl Pts',(-6.76585585070653,0.324180507747236,-75.59930354579));
#3831=CARTESIAN_POINT('Ctrl Pts',(-6.32900002451355,-0.116780578388559,
-80.924827217916));
#3832=CARTESIAN_POINT('Ctrl Pts',(-6.00000806958535,-0.555368591067766,
-86.2625151922352));
#3833=CARTESIAN_POINT('Ctrl Pts',(-5.67101365472622,-0.99395665787229,-91.6002028891363));
#3834=CARTESIAN_POINT('Ctrl Pts',(-6.80133835330808,1.26239803935848,-64.8576189041313));
#3835=CARTESIAN_POINT('Ctrl Pts',(-6.80184209401003,0.787740432773441,-70.230124214963));
#3836=CARTESIAN_POINT('Ctrl Pts',(-6.8099990525899,0.331996510747431,-75.6051546178821));
#3837=CARTESIAN_POINT('Ctrl Pts',(-6.35889738770261,-0.11400278350944,-80.9275853633263));
#3838=CARTESIAN_POINT('Ctrl Pts',(-6.02186633956348,-0.553009694416187,
-86.2638942582726));
#3839=CARTESIAN_POINT('Ctrl Pts',(-5.68483268994321,-0.992016764796981,
-91.6002028367151));
#3840=CARTESIAN_POINT('Ctrl Pts',(-6.86585437137088,1.26263883963238,-64.8574059516043));
#3841=CARTESIAN_POINT('Ctrl Pts',(-6.8994399555153,0.796409356456082,-70.2379332949102));
#3842=CARTESIAN_POINT('Ctrl Pts',(-6.94035440799901,0.362355420078026,-75.622354696459));
#3843=CARTESIAN_POINT('Ctrl Pts',(-6.44786158535259,-0.102311601264767,
-80.9356328192258));
#3844=CARTESIAN_POINT('Ctrl Pts',(-6.08708666831736,-0.543750210115403,
-86.267917968232));
#3845=CARTESIAN_POINT('Ctrl Pts',(-5.72630874733951,-0.985189348721405,
-91.6002026837653));
#3846=CARTESIAN_POINT('Ctrl Pts',(-6.92940659794202,1.26806508161754,-64.8572019979327));
#3847=CARTESIAN_POINT('Ctrl Pts',(-6.99388602305435,0.815512456645741,-70.2454098446203));
#3848=CARTESIAN_POINT('Ctrl Pts',(-7.06290556762187,0.411473212448172,-75.6390660340358));
#3849=CARTESIAN_POINT('Ctrl Pts',(-6.53394995312027,-0.0808883393427699,
-80.9433427013757));
#3850=CARTESIAN_POINT('Ctrl Pts',(-6.15084262798484,-0.528100574944437,
-86.2717728947254));
#3851=CARTESIAN_POINT('Ctrl Pts',(-5.76773197665224,-0.975313840232331,
-91.6002025372313));
#3852=CARTESIAN_POINT('Ctrl Pts',(-6.97123084573981,1.27390382700863,-64.8570702056774));
#3853=CARTESIAN_POINT('Ctrl Pts',(-7.05511012849084,0.83262124330322,-70.2502398753744));
#3854=CARTESIAN_POINT('Ctrl Pts',(-7.14024507008591,0.452241045533719,-75.6499791658));
#3855=CARTESIAN_POINT('Ctrl Pts',(-6.58972169863321,-0.0625030615470924,
-80.948325926926));
#3856=CARTESIAN_POINT('Ctrl Pts',(-6.1924758382504,-0.51492749238402,-86.2742644993517));
#3857=CARTESIAN_POINT('Ctrl Pts',(-5.79522648224183,-0.967353344496402,
-91.6002024425201));
#3858=CARTESIAN_POINT('Ctrl Pts',(-7.0535780474222,1.28985966790069,-64.8568041636204));
#3859=CARTESIAN_POINT('Ctrl Pts',(-7.17327524562919,0.874853082892354,-70.2599901872104));
#3860=CARTESIAN_POINT('Ctrl Pts',(-7.28475468916911,0.546524501291047,-75.6719916494874));
#3861=CARTESIAN_POINT('Ctrl Pts',(-6.69721328545619,-0.0182378883696072,
-80.9583851199936));
#3862=CARTESIAN_POINT('Ctrl Pts',(-6.27349187259457,-0.483449253020485,
-86.2792940792436));
#3863=CARTESIAN_POINT('Ctrl Pts',(-5.84976672368024,-0.948662888048894,
-91.600202251335));
#3864=CARTESIAN_POINT('Ctrl Pts',(-7.1329126902966,1.31401845367947,-64.8565450819423));
#3865=CARTESIAN_POINT('Ctrl Pts',(-7.28171237879678,0.93224423532327,-70.2694828109189));
#3866=CARTESIAN_POINT('Ctrl Pts',(-7.40508652793131,0.667696381783598,-75.693671583039));
#3867=CARTESIAN_POINT('Ctrl Pts',(-6.79538237899702,0.0403283317478329,
-80.9681836846312));
#3868=CARTESIAN_POINT('Ctrl Pts',(-6.34918648373467,-0.442062537339059,
-86.284193348063));
#3869=CARTESIAN_POINT('Ctrl Pts',(-5.90298685953518,-0.924456712796877,
-91.6002020651034));
#3870=CARTESIAN_POINT('Ctrl Pts',(-7.17172839919177,1.32805675397151,-64.8564182933656));
#3871=CARTESIAN_POINT('Ctrl Pts',(-7.33305804953302,0.964648302859153,-70.2741280318785));
#3872=CARTESIAN_POINT('Ctrl Pts',(-7.45820868122379,0.734532831094067,-75.7043046389105));
#3873=CARTESIAN_POINT('Ctrl Pts',(-6.84168270373949,0.0731313167091181,
-80.9729791202841));
#3874=CARTESIAN_POINT('Ctrl Pts',(-6.38542381056341,-0.418922660800273,
-86.2865910595436));
#3875=CARTESIAN_POINT('Ctrl Pts',(-5.92916126237168,-0.910980500473219,
-91.6002019739613));
#3876=CARTESIAN_POINT('Ctrl Pts',(-7.22851169275934,1.35194265214002,-64.8562334352635));
#3877=CARTESIAN_POINT('Ctrl Pts',(-7.40605818407183,1.01756593659682,-70.2809004603613));
#3878=CARTESIAN_POINT('Ctrl Pts',(-7.52753889485839,0.841750835436631,-75.719837386117));
#3879=CARTESIAN_POINT('Ctrl Pts',(-6.90724423447182,0.126378162182675,-80.9799711900822));
#3880=CARTESIAN_POINT('Ctrl Pts',(-6.43742760287416,-0.381176420677605,
-86.2900870855208));
#3881=CARTESIAN_POINT('Ctrl Pts',(-5.96760753951575,-0.888735743064465,
-91.6002018410699));
#3882=CARTESIAN_POINT('Ctrl Pts',(-7.28296341343945,1.37983363914226,-64.8560590830944));
#3883=CARTESIAN_POINT('Ctrl Pts',(-7.47136353149237,1.07760466031366,-70.287288851958));
#3884=CARTESIAN_POINT('Ctrl Pts',(-7.57784671799968,0.95962184627816,-75.7344069959806));
#3885=CARTESIAN_POINT('Ctrl Pts',(-6.96524773657799,0.186393472512503,-80.986565042361));
#3886=CARTESIAN_POINT('Ctrl Pts',(-6.48492105036249,-0.338559915278071,
-86.2933840023514));
#3887=CARTESIAN_POINT('Ctrl Pts',(-6.00459134759284,-0.863518965258636,
-91.600201715747));
#3888=CARTESIAN_POINT('Ctrl Pts',(-7.30084302498003,1.38956542150475,-64.8560022221499));
#3889=CARTESIAN_POINT('Ctrl Pts',(-7.49227194320269,1.09833585919579,-70.2893724539594));
#3890=CARTESIAN_POINT('Ctrl Pts',(-7.59250541450977,0.999879844937745,-75.7391420989223));
#3891=CARTESIAN_POINT('Ctrl Pts',(-6.98373696937285,0.207077465650624,-80.9887153033438));
#3892=CARTESIAN_POINT('Ctrl Pts',(-6.50024165364246,-0.323851899537134,
-86.294459129624));
#3893=CARTESIAN_POINT('Ctrl Pts',(-6.01674348098323,-0.854787237032635,
-91.6002016748792));
#3894=CARTESIAN_POINT('Ctrl Pts',(-7.32283949241685,1.40226072563078,-64.8559328287707));
#3895=CARTESIAN_POINT('Ctrl Pts',(-7.51732749750832,1.12505536883906,-70.2919155767626));
#3896=CARTESIAN_POINT('Ctrl Pts',(-7.60815393672708,1.0511902919143,-75.7448941414297));
#3897=CARTESIAN_POINT('Ctrl Pts',(-7.00578543795443,0.23368912054576,-80.9913392130511));
#3898=CARTESIAN_POINT('Ctrl Pts',(-6.51874272091216,-0.304887784205136,
-86.2957710802524));
#3899=CARTESIAN_POINT('Ctrl Pts',(-6.03169737380329,-0.843471050136003,
-91.6002016250091));
#3900=CARTESIAN_POINT('Ctrl Pts',(-7.34437741529974,1.41560291078646,-64.8558656776136));
#3901=CARTESIAN_POINT('Ctrl Pts',(-7.54102599605562,1.15266808586193,-70.2943770285344));
#3902=CARTESIAN_POINT('Ctrl Pts',(-7.62049056345193,1.10336750122509,-75.750413248099));
#3903=CARTESIAN_POINT('Ctrl Pts',(-7.02649748740389,0.261131060760011,-80.993877846859));
#3904=CARTESIAN_POINT('Ctrl Pts',(-6.53641772486476,-0.285262045581141,
-86.2970403925441));
#3905=CARTESIAN_POINT('Ctrl Pts',(-6.04633559253499,-0.831661898959801,
-91.6002015767598));
#3906=CARTESIAN_POINT('Ctrl Pts',(-7.34866648575234,1.41829705967072,-64.8558523384595));
#3907=CARTESIAN_POINT('Ctrl Pts',(-7.54571134125359,1.15822522046236,-70.2948660024891));
#3908=CARTESIAN_POINT('Ctrl Pts',(-7.62282578722822,1.11383394522275,-75.7515075125165));
#3909=CARTESIAN_POINT('Ctrl Pts',(-7.03058636474101,0.266651504775106,-80.9943821087821));
#3910=CARTESIAN_POINT('Ctrl Pts',(-6.53991954357481,-0.28131105538744,-86.2972925225663));
#3911=CARTESIAN_POINT('Ctrl Pts',(-6.04925040600089,-0.829280439593259,
-91.6002015671759));
#3912=CARTESIAN_POINT('Ctrl Pts',(-7.3550720641842,1.42237660508634,-64.8558324684301));
#3913=CARTESIAN_POINT('Ctrl Pts',(-7.55265772678583,1.16661109801017,-70.2955944142588));
#3914=CARTESIAN_POINT('Ctrl Pts',(-7.62613078106471,1.1295748375997,-75.7531342251206));
#3915=CARTESIAN_POINT('Ctrl Pts',(-7.03663927023913,0.27497851930159,-80.9951332237047));
#3916=CARTESIAN_POINT('Ctrl Pts',(-6.54512229079428,-0.275346743604507,
-86.2976680785917));
#3917=CARTESIAN_POINT('Ctrl Pts',(-6.05360307700029,-0.825678945751351,
-91.6002015529001));
#3918=CARTESIAN_POINT('Ctrl Pts',(-7.36143522159815,1.42651326394401,-64.8558128095751));
#3919=CARTESIAN_POINT('Ctrl Pts',(-7.5594815048054,1.17506968215248,-70.2963151409476));
#3920=CARTESIAN_POINT('Ctrl Pts',(-7.62914005185337,1.14536914402924,-75.7547383649227));
#3921=CARTESIAN_POINT('Ctrl Pts',(-7.04257139553894,0.28337244999286,-80.9958763006288));
#3922=CARTESIAN_POINT('Ctrl Pts',(-6.55024975772828,-0.269327103151441,
-86.2980396155743));
#3923=CARTESIAN_POINT('Ctrl Pts',(-6.05792597057912,-0.82203371016176,-91.6002015387772));
#3924=CARTESIAN_POINT('Ctrl Pts',(-7.36355161049822,1.42789837216189,-64.8558062731753));
#3925=CARTESIAN_POINT('Ctrl Pts',(-7.56173713624657,1.17790491365155,-70.2965550549632));
#3926=CARTESIAN_POINT('Ctrl Pts',(-7.63036037718617,1.15027497724398,-75.7552455861132));
#3927=CARTESIAN_POINT('Ctrl Pts',(-7.04453533577901,0.286177725519532,-80.9961230936697));
#3928=CARTESIAN_POINT('Ctrl Pts',(-6.55195053172925,-0.267314487096554,
-86.298163011312));
#3929=CARTESIAN_POINT('Ctrl Pts',(-6.05936360130192,-0.820813783406624,
-91.6002015340867));
#3930=CARTESIAN_POINT('Ctrl Pts',(-7.36777459317176,1.43068161212915,-64.8557932763385));
#3931=CARTESIAN_POINT('Ctrl Pts',(-7.56624243436041,1.18355989782948,-70.2970310229731));
#3932=CARTESIAN_POINT('Ctrl Pts',(-7.63173544090325,1.1615542333819,-75.7563547055767));
#3933=CARTESIAN_POINT('Ctrl Pts',(-7.04843636265431,0.291802534156542,-80.9966148643519));
#3934=CARTESIAN_POINT('Ctrl Pts',(-6.55533528225084,-0.263277273588789,
-86.2984088962156));
#3935=CARTESIAN_POINT('Ctrl Pts',(-6.06223214485192,-0.818364257777144,
-91.6002015247401));
#3936=CARTESIAN_POINT('Ctrl Pts',(-7.37197875387783,1.43348957517465,-64.855780347097));
#3937=CARTESIAN_POINT('Ctrl Pts',(-7.57067181724184,1.18927655945603,-70.2975056286371));
#3938=CARTESIAN_POINT('Ctrl Pts',(-7.63397994798319,1.17139398482868,-75.7573536140427));
#3939=CARTESIAN_POINT('Ctrl Pts',(-7.05228357804279,0.297455377687798,-80.9971029841629));
#3940=CARTESIAN_POINT('Ctrl Pts',(-6.55868636972319,-0.259216412023132,
-86.298652954524));
#3941=CARTESIAN_POINT('Ctrl Pts',(-6.06508715227476,-0.815895437357035,
-91.6002015154629));
#3942=CARTESIAN_POINT('Ctrl Pts',(-7.37407610242797,1.434899724875,-64.8557739001029));
#3943=CARTESIAN_POINT('Ctrl Pts',(-7.57286792674187,1.19214956678845,-70.2977425430853));
#3944=CARTESIAN_POINT('Ctrl Pts',(-7.63530059570409,1.17598170095594,-75.7578274374477));
#3945=CARTESIAN_POINT('Ctrl Pts',(-7.05419372433706,0.300288662533703,-80.9973461245809));
#3946=CARTESIAN_POINT('Ctrl Pts',(-6.56035348067466,-0.257180147909967,
-86.2987745236666));
#3947=CARTESIAN_POINT('Ctrl Pts',(-6.06651124687041,-0.81465621581127,-91.6002015108418));
#3948=CARTESIAN_POINT('Ctrl Pts',(-7.38453852326214,1.4419820408546,-64.8557418115919));
#3949=CARTESIAN_POINT('Ctrl Pts',(-7.58379747538705,1.20652499209055,-70.2989208292007));
#3950=CARTESIAN_POINT('Ctrl Pts',(-7.64092777242765,1.20017927624699,-75.7602706137821));
#3951=CARTESIAN_POINT('Ctrl Pts',(-7.063677149325,0.314488610044044,-80.9985571909905));
#3952=CARTESIAN_POINT('Ctrl Pts',(-6.56864678676488,-0.246970054839997,
-86.2993800525075));
#3953=CARTESIAN_POINT('Ctrl Pts',(-6.07361454915171,-0.808436114195006,
-91.6002014878244));
#3954=CARTESIAN_POINT('Ctrl Pts',(-7.3948800116684,1.44921990379092,-64.8557103368534));
#3955=CARTESIAN_POINT('Ctrl Pts',(-7.59438214172727,1.22108198710954,-70.3000767528064));
#3956=CARTESIAN_POINT('Ctrl Pts',(-7.64588347854924,1.22441171315581,-75.7626506250901));
#3957=CARTESIAN_POINT('Ctrl Pts',(-7.07282372628495,0.3288526867125,-80.9997449207362));
#3958=CARTESIAN_POINT('Ctrl Pts',(-6.57672842771325,-0.23661807362534,-86.2999739129171));
#3959=CARTESIAN_POINT('Ctrl Pts',(-6.08063137395379,-0.802096361992135,
-91.6002014652505));
#3960=CARTESIAN_POINT('Ctrl Pts',(-7.40307465051742,1.45510890556759,-64.8556855476899));
#3961=CARTESIAN_POINT('Ctrl Pts',(-7.60262210929009,1.23281690058414,-70.3009872689361));
#3962=CARTESIAN_POINT('Ctrl Pts',(-7.64943475299735,1.24375808862676,-75.764513536292));
#3963=CARTESIAN_POINT('Ctrl Pts',(-7.07991870922941,0.340421518853472,-81.000680242835));
#3964=CARTESIAN_POINT('Ctrl Pts',(-6.58305412847689,-0.228259824364929,
-86.3004415703227));
#3965=CARTESIAN_POINT('Ctrl Pts',(-6.08618789089975,-0.796948799766371,
-91.6002014474738));
#3966=CARTESIAN_POINT('Ctrl Pts',(-7.47610317004079,1.50897341933025,-64.8554664306144));
#3967=CARTESIAN_POINT('Ctrl Pts',(-7.67490305587385,1.33962606115076,-70.3090364143708));
#3968=CARTESIAN_POINT('Ctrl Pts',(-7.67735816380083,1.41845235987223,-75.7808971481023));
#3969=CARTESIAN_POINT('Ctrl Pts',(-7.14193379810254,0.445646141700291,-81.0089468987204));
#3970=CARTESIAN_POINT('Ctrl Pts',(-6.6388021794934,-0.152146004012606,-86.3045748651323));
#3971=CARTESIAN_POINT('Ctrl Pts',(-6.13566982449037,-0.749946702332022,
-91.6002012903585));
#3972=CARTESIAN_POINT('Ctrl Pts',(-7.54256089434811,1.57061812959895,-64.855280802487));
#3973=CARTESIAN_POINT('Ctrl Pts',(-7.72865504981328,1.45216155179748,-70.3158656334803));
#3974=CARTESIAN_POINT('Ctrl Pts',(-7.67237625971769,1.58661940063408,-75.793812971013));
#3975=CARTESIAN_POINT('Ctrl Pts',(-7.18585885246934,0.555642758231042,-81.0159400250295));
#3976=CARTESIAN_POINT('Ctrl Pts',(-6.68307167211729,-0.0706501971408799,
-86.3080713894962));
#3977=CARTESIAN_POINT('Ctrl Pts',(-6.18028486289773,-0.69695238176206,-91.6002011574482));
#3978=CARTESIAN_POINT('Ctrl Pts',(-7.59578017375112,1.63080351030896,-64.8551430094606));
#3979=CARTESIAN_POINT('Ctrl Pts',(-7.76199004254023,1.55466099816454,-70.3209440705129));
#3980=CARTESIAN_POINT('Ctrl Pts',(-7.64356459656198,1.72834014586822,-75.8025502901399));
#3981=CARTESIAN_POINT('Ctrl Pts',(-7.21077642679529,0.655241127450799,-81.0211221714501));
#3982=CARTESIAN_POINT('Ctrl Pts',(-6.71303642744106,0.00483499469634954,
-86.310662424454));
#3983=CARTESIAN_POINT('Ctrl Pts',(-6.2152979094705,-0.645580778021503,-91.6002010589575));
#3984=CARTESIAN_POINT('Ctrl Pts',(-7.66598649314981,1.72802212494459,-64.8549761773681));
#3985=CARTESIAN_POINT('Ctrl Pts',(-7.79117857848221,1.70767372374066,-70.3271064836902));
#3986=CARTESIAN_POINT('Ctrl Pts',(-7.57264851276511,1.92204257601024,-75.8118411021126));
#3987=CARTESIAN_POINT('Ctrl Pts',(-7.22788032782477,0.802948624399033,-81.027382944571));
#3988=CARTESIAN_POINT('Ctrl Pts',(-6.74382546950714,0.119912494912467,-86.3137927503738));
#3989=CARTESIAN_POINT('Ctrl Pts',(-6.25977378786422,-0.563133579330981,
-91.6002009399672));
#3990=CARTESIAN_POINT('Ctrl Pts',(-7.72076730415754,1.83378473093958,-64.8548723252934));
#3991=CARTESIAN_POINT('Ctrl Pts',(-7.78989517304216,1.85578747723348,-70.3309706779638));
#3992=CARTESIAN_POINT('Ctrl Pts',(-7.4542698195396,2.08447328508734,-75.8149856195472));
#3993=CARTESIAN_POINT('Ctrl Pts',(-7.2151069210032,0.944327561672728,-81.0312526196003));
#3994=CARTESIAN_POINT('Ctrl Pts',(-6.75305948813818,0.234900734933979,-86.3157275207827));
#3995=CARTESIAN_POINT('Ctrl Pts',(-6.29101713849065,-0.474535914792881,
-91.6002008664225));
#3996=CARTESIAN_POINT('Ctrl Pts',(-7.73726458920001,1.86988629091747,-64.8548451311643));
#3997=CARTESIAN_POINT('Ctrl Pts',(-7.78588943582978,1.90434309707783,-70.331987745009));
#3998=CARTESIAN_POINT('Ctrl Pts',(-7.4098395134697,2.13453477997352,-75.8153201298107));
#3999=CARTESIAN_POINT('Ctrl Pts',(-7.20734205461364,0.990471100299753,-81.0322607939427));
#4000=CARTESIAN_POINT('Ctrl Pts',(-6.75361640206811,0.273026699684248,-86.3162315849433));
#4001=CARTESIAN_POINT('Ctrl Pts',(-6.29989647914866,-0.444427430420166,
-91.600200847262));
#4002=CARTESIAN_POINT('Ctrl Pts',(-7.75925863367368,1.92515364379368,-64.8548145328097));
#4003=CARTESIAN_POINT('Ctrl Pts',(-7.77586544980987,1.97554757866286,-70.3331417538909));
#4004=CARTESIAN_POINT('Ctrl Pts',(-7.33829644029213,2.20276131873127,-75.8147936066396));
#4005=CARTESIAN_POINT('Ctrl Pts',(-7.19181465761355,1.05779200469897,-81.0333857230824));
#4006=CARTESIAN_POINT('Ctrl Pts',(-6.75132108107399,0.329610979534296,-86.3167940135775));
#4007=CARTESIAN_POINT('Ctrl Pts',(-6.31083420988778,-0.398579550908376,
-91.600200825883));
#4008=CARTESIAN_POINT('Ctrl Pts',(-7.7770779310699,1.981855417563,-64.8548013661084));
#4009=CARTESIAN_POINT('Ctrl Pts',(-7.75819423355097,2.04368616605349,-70.3336594113902));
#4010=CARTESIAN_POINT('Ctrl Pts',(-7.25854807372509,2.25918552984635,-75.8125892475292));
#4011=CARTESIAN_POINT('Ctrl Pts',(-7.16885337061201,1.12161054801234,-81.0338490867226));
#4012=CARTESIAN_POINT('Ctrl Pts',(-6.74348206193814,0.384811212204811,-86.3170256579323));
#4013=CARTESIAN_POINT('Ctrl Pts',(-6.31811840882891,-0.351997263690393,
-91.6002008170776));
#4014=CARTESIAN_POINT('Ctrl Pts',(-7.78254695392517,2.00090225167106,-64.8547988951722));
#4015=CARTESIAN_POINT('Ctrl Pts',(-7.75152128100966,2.06602004824717,-70.3337618998018));
#4016=CARTESIAN_POINT('Ctrl Pts',(-7.23129519661404,2.27663143888191,-75.8116743401959));
#4017=CARTESIAN_POINT('Ctrl Pts',(-7.16044494723592,1.14245453725801,-81.0339307977268));
#4018=CARTESIAN_POINT('Ctrl Pts',(-6.74028648546259,0.403029505304795,-86.3170665008275));
#4019=CARTESIAN_POINT('Ctrl Pts',(-6.32013599013741,-0.336404529355785,
-91.6002008155252));
#4020=CARTESIAN_POINT('Ctrl Pts',(-7.78909869728473,2.02607575581702,-64.8547981431281));
#4021=CARTESIAN_POINT('Ctrl Pts',(-7.74182601795178,2.09478577768696,-70.3338054099906));
#4022=CARTESIAN_POINT('Ctrl Pts',(-7.19489829408905,2.29765650419491,-75.8102401769979));
#4023=CARTESIAN_POINT('Ctrl Pts',(-7.1485128743218,1.16919681872451,-81.0339435700412));
#4024=CARTESIAN_POINT('Ctrl Pts',(-6.7353725902465,0.426664980359529,-86.3170728702911));
#4025=CARTESIAN_POINT('Ctrl Pts',(-6.32224067050897,-0.315875659469363,
-91.6002008152831));
#4026=CARTESIAN_POINT('Ctrl Pts',(-7.79481796183005,2.05145528246709,-64.854800629037));
#4027=CARTESIAN_POINT('Ctrl Pts',(-7.73101712284587,2.12276622521224,-70.3337305073582));
#4028=CARTESIAN_POINT('Ctrl Pts',(-7.15813853993833,2.31614758734256,-75.8085140290412));
#4029=CARTESIAN_POINT('Ctrl Pts',(-7.13552997722768,1.19506171018449,-81.0338336616213));
#4030=CARTESIAN_POINT('Ctrl Pts',(-6.72957461476696,0.449888128343315,-86.3170178993222));
#4031=CARTESIAN_POINT('Ctrl Pts',(-6.32362799504071,-0.295294026544204,
-91.6002008173726));
#4032=CARTESIAN_POINT('Ctrl Pts',(-7.79613231465243,2.05750929780604,-64.8548014039198));
#4033=CARTESIAN_POINT('Ctrl Pts',(-7.72838250326939,2.1293825357557,-70.3337059788358));
#4034=CARTESIAN_POINT('Ctrl Pts',(-7.14937383523092,2.32040532426592,-75.8080867470206));
#4035=CARTESIAN_POINT('Ctrl Pts',(-7.13238145866342,1.20116904590934,-81.0338005615655));
#4036=CARTESIAN_POINT('Ctrl Pts',(-6.72814509875455,0.455393188410417,-86.3170013453028));
#4037=CARTESIAN_POINT('Ctrl Pts',(-6.32391757045955,-0.290391186216699,
-91.6002008180019));
#4038=CARTESIAN_POINT('Ctrl Pts',(-7.79765246954551,2.06478714975368,-64.8548025526976));
#4039=CARTESIAN_POINT('Ctrl Pts',(-7.7251501547449,2.13726584990191,-70.3336685338434));
#4040=CARTESIAN_POINT('Ctrl Pts',(-7.13885076754976,2.32533902377592,-75.8075547231584));
#4041=CARTESIAN_POINT('Ctrl Pts',(-7.12853708280682,1.20843519897402,-81.0337525518055));
#4042=CARTESIAN_POINT('Ctrl Pts',(-6.72637212188044,0.461969077935088,-86.3169773356335));
#4043=CARTESIAN_POINT('Ctrl Pts',(-6.32421609764209,-0.284505491295111,
-91.6002008189145));
#4044=CARTESIAN_POINT('Ctrl Pts',(-7.7991038886798,2.07208005056341,-64.8548039633935));
#4045=CARTESIAN_POINT('Ctrl Pts',(-7.72183580762829,2.14507993826194,-70.333621500687));
#4046=CARTESIAN_POINT('Ctrl Pts',(-7.12833334733072,2.33006057604133,-75.8069999953299));
#4047=CARTESIAN_POINT('Ctrl Pts',(-7.12461653584693,1.2156243870982,-81.0336946279725));
#4048=CARTESIAN_POINT('Ctrl Pts',(-6.72453164520928,0.468507457959047,-86.3169483689326));
#4049=CARTESIAN_POINT('Ctrl Pts',(-6.32445579427011,-0.278617848251293,
-91.6002008200156));
#4050=CARTESIAN_POINT('Ctrl Pts',(-7.79934377078989,2.07329596781667,-64.8548042036523));
#4051=CARTESIAN_POINT('Ctrl Pts',(-7.72128943834189,2.14637892408982,-70.3336135553943));
#4052=CARTESIAN_POINT('Ctrl Pts',(-7.12619204924017,2.3309086803146,-75.8068994167051));
#4053=CARTESIAN_POINT('Ctrl Pts',(-7.12396102220377,1.21682043575638,-81.0336846989668));
#4054=CARTESIAN_POINT('Ctrl Pts',(-6.72422303282178,0.469596138863412,-86.316943403547));
#4055=CARTESIAN_POINT('Ctrl Pts',(-6.32449410911177,-0.277636524716773,
-91.6002008202044));
#4056=CARTESIAN_POINT('Ctrl Pts',(-7.79982015210929,2.07572854903777,-64.8548047072166));
#4057=CARTESIAN_POINT('Ctrl Pts',(-7.72015907763677,2.14897873090637,-70.3335964936337));
#4058=CARTESIAN_POINT('Ctrl Pts',(-7.12346451340992,2.33232474575742,-75.8067269900272));
#4059=CARTESIAN_POINT('Ctrl Pts',(-7.1226457991632,1.21920822368123,-81.0336642902355));
#4060=CARTESIAN_POINT('Ctrl Pts',(-6.72360209296254,0.471771388118959,-86.3169331977583));
#4061=CARTESIAN_POINT('Ctrl Pts',(-6.32456746880914,-0.275673787121955,
-91.6002008205923));
#4062=CARTESIAN_POINT('Ctrl Pts',(-7.80028843792,2.07816283909055,-64.854805231317));
#4063=CARTESIAN_POINT('Ctrl Pts',(-7.71905293649294,2.15156501263869,-70.3335790072584));
#4064=CARTESIAN_POINT('Ctrl Pts',(-7.11918393898439,2.33398545711778,-75.8065220860217));
#4065=CARTESIAN_POINT('Ctrl Pts',(-7.12132236246234,1.22158733475194,-81.0336427828617));
#4066=CARTESIAN_POINT('Ctrl Pts',(-6.72297375792301,0.473942383529614,-86.3169224423071));
#4067=CARTESIAN_POINT('Ctrl Pts',(-6.32463428701919,-0.273710886240986,
-91.6002008210012));
#4068=CARTESIAN_POINT('Ctrl Pts',(-7.80052098354915,2.07938033391788,-64.8548055067159));
#4069=CARTESIAN_POINT('Ctrl Pts',(-7.71847380891457,2.15286032648368,-70.3335695410753));
#4070=CARTESIAN_POINT('Ctrl Pts',(-7.11816282156191,2.33461593119977,-75.8064404638251));
#4071=CARTESIAN_POINT('Ctrl Pts',(-7.12065857419191,1.22277471709891,-81.0336317540404));
#4072=CARTESIAN_POINT('Ctrl Pts',(-6.72265775035615,0.475026810588926,-86.3169169272592));
#4073=CARTESIAN_POINT('Ctrl Pts',(-6.32466606037353,-0.272729399420316,
-91.6002008212108));
#4074=CARTESIAN_POINT('Ctrl Pts',(-7.80098211040312,2.08181615085444,-64.8548060696863));
#4075=CARTESIAN_POINT('Ctrl Pts',(-7.71732105453116,2.15544520239562,-70.3335502526908));
#4076=CARTESIAN_POINT('Ctrl Pts',(-7.11565750797607,2.3359499588042,-75.8062677587806));
#4077=CARTESIAN_POINT('Ctrl Pts',(-7.11932695519171,1.22514510476499,-81.033609147668));
#4078=CARTESIAN_POINT('Ctrl Pts',(-6.72202207265088,0.477193509030668,-86.3169056227051));
#4079=CARTESIAN_POINT('Ctrl Pts',(-6.32472633485866,-0.270766361922022,
-91.6002008216405));
#4080=CARTESIAN_POINT('Ctrl Pts',(-7.80143556562425,2.08425356290403,-64.854806661911));
#4081=CARTESIAN_POINT('Ctrl Pts',(-7.71615964704347,2.15802201057234,-70.3335298829725));
#4082=CARTESIAN_POINT('Ctrl Pts',(-7.11315153931637,2.33726712529085,-75.8060934942396));
#4083=CARTESIAN_POINT('Ctrl Pts',(-7.11798730175024,1.22750670233784,-81.0335854441857));
#4084=CARTESIAN_POINT('Ctrl Pts',(-6.72137910490763,0.479355867317359,-86.3168937696075));
#4085=CARTESIAN_POINT('Ctrl Pts',(-6.32478006352384,-0.268803214558025,
-91.6002008220911));
#4086=CARTESIAN_POINT('Ctrl Pts',(-7.80166037392985,2.08547266441493,-64.8548069653321));
#4087=CARTESIAN_POINT('Ctrl Pts',(-7.71557679755778,2.15930838811696,-70.3335194279524));
#4088=CARTESIAN_POINT('Ctrl Pts',(-7.11189841077766,2.33792148856291,-75.8060059728867));
#4089=CARTESIAN_POINT('Ctrl Pts',(-7.11731548431497,1.22868529366222,-81.0335733183537));
#4090=CARTESIAN_POINT('Ctrl Pts',(-6.72105580730271,0.480435954221636,-86.3168877060161));
#4091=CARTESIAN_POINT('Ctrl Pts',(-6.32480529105823,-0.267821617871651,
-91.6002008223216));
#4092=CARTESIAN_POINT('Ctrl Pts',(-7.80366636252948,2.09644810772327,-64.8548097618578));
#4093=CARTESIAN_POINT('Ctrl Pts',(-7.71031199032834,2.17086746199034,-70.3334229028559));
#4094=CARTESIAN_POINT('Ctrl Pts',(-7.10061950967782,2.34377267165743,-75.8052147870975));
#4095=CARTESIAN_POINT('Ctrl Pts',(-7.11125137211883,1.23927265892867,-81.0334617207244));
#4096=CARTESIAN_POINT('Ctrl Pts',(-6.71812988437437,0.49014684133557,-86.3168319011489));
#4097=CARTESIAN_POINT('Ctrl Pts',(-6.32501760475586,-0.258987080906451,
-91.6002008244428));
#4098=CARTESIAN_POINT('Ctrl Pts',(-7.80551666318839,2.10745505153317,-64.854813149613));
#4099=CARTESIAN_POINT('Ctrl Pts',(-7.70487618389325,2.18226083472287,-70.33330452259));
#4100=CARTESIAN_POINT('Ctrl Pts',(-7.08933379675798,2.34928098689151,-75.8043922184113));
#4101=CARTESIAN_POINT('Ctrl Pts',(-7.10502891378852,1.24967960842318,-81.0333279519357));
#4102=CARTESIAN_POINT('Ctrl Pts',(-6.71505847430244,0.499768088741307,-86.3167650109341));
#4103=CARTESIAN_POINT('Ctrl Pts',(-6.32509728655132,-0.250151405951073,
-91.6002008269855));
#4104=CARTESIAN_POINT('Ctrl Pts',(-7.80703739499326,2.11726187365163,-64.8548166061803));
#4105=CARTESIAN_POINT('Ctrl Pts',(-7.6999279008421,2.19226421437148,-70.33318283485));
#4106=CARTESIAN_POINT('Ctrl Pts',(-7.07930992619346,2.35395929978861,-75.803637663046));
#4107=CARTESIAN_POINT('Ctrl Pts',(-7.0993914884944,1.25879534493327,-81.0331923528294));
#4108=CARTESIAN_POINT('Ctrl Pts',(-6.71222268115365,0.508252167718517,-86.3166972063846));
#4109=CARTESIAN_POINT('Ctrl Pts',(-6.3250631616904,-0.242298868900029,-91.6002008295628));
#4110=CARTESIAN_POINT('Ctrl Pts',(-7.81960907812117,2.2057227513958,-64.8548522253552));
#4111=CARTESIAN_POINT('Ctrl Pts',(-7.6541595697187,2.2808165434781,-70.3319208628306));
#4112=CARTESIAN_POINT('Ctrl Pts',(-6.9894343113116,2.39253897816204,-75.7966133493035));
#4113=CARTESIAN_POINT('Ctrl Pts',(-7.04752159069123,1.33923246161033,-81.0318028965392));
#4114=CARTESIAN_POINT('Ctrl Pts',(-6.68566136236635,0.583789811254699,-86.3160024351112));
#4115=CARTESIAN_POINT('Ctrl Pts',(-6.32381071148302,-0.171659632155359,
-91.6002008559726));
#4116=CARTESIAN_POINT('Ctrl Pts',(-7.82203029420752,2.29576092564523,-64.8549235089327));
#4117=CARTESIAN_POINT('Ctrl Pts',(-7.60039470607435,2.35852503246542,-70.3293398108693));
#4118=CARTESIAN_POINT('Ctrl Pts',(-6.90301998476389,2.41285860759101,-75.7877637957654));
#4119=CARTESIAN_POINT('Ctrl Pts',(-6.98853443782487,1.40791343750353,-81.0290767324033));
#4120=CARTESIAN_POINT('Ctrl Pts',(-6.651287276484,0.653201799541203,-86.3146393246682));
#4121=CARTESIAN_POINT('Ctrl Pts',(-6.31404975675443,-0.101515545208811,
-91.6002009077874));
#4122=CARTESIAN_POINT('Ctrl Pts',(-7.81604528173612,2.37609921437116,-64.8550138418884));
#4123=CARTESIAN_POINT('Ctrl Pts',(-7.5473738958831,2.41834821755736,-70.3260481940334));
#4124=CARTESIAN_POINT('Ctrl Pts',(-6.82884490751228,2.41688709253512,-75.7785029112891));
#4125=CARTESIAN_POINT('Ctrl Pts',(-6.93168381302878,1.45892677252598,-81.0256424934256));
#4126=CARTESIAN_POINT('Ctrl Pts',(-6.61529094960535,0.709108636152926,-86.3129221909541));
#4127=CARTESIAN_POINT('Ctrl Pts',(-6.29890764728285,-0.0407142470658797,
-91.6002009730593));
#4128=CARTESIAN_POINT('Ctrl Pts',(-7.7948366826349,2.49552034621127,-64.8551818941968));
#4129=CARTESIAN_POINT('Ctrl Pts',(-7.46313970024074,2.49700446227639,-70.3199055605356));
#4130=CARTESIAN_POINT('Ctrl Pts',(-6.72492453518903,2.40975428663212,-75.7630592083334));
#4131=CARTESIAN_POINT('Ctrl Pts',(-6.84321136116815,1.52333334392356,-81.0192722369853));
#4132=CARTESIAN_POINT('Ctrl Pts',(-6.55521378814865,0.785054644272896,-86.3097370561261));
#4133=CARTESIAN_POINT('Ctrl Pts',(-6.26722548093873,0.0467725661427184,
-91.6002010941332));
#4134=CARTESIAN_POINT('Ctrl Pts',(-7.75560943969453,2.61119042326458,-64.8554006535576));
#4135=CARTESIAN_POINT('Ctrl Pts',(-7.37374579743455,2.55457921579351,-70.3118859863197));
#4136=CARTESIAN_POINT('Ctrl Pts',(-6.63571044858678,2.37633050888217,-75.7451606714079));
#4137=CARTESIAN_POINT('Ctrl Pts',(-6.75228882787974,1.56527759839102,-81.0110029397751));
#4138=CARTESIAN_POINT('Ctrl Pts',(-6.48787887389704,0.846177290020688,-86.3056024234496));
#4139=CARTESIAN_POINT('Ctrl Pts',(-6.22347760880749,0.127074884635597,-91.6002012512993));
#4140=CARTESIAN_POINT('Ctrl Pts',(-7.74054644753137,2.64920268079142,-64.8554787840088));
#4141=CARTESIAN_POINT('Ctrl Pts',(-7.34360458905552,2.5715380314903,-70.3090195785121));
#4142=CARTESIAN_POINT('Ctrl Pts',(-6.60805393361729,2.36280703256308,-75.7389742935762));
#4143=CARTESIAN_POINT('Ctrl Pts',(-6.72196726871266,1.576895656963,-81.0080516972338));
#4144=CARTESIAN_POINT('Ctrl Pts',(-6.4647951269408,0.86492591950857,-86.304126810161));
#4145=CARTESIAN_POINT('Ctrl Pts',(-6.20763144821267,0.15295449579825,-91.6002013073906));
#4146=CARTESIAN_POINT('Ctrl Pts',(-7.71500507813306,2.70521111896556,-64.855603151504));
#4147=CARTESIAN_POINT('Ctrl Pts',(-7.29823765354462,2.59379442053009,-70.3044538166024));
#4148=CARTESIAN_POINT('Ctrl Pts',(-6.57024002320145,2.33953711906394,-75.7294115743376));
#4149=CARTESIAN_POINT('Ctrl Pts',(-6.67686309434572,1.59098319190885,-81.0033569105261));
#4150=CARTESIAN_POINT('Ctrl Pts',(-6.42947489727392,0.890655973468473,-86.3017794326801));
#4151=CARTESIAN_POINT('Ctrl Pts',(-6.18209477384411,0.190327655227453,-91.6002013966194));
#4152=CARTESIAN_POINT('Ctrl Pts',(-7.68511221961025,2.75941206555143,-64.855737330708));
#4153=CARTESIAN_POINT('Ctrl Pts',(-7.25318896276942,2.61151581941802,-70.2995228210029));
#4154=CARTESIAN_POINT('Ctrl Pts',(-6.53907552985249,2.31316058935502,-75.7195661586155));
#4155=CARTESIAN_POINT('Ctrl Pts',(-6.63294024870842,1.60037921767442,-80.9982966763146));
#4156=CARTESIAN_POINT('Ctrl Pts',(-6.39352139322454,0.912883925471336,-86.2992493379474));
#4157=CARTESIAN_POINT('Ctrl Pts',(-6.15411013865944,0.225388056651087,-91.6002014927937));
#4158=CARTESIAN_POINT('Ctrl Pts',(-7.67466825385298,2.77726196158745,-64.855783094628));
#4159=CARTESIAN_POINT('Ctrl Pts',(-7.23823906241394,2.61693226637541,-70.2978404713023));
#4160=CARTESIAN_POINT('Ctrl Pts',(-6.52947270305781,2.3040997056082,-75.7162604299597));
#4161=CARTESIAN_POINT('Ctrl Pts',(-6.61846467497318,1.60300760413454,-80.9965713505773));
#4162=CARTESIAN_POINT('Ctrl Pts',(-6.38148923024703,0.919908966668776,-86.2983866832903));
#4163=CARTESIAN_POINT('Ctrl Pts',(-6.14452121958489,0.236809918900934,-91.600201525585));
#4164=CARTESIAN_POINT('Ctrl Pts',(-7.65828925913147,2.80368667867174,-64.8558532176437));
#4165=CARTESIAN_POINT('Ctrl Pts',(-7.21596059110173,2.62434073708127,-70.2952617757208));
#4166=CARTESIAN_POINT('Ctrl Pts',(-6.51633152713818,2.29021325590675,-75.7112767047285));
#4167=CARTESIAN_POINT('Ctrl Pts',(-6.59705118511175,1.60622163585779,-80.9939285268994));
#4168=CARTESIAN_POINT('Ctrl Pts',(-6.36340410114272,0.929878175417879,-86.2970652849409));
#4169=CARTESIAN_POINT('Ctrl Pts',(-6.12976418666898,0.253534540610253,-91.6002015758142));
#4170=CARTESIAN_POINT('Ctrl Pts',(-7.64085150936085,2.82954928613262,-64.8559254379547));
#4171=CARTESIAN_POINT('Ctrl Pts',(-7.19397382612537,2.63070415658144,-70.2926045842465));
#4172=CARTESIAN_POINT('Ctrl Pts',(-6.5051809244856,2.27606079496246,-75.7062724861249));
#4173=CARTESIAN_POINT('Ctrl Pts',(-6.57616608255383,1.60838375447062,-80.9912080052309));
#4174=CARTESIAN_POINT('Ctrl Pts',(-6.34531623763589,0.939008103919994,-86.29570503943));
#4175=CARTESIAN_POINT('Ctrl Pts',(-6.11447327641068,0.269632492163125,-91.60020162752));
#4176=CARTESIAN_POINT('Ctrl Pts',(-7.63492188709622,2.83810564741559,-64.8559497378173));
#4177=CARTESIAN_POINT('Ctrl Pts',(-7.18668134944668,2.63271081810382,-70.2917103708662));
#4178=CARTESIAN_POINT('Ctrl Pts',(-6.50168936619681,2.27132292935951,-75.7046029900507));
#4179=CARTESIAN_POINT('Ctrl Pts',(-6.56926745705064,1.60898985416827,-80.9902927846013));
#4180=CARTESIAN_POINT('Ctrl Pts',(-6.33928956778636,0.941958896133455,-86.2952474344296));
#4181=CARTESIAN_POINT('Ctrl Pts',(-6.10931846462619,0.274928045293463,-91.6002016449146));
#4182=CARTESIAN_POINT('Ctrl Pts',(-7.62736435016429,2.84871789410722,-64.8559803874424));
#4183=CARTESIAN_POINT('Ctrl Pts',(-7.17761635654762,2.63507807985415,-70.290582297336));
#4184=CARTESIAN_POINT('Ctrl Pts',(-6.49761332841137,2.26538702379883,-75.7025154922206));
#4185=CARTESIAN_POINT('Ctrl Pts',(-6.56072850651102,1.60960708174249,-80.9891386000163));
#4186=CARTESIAN_POINT('Ctrl Pts',(-6.3317631788584,0.945532700077112,-86.2946703490434));
#4187=CARTESIAN_POINT('Ctrl Pts',(-6.10280451243467,0.281458507629145,-91.6002016668508));
#4188=CARTESIAN_POINT('Ctrl Pts',(-7.61962596148478,2.8592229140741,-64.8560113702249));
#4189=CARTESIAN_POINT('Ctrl Pts',(-7.16862103673726,2.63727156065457,-70.2894417146638));
#4190=CARTESIAN_POINT('Ctrl Pts',(-6.49390338125218,2.25944820473843,-75.7004284913506));
#4191=CARTESIAN_POINT('Ctrl Pts',(-6.55230186497848,1.61005241420698,-80.9879721123049));
#4192=CARTESIAN_POINT('Ctrl Pts',(-6.32425009656255,0.94896439606624,-86.294087112427));
#4193=CARTESIAN_POINT('Ctrl Pts',(-6.09620486097041,0.287876644632319,-91.6002016890209));
#4194=CARTESIAN_POINT('Ctrl Pts',(-7.61807104159541,2.861319582063,-64.8560175777885));
#4195=CARTESIAN_POINT('Ctrl Pts',(-7.16682620736448,2.63770443678898,-70.2892132678427));
#4196=CARTESIAN_POINT('Ctrl Pts',(-6.49311118314218,2.25820858865305,-75.7000033199449));
#4197=CARTESIAN_POINT('Ctrl Pts',(-6.55062109946092,1.61013464209061,-80.9877383267693));
#4198=CARTESIAN_POINT('Ctrl Pts',(-6.32274805858016,0.949645063445361,-86.2939702210314));
#4199=CARTESIAN_POINT('Ctrl Pts',(-6.09488152618218,0.289155768004794,-91.6002016934641));
#4200=CARTESIAN_POINT('Ctrl Pts',(-7.61494684902113,2.86550426995183,-64.8560300280171));
#4201=CARTESIAN_POINT('Ctrl Pts',(-7.16323684576496,2.63855196628335,-70.2887547231789));
#4202=CARTESIAN_POINT('Ctrl Pts',(-6.49181592199747,2.25593716474878,-75.6991842802611));
#4203=CARTESIAN_POINT('Ctrl Pts',(-6.54726882319765,1.61028548568933,-80.9872697865509));
#4204=CARTESIAN_POINT('Ctrl Pts',(-6.31974523212351,0.950995079813249,-86.2937359540494));
#4205=CARTESIAN_POINT('Ctrl Pts',(-6.09222809464966,0.291704985035503,-91.6002017023691));
#4206=CARTESIAN_POINT('Ctrl Pts',(-7.61179377205291,2.86967135593562,-64.8560425214458));
#4207=CARTESIAN_POINT('Ctrl Pts',(-7.15966493769436,2.63937642003179,-70.2882948873943));
#4208=CARTESIAN_POINT('Ctrl Pts',(-6.49032026596751,2.25345942995716,-75.6983342545805));
#4209=CARTESIAN_POINT('Ctrl Pts',(-6.54393535074714,1.61040926369129,-80.9867993259887));
#4210=CARTESIAN_POINT('Ctrl Pts',(-6.31674509004625,0.952322510388409,-86.2935007265933));
#4211=CARTESIAN_POINT('Ctrl Pts',(-6.0895612334299,0.29423610006325,-91.6002017113106));
#4212=CARTESIAN_POINT('Ctrl Pts',(-7.61020998516979,2.87175043705904,-64.8560487744515));
#4213=CARTESIAN_POINT('Ctrl Pts',(-7.15788625567123,2.63978509144786,-70.2880649811624));
#4214=CARTESIAN_POINT('Ctrl Pts',(-6.48938895474072,2.25206647077118,-75.6978859928147));
#4215=CARTESIAN_POINT('Ctrl Pts',(-6.54227338764471,1.61046442477015,-80.9865636199293));
#4216=CARTESIAN_POINT('Ctrl Pts',(-6.31524573644327,0.952980591974819,-86.2933828747236));
#4217=CARTESIAN_POINT('Ctrl Pts',(-6.08822446895442,0.295497121432763,-91.6002017157905));
#4218=CARTESIAN_POINT('Ctrl Pts',(-7.60543757499607,2.87797471713763,-64.856067630327));
#4219=CARTESIAN_POINT('Ctrl Pts',(-7.15252240906575,2.64096154797176,-70.2873694313306));
#4220=CARTESIAN_POINT('Ctrl Pts',(-6.48838167772348,2.24925397905721,-75.6967472456141));
#4221=CARTESIAN_POINT('Ctrl Pts',(-6.53730197205248,1.61060979113751,-80.9858550799882));
#4222=CARTESIAN_POINT('Ctrl Pts',(-6.3107499671556,0.954937974243041,-86.2930286106204));
#4223=CARTESIAN_POINT('Ctrl Pts',(-6.08420424471642,0.299266545733384,-91.6002017292568));
#4224=CARTESIAN_POINT('Ctrl Pts',(-7.60060060690646,2.88415864463741,-64.8560865989332));
#4225=CARTESIAN_POINT('Ctrl Pts',(-7.14718885493801,2.64207754986709,-70.2866697022131));
#4226=CARTESIAN_POINT('Ctrl Pts',(-6.48742802336119,2.24641371266324,-75.6956036526394));
#4227=CARTESIAN_POINT('Ctrl Pts',(-6.53237472235463,1.61069522738031,-80.9851423245522));
#4228=CARTESIAN_POINT('Ctrl Pts',(-6.30626149062464,0.956844885980907,-86.2926722388267));
#4229=CARTESIAN_POINT('Ctrl Pts',(-6.08015444072275,0.302994958148771,-91.6002017428032));
#4230=CARTESIAN_POINT('Ctrl Pts',(-7.59734738611879,2.88826278276344,-64.8560992920606));
#4231=CARTESIAN_POINT('Ctrl Pts',(-7.14364611904913,2.64280550760352,-70.2862014706668));
#4232=CARTESIAN_POINT('Ctrl Pts',(-6.48680472030087,2.24452464233441,-75.6948381477033));
#4233=CARTESIAN_POINT('Ctrl Pts',(-6.52910882725332,1.61073662326275,-80.9846653709146));
#4234=CARTESIAN_POINT('Ctrl Pts',(-6.30327216295377,0.958099224930119,-86.2924337659694));
#4235=CARTESIAN_POINT('Ctrl Pts',(-6.07744161390724,0.305462256528213,-91.6002017518681));
#4236=CARTESIAN_POINT('Ctrl Pts',(-7.56781120273513,2.92503912952072,-64.8562139990647));
#4237=CARTESIAN_POINT('Ctrl Pts',(-7.1119098699273,2.64892842473459,-70.2819698156165));
#4238=CARTESIAN_POINT('Ctrl Pts',(-6.48164797875399,2.22711976390013,-75.6879461911557));
#4239=CARTESIAN_POINT('Ctrl Pts',(-6.49992484866224,1.6106805859562,-80.9803554412412));
#4240=CARTESIAN_POINT('Ctrl Pts',(-6.27641529780395,0.969091228824653,-86.2902788372204));
#4241=CARTESIAN_POINT('Ctrl Pts',(-6.05291126115482,0.327502445316455,-91.6002018337815));
#4242=CARTESIAN_POINT('Ctrl Pts',(-7.53597494187378,2.96027662491313,-64.8563324056506));
#4243=CARTESIAN_POINT('Ctrl Pts',(-7.08130653355175,2.65378761585862,-70.2776020060813));
#4244=CARTESIAN_POINT('Ctrl Pts',(-6.47765402030806,2.21011942323246,-75.6808012934841));
#4245=CARTESIAN_POINT('Ctrl Pts',(-6.47236500046144,1.60941129176312,-80.9759061848742));
#4246=CARTESIAN_POINT('Ctrl Pts',(-6.24986107821158,0.978728771531786,-86.2880542459475));
#4247=CARTESIAN_POINT('Ctrl Pts',(-6.02736210978725,0.348046934941006,-91.600201918343));
#4248=CARTESIAN_POINT('Ctrl Pts',(-7.50591351022278,2.99025045937875,-64.8564399854618));
#4249=CARTESIAN_POINT('Ctrl Pts',(-7.05494949866341,2.6572150532359,-70.2736338932939));
#4250=CARTESIAN_POINT('Ctrl Pts',(-6.47509909685889,2.19544913149904,-75.6742800388717));
#4251=CARTESIAN_POINT('Ctrl Pts',(-6.44912145254985,1.60746720851497,-80.9718634458219));
#4252=CARTESIAN_POINT('Ctrl Pts',(-6.22653054181648,0.986277152916619,-86.2860329096268));
#4253=CARTESIAN_POINT('Ctrl Pts',(-6.00394411506348,0.365087854704119,-91.6002019951783));
#4254=CARTESIAN_POINT('Ctrl Pts',(-7.45827168760582,3.03298786819881,-64.8566039498756));
#4255=CARTESIAN_POINT('Ctrl Pts',(-7.01662103857402,2.66118301692943,-70.2675869331271));
#4256=CARTESIAN_POINT('Ctrl Pts',(-6.47288146452482,2.17397980889034,-75.6642550035976));
#4257=CARTESIAN_POINT('Ctrl Pts',(-6.41610187411258,1.60354756033156,-80.9657009324001));
#4258=CARTESIAN_POINT('Ctrl Pts',(-6.1920013418043,0.996162070506111,-86.2829517025697));
#4259=CARTESIAN_POINT('Ctrl Pts',(-5.96790462543022,0.388777423472189,-91.6002021123015));
#4260=CARTESIAN_POINT('Ctrl Pts',(-7.40696449733001,3.07208628503087,-64.8567704775679));
#4261=CARTESIAN_POINT('Ctrl Pts',(-6.98002823044879,2.66362036916264,-70.2614466889453));
#4262=CARTESIAN_POINT('Ctrl Pts',(-6.4732978280499,2.1538110208505,-75.6539560579017));
#4263=CARTESIAN_POINT('Ctrl Pts',(-6.38580763918415,1.59846132634277,-80.9594408529277));
#4264=CARTESIAN_POINT('Ctrl Pts',(-6.15826087253718,1.00404233476648,-86.27982171196));
#4265=CARTESIAN_POINT('Ctrl Pts',(-5.9307173000292,0.409624234235186,-91.600202231279));
#4266=CARTESIAN_POINT('Ctrl Pts',(-7.38946366120976,3.08469783554846,-64.8568261933423));
#4267=CARTESIAN_POINT('Ctrl Pts',(-6.96802063924594,2.66427811149096,-70.2593926264482));
#4268=CARTESIAN_POINT('Ctrl Pts',(-6.47367878454368,2.14713689883048,-75.6504820332242));
#4269=CARTESIAN_POINT('Ctrl Pts',(-6.37600997426043,1.59665511379963,-80.9573460995225));
#4270=CARTESIAN_POINT('Ctrl Pts',(-6.14710662085725,1.00645478517236,-86.2787743513793));
#4271=CARTESIAN_POINT('Ctrl Pts',(-5.91820626039653,0.416255362395057,-91.6002022710914));
#4272=CARTESIAN_POINT('Ctrl Pts',(-7.35368388241611,3.10904468210478,-64.8569379153059));
#4273=CARTESIAN_POINT('Ctrl Pts',(-6.94437124844213,2.66529454573911,-70.2552734319009));
#4274=CARTESIAN_POINT('Ctrl Pts',(-6.47527316640137,2.1346417071324,-75.6435499249592));
#4275=CARTESIAN_POINT('Ctrl Pts',(-6.35701120179333,1.59285917026761,-80.9531460303459));
#4276=CARTESIAN_POINT('Ctrl Pts',(-6.12499333237397,1.01086889615811,-86.2766743494976));
#4277=CARTESIAN_POINT('Ctrl Pts',(-5.89297805727705,0.428879539051556,-91.6002023509169));
#4278=CARTESIAN_POINT('Ctrl Pts',(-7.31638705334717,3.13157038153424,-64.8570498711812));
#4279=CARTESIAN_POINT('Ctrl Pts',(-6.92145563228706,2.66579382387595,-70.2511468416522));
#4280=CARTESIAN_POINT('Ctrl Pts',(-6.4778864007739,2.12252210600934,-75.6364880225012));
#4281=CARTESIAN_POINT('Ctrl Pts',(-6.33919797766032,1.58877332267863,-80.9489359608545));
#4282=CARTESIAN_POINT('Ctrl Pts',(-6.10329075493076,1.01449891004258,-86.2745693462447));
#4283=CARTESIAN_POINT('Ctrl Pts',(-5.86738574937677,0.440225421655938,-91.6002024309326));
#4284=CARTESIAN_POINT('Ctrl Pts',(-7.29736896661497,3.14236015978594,-64.857105392792));
#4285=CARTESIAN_POINT('Ctrl Pts',(-6.91018932507472,2.66595629470858,-70.2491009843649));
#4286=CARTESIAN_POINT('Ctrl Pts',(-6.47928710696224,2.11637160680891,-75.6329278642553));
#4287=CARTESIAN_POINT('Ctrl Pts',(-6.33059327179537,1.58670185098772,-80.9468474791504));
#4288=CARTESIAN_POINT('Ctrl Pts',(-6.09255091946629,1.01613958683406,-86.2735251203655));
#4289=CARTESIAN_POINT('Ctrl Pts',(-5.85451060482248,0.445578255295249,-91.6002024706258));
#4290=CARTESIAN_POINT('Ctrl Pts',(-7.23923914102819,3.17326585446208,-64.8572743922939));
#4291=CARTESIAN_POINT('Ctrl Pts',(-6.87684222155612,2.66591928977031,-70.2428705241238));
#4292=CARTESIAN_POINT('Ctrl Pts',(-6.48601298987926,2.10124797696528,-75.6223892553451));
#4293=CARTESIAN_POINT('Ctrl Pts',(-6.30561314541284,1.58023837747475,-80.940493571372));
#4294=CARTESIAN_POINT('Ctrl Pts',(-6.06064774010995,1.02045721089949,-86.2703482153664));
#4295=CARTESIAN_POINT('Ctrl Pts',(-5.81568380729026,0.460676928563548,-91.6002025913867));
#4296=CARTESIAN_POINT('Ctrl Pts',(-7.17797317531747,3.19960522930792,-64.8574380404665));
#4297=CARTESIAN_POINT('Ctrl Pts',(-6.84515463309338,2.66527008858537,-70.2368395728733));
#4298=CARTESIAN_POINT('Ctrl Pts',(-6.49479085867314,2.08821389827958,-75.6119757742734));
#4299=CARTESIAN_POINT('Ctrl Pts',(-6.28332205093263,1.57387086824645,-80.9343386754047));
#4300=CARTESIAN_POINT('Ctrl Pts',(-6.02983922807182,1.02338686770115,-86.2672708124045));
#4301=CARTESIAN_POINT('Ctrl Pts',(-5.77635736338298,0.47290369139694,-91.6002027083653));
#4302=CARTESIAN_POINT('Ctrl Pts',(-7.13582769138086,3.21499630592426,-64.8575463624134));
#4303=CARTESIAN_POINT('Ctrl Pts',(-6.82454335886698,2.66470921587541,-70.2328489923266));
#4304=CARTESIAN_POINT('Ctrl Pts',(-6.50131388767958,2.08063685435204,-75.6049491986689));
#4305=CARTESIAN_POINT('Ctrl Pts',(-6.26943416600118,1.56986973112627,-80.9302632292777));
#4306=CARTESIAN_POINT('Ctrl Pts',(-6.00972202395004,1.02482707647625,-86.2652331176545));
#4307=CARTESIAN_POINT('Ctrl Pts',(-5.75001051664541,0.479785203521212,-91.6002027858224));
#4308=CARTESIAN_POINT('Ctrl Pts',(-7.07080276813703,3.23462148672931,-64.8577058384044));
#4309=CARTESIAN_POINT('Ctrl Pts',(-6.79425599026646,2.66381727211522,-70.2269761355879));
#4310=CARTESIAN_POINT('Ctrl Pts',(-6.51213201112961,2.07106376583158,-75.5943943242011));
#4311=CARTESIAN_POINT('Ctrl Pts',(-6.24992046264883,1.56446640985088,-80.92426099241));
#4312=CARTESIAN_POINT('Ctrl Pts',(-5.98017482817151,1.02634753993366,-86.2622320385682));
#4313=CARTESIAN_POINT('Ctrl Pts',(-5.71042936551748,0.488229388899461,-91.6002028998997));
#4314=CARTESIAN_POINT('Ctrl Pts',(-7.003315466348,3.24873378727434,-64.8578675904358));
#4315=CARTESIAN_POINT('Ctrl Pts',(-6.76430874712134,2.66322132309411,-70.221024017216));
#4316=CARTESIAN_POINT('Ctrl Pts',(-6.52371306552989,2.06469780822681,-75.5832613526747));
#4317=CARTESIAN_POINT('Ctrl Pts',(-6.23175471071861,1.56048424196393,-80.9181686173977));
#4318=CARTESIAN_POINT('Ctrl Pts',(-5.95134742669167,1.02720138657474,-86.2591858862158));
#4319=CARTESIAN_POINT('Ctrl Pts',(-5.67093987923321,0.4939191941403,-91.6002030156904));
#4320=CARTESIAN_POINT('Ctrl Pts',(-6.98056017127284,3.25280773482105,-64.8579219837643));
#4321=CARTESIAN_POINT('Ctrl Pts',(-6.75431915535473,2.66306859040829,-70.2190230027971));
#4322=CARTESIAN_POINT('Ctrl Pts',(-6.52759094270137,2.06294523790307,-75.5794669127748));
#4323=CARTESIAN_POINT('Ctrl Pts',(-6.22580255774205,1.55933600081918,-80.9161193672441));
#4324=CARTESIAN_POINT('Ctrl Pts',(-5.94180001580843,1.02742429746711,-86.2581612723965));
#4325=CARTESIAN_POINT('Ctrl Pts',(-5.65779706825355,0.4955132395808,-91.6002030546381));
#4326=CARTESIAN_POINT('Ctrl Pts',(-6.94605931973749,3.25794670276981,-64.8580046173289));
#4327=CARTESIAN_POINT('Ctrl Pts',(-6.73927485188452,2.6629340980438,-70.2159839517313));
#4328=CARTESIAN_POINT('Ctrl Pts',(-6.53337010613321,2.06090299660235,-75.5736216358435));
#4329=CARTESIAN_POINT('Ctrl Pts',(-6.21697717842958,1.55792102361932,-80.9130053298655));
#4330=CARTESIAN_POINT('Ctrl Pts',(-5.92755286790485,1.02768853396474,-86.2566042699104));
#4331=CARTESIAN_POINT('Ctrl Pts',(-5.63812794233733,0.497456665784101,-91.6002031138231));
#4332=CARTESIAN_POINT('Ctrl Pts',(-6.91104089091633,3.26158783257308,-64.8580893219884));
#4333=CARTESIAN_POINT('Ctrl Pts',(-6.72402860348932,2.66296567302102,-70.2128700893727));
#4334=CARTESIAN_POINT('Ctrl Pts',(-6.53891667049639,2.05975986926003,-75.5675024102383));
#4335=CARTESIAN_POINT('Ctrl Pts',(-6.20818800055803,1.55701092522106,-80.9098119095071));
#4336=CARTESIAN_POINT('Ctrl Pts',(-5.91336793675377,1.02787482296832,-86.2550075749227));
#4337=CARTESIAN_POINT('Ctrl Pts',(-5.61854705402222,0.498739322499016,-91.6002031745168));
#4338=CARTESIAN_POINT('Ctrl Pts',(-6.88758409070831,3.26367800050125,-64.8581463099183));
#4339=CARTESIAN_POINT('Ctrl Pts',(-6.71380613148454,2.6630250178334,-70.2107754357511));
#4340=CARTESIAN_POINT('Ctrl Pts',(-6.54254110834546,2.05919705519746,-75.5633570829085));
#4341=CARTESIAN_POINT('Ctrl Pts',(-6.20232246976699,1.55651992633247,-80.9076631303673));
#4342=CARTESIAN_POINT('Ctrl Pts',(-5.90391922467163,1.0279840570491,-86.2539331952573));
#4343=CARTESIAN_POINT('Ctrl Pts',(-5.6055150259394,0.49944877749766,-91.6002032153563));
#4344=CARTESIAN_POINT('Ctrl Pts',(-6.86391265172737,3.26508478699727,-64.8582044481828));
#4345=CARTESIAN_POINT('Ctrl Pts',(-6.70344308458188,2.66316577846341,-70.2086391164204));
#4346=CARTESIAN_POINT('Ctrl Pts',(-6.54598167502655,2.05903595413523,-75.5590702729127));
#4347=CARTESIAN_POINT('Ctrl Pts',(-6.19641940273552,1.55626964266826,-80.9054703718009));
#4348=CARTESIAN_POINT('Ctrl Pts',(-5.8944758606712,1.02806926427012,-86.2528368254355));
#4349=CARTESIAN_POINT('Ctrl Pts',(-5.59253123261976,0.499869465918518,-91.6002032570316));
#4350=CARTESIAN_POINT('Ctrl Pts',(-6.84004250209588,3.26579053436977,-64.858263966954));
#4351=CARTESIAN_POINT('Ctrl Pts',(-6.6928833908312,2.66339226134123,-70.2064527032177));
#4352=CARTESIAN_POINT('Ctrl Pts',(-6.54914666066351,2.05927194010084,-75.5546222279944));
#4353=CARTESIAN_POINT('Ctrl Pts',(-6.19041944357119,1.55627321988354,-80.9032249234605));
#4354=CARTESIAN_POINT('Ctrl Pts',(-5.88501245635989,1.0281397034005,-86.2517141102901));
#4355=CARTESIAN_POINT('Ctrl Pts',(-5.57960425313371,0.500006760138687,-91.6002032997084));
#4356=CARTESIAN_POINT('Ctrl Pts',(-6.82805978142013,3.26592448312118,-64.8582894292076));
#4357=CARTESIAN_POINT('Ctrl Pts',(-6.68754706812745,2.6650497849676,-70.2055174622513));
#4358=CARTESIAN_POINT('Ctrl Pts',(-6.55064813265073,2.06262559604711,-75.5527089180461));
#4359=CARTESIAN_POINT('Ctrl Pts',(-6.18738747960875,1.55790438941552,-80.9022642068682));
#4360=CARTESIAN_POINT('Ctrl Pts',(-5.88027238084995,1.02895453790755,-86.2512337557388));
#4361=CARTESIAN_POINT('Ctrl Pts',(-5.57315600164226,0.500005238955186,-91.6002033179677));
#4362=CARTESIAN_POINT('Ctrl Pts',(-6.81463399415438,3.26596618708272,-64.858328747698));
#4363=CARTESIAN_POINT('Ctrl Pts',(-6.68151940930332,2.66351833578721,-70.2040735127561));
#4364=CARTESIAN_POINT('Ctrl Pts',(-6.55221975111567,2.05945844851236,-75.5497320973728));
#4365=CARTESIAN_POINT('Ctrl Pts',(-6.18395870858242,1.55629911071024,-80.9007804469029));
#4366=CARTESIAN_POINT('Ctrl Pts',(-5.8749683745497,1.02811234737344,-86.2504918812907));
#4367=CARTESIAN_POINT('Ctrl Pts',(-5.56597668879621,0.499926154809148,-91.6002033461679));
#4368=CARTESIAN_POINT('Ctrl Pts',(-6.81323643928801,3.26597149277211,-64.8583329721493));
#4369=CARTESIAN_POINT('Ctrl Pts',(-6.68089167710011,2.66332030101754,-70.2039183742324));
#4370=CARTESIAN_POINT('Ctrl Pts',(-6.55238263289817,2.05904748621899,-75.5494120672202));
#4371=CARTESIAN_POINT('Ctrl Pts',(-6.18360153019164,1.55609231218119,-80.9006210269487));
#4372=CARTESIAN_POINT('Ctrl Pts',(-5.87441616295102,1.02800481455889,-86.250412171906));
#4373=CARTESIAN_POINT('Ctrl Pts',(-5.56522943657708,0.499917890101412,-91.6002033491979));
#4374=CARTESIAN_POINT('Ctrl Pts',(-6.81190189833983,3.26596027337852,-64.8583369052011));
#4375=CARTESIAN_POINT('Ctrl Pts',(-6.67794701868774,2.6637258577814,-70.2037739290792));
#4376=CARTESIAN_POINT('Ctrl Pts',(-6.5477714791921,2.05988735882283,-75.5491148600917));
#4377=CARTESIAN_POINT('Ctrl Pts',(-6.18086364485326,1.55650590332349,-80.9004726114873));
#4378=CARTESIAN_POINT('Ctrl Pts',(-5.87267362755698,1.028207457537,-86.2503379647353));
#4379=CARTESIAN_POINT('Ctrl Pts',(-5.56448227114909,0.499909580004452,-91.6002033520187));
#4380=CARTESIAN_POINT('Ctrl Pts',(-6.45947338470337,3.26578241242004,-64.8593836138899));
#4381=CARTESIAN_POINT('Ctrl Pts',(-6.31952583309489,2.66778788403774,-70.1653338013328));
#4382=CARTESIAN_POINT('Ctrl Pts',(-6.18210719777499,2.06831274879031,-75.4698998376939));
#4383=CARTESIAN_POINT('Ctrl Pts',(-5.88628178792653,1.55986041690645,-80.860973348962));
#4384=CARTESIAN_POINT('Ctrl Pts',(-5.62974675680425,1.02881772284585,-86.2305884811616));
#4385=CARTESIAN_POINT('Ctrl Pts',(-5.37321082963023,0.4977755439784,-91.6002041027385));
#4386=CARTESIAN_POINT('Ctrl Pts',(-6.10227174229394,3.25999844387037,-64.8606026556828));
#4387=CARTESIAN_POINT('Ctrl Pts',(-5.95630917576895,2.66686628692734,-70.1205646880237));
#4388=CARTESIAN_POINT('Ctrl Pts',(-5.8115764483489,2.07244859243817,-75.3776513812035));
#4389=CARTESIAN_POINT('Ctrl Pts',(-5.58987701677738,1.55959387519446,-80.8149709068121));
#4390=CARTESIAN_POINT('Ctrl Pts',(-5.38726853683059,1.02651689477517,-86.207587432189));
#4391=CARTESIAN_POINT('Ctrl Pts',(-5.18465962149781,0.493440375542425,-91.6002049770572));
#4392=CARTESIAN_POINT('Ctrl Pts',(-5.74222760906228,3.24838674691306,-64.8619728232489));
#4393=CARTESIAN_POINT('Ctrl Pts',(-5.59033850018506,2.66068039404644,-70.0702454287329));
#4394=CARTESIAN_POINT('Ctrl Pts',(-5.43834035275491,2.0719488376312,-75.2739739566028));
#4395=CARTESIAN_POINT('Ctrl Pts',(-5.29308970616382,1.55556050801964,-80.7632655730035));
#4396=CARTESIAN_POINT('Ctrl Pts',(-5.14616479542149,1.02129256203973,-86.1817349588024));
#4397=CARTESIAN_POINT('Ctrl Pts',(-4.99923992286223,0.487025023820195,-91.6002059597647));
#4398=CARTESIAN_POINT('Ctrl Pts',(-5.01333327162497,3.21294572105139,-64.86500065555));
#4399=CARTESIAN_POINT('Ctrl Pts',(-4.84987267181434,2.63720883274752,-69.9590484760635));
#4400=CARTESIAN_POINT('Ctrl Pts',(-4.68353734712487,2.06109176461637,-75.0448771408329));
#4401=CARTESIAN_POINT('Ctrl Pts',(-4.69587574789328,1.53964095112148,-80.649005895892));
#4402=CARTESIAN_POINT('Ctrl Pts',(-4.66388588232007,1.00487404925474,-86.1246055480237));
#4403=CARTESIAN_POINT('Ctrl Pts',(-4.63189702769209,0.470107451072968,-91.6002081313749));
#4404=CARTESIAN_POINT('Ctrl Pts',(-4.27201297626225,3.15247527848658,-64.8685331981241));
#4405=CARTESIAN_POINT('Ctrl Pts',(-4.09794168269016,2.59076389745194,-69.8293158388575));
#4406=CARTESIAN_POINT('Ctrl Pts',(-3.9180795943064,2.02954867652098,-74.7776138011876));
#4407=CARTESIAN_POINT('Ctrl Pts',(-4.09506950723937,1.50757319491745,-80.5157004660506));
#4408=CARTESIAN_POINT('Ctrl Pts',(-4.18350147229157,0.976418828421142,-86.0579533324277));
#4409=CARTESIAN_POINT('Ctrl Pts',(-4.27193545698591,0.445264671257008,-91.6002106649673));
#4410=CARTESIAN_POINT('Ctrl Pts',(-3.89811132820196,3.11573838979399,-64.8704143170168));
#4411=CARTESIAN_POINT('Ctrl Pts',(-3.71905363042493,2.56153428139128,-69.7602317194143));
#4412=CARTESIAN_POINT('Ctrl Pts',(-3.53270965657995,2.00829999290501,-74.6352951279472));
#4413=CARTESIAN_POINT('Ctrl Pts',(-3.79352170084587,1.48734333934131,-80.4447138380266));
#4414=CARTESIAN_POINT('Ctrl Pts',(-3.94335071732531,0.959113519596972,-86.0224602843349));
#4415=CARTESIAN_POINT('Ctrl Pts',(-4.09318226487065,0.430883865723097,-91.6002120141334));
#4416=CARTESIAN_POINT('Ctrl Pts',(-2.77081031839878,2.98591667995265,-64.876346013057));
#4417=CARTESIAN_POINT('Ctrl Pts',(-2.57804575524464,2.4555662420027,-69.5423897906179));
#4418=CARTESIAN_POINT('Ctrl Pts',(-2.3734232006603,1.92787505911532,-74.1865528291543));
#4419=CARTESIAN_POINT('Ctrl Pts',(-2.88835093333866,1.41392391763243,-80.2208733662364));
#4420=CARTESIAN_POINT('Ctrl Pts',(-3.22462235721373,0.897985168892939,-85.910540887274));
#4421=CARTESIAN_POINT('Ctrl Pts',(-3.56089785550364,0.382046465481596,-91.6002162684275));
#4422=CARTESIAN_POINT('Ctrl Pts',(-1.63299077765822,2.79701451405586,-64.883005187434));
#4423=CARTESIAN_POINT('Ctrl Pts',(-1.43107027993511,2.29420338283786,-69.2978310304237));
#4424=CARTESIAN_POINT('Ctrl Pts',(-1.21248327905774,1.79599558619667,-73.6827889006498));
#4425=CARTESIAN_POINT('Ctrl Pts',(-1.98534414707448,1.30190846571582,-79.9695806667738));
#4426=CARTESIAN_POINT('Ctrl Pts',(-2.51187786534882,0.809103169862514,-85.7848954794013));
#4427=CARTESIAN_POINT('Ctrl Pts',(-3.03841720133137,0.31629784477446,-91.6002210444764));
#4428=CARTESIAN_POINT('Ctrl Pts',(-0.875349371591527,2.64459730204716,-64.8875954406151));
#4429=CARTESIAN_POINT('Ctrl Pts',(-0.669794617188783,2.16167912335472,-69.1292536843801));
#4430=CARTESIAN_POINT('Ctrl Pts',(-0.444396175591816,1.68458411418051,-73.3355284162585));
#4431=CARTESIAN_POINT('Ctrl Pts',(-1.38737508712256,1.20989338936586,-79.7963613276779));
#4432=CARTESIAN_POINT('Ctrl Pts',(-2.03996823150939,0.737498599209857,-85.6982864589812));
#4433=CARTESIAN_POINT('Ctrl Pts',(-2.69256799840019,0.265103756691023,-91.6002243366692));
#4434=CARTESIAN_POINT('Ctrl Pts',(0.250325962426243,2.37754897000816,-64.8947499008765));
#4435=CARTESIAN_POINT('Ctrl Pts',(0.45541546261079,1.9255464862915,-68.8665058802161));
#4436=CARTESIAN_POINT('Ctrl Pts',(0.685077541163958,1.48102489283813,-72.79426127325));
#4437=CARTESIAN_POINT('Ctrl Pts',(-0.50346653769256,1.04532965122129,-79.5263779975718));
#4438=CARTESIAN_POINT('Ctrl Pts',(-1.33929327187009,0.611206011675599,-85.5632958054491));
#4439=CARTESIAN_POINT('Ctrl Pts',(-2.17512805007845,0.177082336285502,-91.6002294679506));
#4440=CARTESIAN_POINT('Ctrl Pts',(1.34410851216689,2.05723966917735,-64.9016935701839));
#4441=CARTESIAN_POINT('Ctrl Pts',(1.54000817617569,1.63833146003839,-68.6115002077112));
#4442=CARTESIAN_POINT('Ctrl Pts',(1.76468404694361,1.22775825564914,-72.2688638682452));
#4443=CARTESIAN_POINT('Ctrl Pts',(0.352653372918614,0.843783140861775,-79.2643483403336));
#4444=CARTESIAN_POINT('Ctrl Pts',(-0.652111305860424,0.457533064967923,
-85.432281957686));
#4445=CARTESIAN_POINT('Ctrl Pts',(-1.65688527270063,0.0712830409535444,
-91.6002344480653));
#4446=CARTESIAN_POINT('Ctrl Pts',(1.70456240477782,1.94497840745141,-64.9039668534887));
#4447=CARTESIAN_POINT('Ctrl Pts',(1.8962868413118,1.53740090648295,-68.5280141589432));
#4448=CARTESIAN_POINT('Ctrl Pts',(2.1181141692116,1.13835489126984,-72.0968459336277));
#4449=CARTESIAN_POINT('Ctrl Pts',(0.634480202571366,0.772801085600235,-79.1785625358594));
#4450=CARTESIAN_POINT('Ctrl Pts',(-0.424721190558178,0.403413596306792,
-85.389389376477));
#4451=CARTESIAN_POINT('Ctrl Pts',(-1.48393226324793,0.0340261944407576,
-91.6002360785034));
#4452=CARTESIAN_POINT('Ctrl Pts',(2.41616564140498,1.71030867590555,-64.9083951700087));
#4453=CARTESIAN_POINT('Ctrl Pts',(2.59703062035468,1.32610558956216,-68.3653849559733));
#4454=CARTESIAN_POINT('Ctrl Pts',(2.8104708290132,0.950653218322806,-71.7617415908169));
#4455=CARTESIAN_POINT('Ctrl Pts',(1.19027170814271,0.623803429804527,-79.0114531024723));
#4456=CARTESIAN_POINT('Ctrl Pts',(0.0265079723045256,0.289599267445993,
-85.3058352849583));
#4457=CARTESIAN_POINT('Ctrl Pts',(-1.13726617294636,-0.044604727192844,
-91.6002392545719));
#4458=CARTESIAN_POINT('Ctrl Pts',(3.10744781951061,1.45697773406849,-64.912515578694));
#4459=CARTESIAN_POINT('Ctrl Pts',(3.27186511763371,1.09780391071269,-68.2140639629995));
#4460=CARTESIAN_POINT('Ctrl Pts',(3.47090468923263,0.747259088326262,-71.4499052188336));
#4461=CARTESIAN_POINT('Ctrl Pts',(1.7290922100004,0.461766532201419,-78.8559627129096));
#4462=CARTESIAN_POINT('Ctrl Pts',(0.470473101888041,0.164909034393869,-85.2280906715223));
#4463=CARTESIAN_POINT('Ctrl Pts',(-0.788157025876609,-0.131948204229495,
-91.6002422098099));
#4464=CARTESIAN_POINT('Ctrl Pts',(3.44758066612879,1.32605635078356,-64.9144385094567));
#4465=CARTESIAN_POINT('Ctrl Pts',(3.60223402612928,0.97982691811121,-68.1434448877815));
#4466=CARTESIAN_POINT('Ctrl Pts',(3.79241244871897,0.642089661888977,-71.3043682479085));
#4467=CARTESIAN_POINT('Ctrl Pts',(1.99394757764285,0.377704242053213,-78.7833976807363));
#4468=CARTESIAN_POINT('Ctrl Pts',(0.690598954779946,0.0998931652531863,
-85.1918084266541));
#4469=CARTESIAN_POINT('Ctrl Pts',(-0.612760959647027,-0.177917605366224,
-91.600243588975));
#4470=CARTESIAN_POINT('Ctrl Pts',(4.11614180531405,1.05649265151371,-64.9182287882392));
#4471=CARTESIAN_POINT('Ctrl Pts',(4.24790490524557,0.737372933817899,-68.0042482089919));
#4472=CARTESIAN_POINT('Ctrl Pts',(4.416717534279,0.426277787737113,-71.0174812379916));
#4473=CARTESIAN_POINT('Ctrl Pts',(2.51407380585512,0.204199561266171,-78.6403649170974));
#4474=CARTESIAN_POINT('Ctrl Pts',(1.12718670142851,-0.0352971362876008,
-85.1202925792109));
#4475=CARTESIAN_POINT('Ctrl Pts',(-0.259712165284208,-0.274793436601033,
-91.6002463074444));
#4476=CARTESIAN_POINT('Ctrl Pts',(4.76025128824261,0.773052286007907,-64.9213271573908));
#4477=CARTESIAN_POINT('Ctrl Pts',(4.86182327776612,0.483218989842328,-67.890462057006));
#4478=CARTESIAN_POINT('Ctrl Pts',(5.00136209708189,0.200655034907268,-70.7829289242989));
#4479=CARTESIAN_POINT('Ctrl Pts',(3.01435699370991,0.0202616044962131,-78.5234421892943));
#4480=CARTESIAN_POINT('Ctrl Pts',(1.55679081635601,-0.181081885271285,-85.0618316517347));
#4481=CARTESIAN_POINT('Ctrl Pts',(0.0992125646790174,-0.38242489725727,
-91.6002485296684));
#4482=CARTESIAN_POINT('Ctrl Pts',(5.0759298231495,0.628246768407623,-64.9227083845768));
#4483=CARTESIAN_POINT('Ctrl Pts',(5.1605373203585,0.353816685129689,-67.8397372545528));
#4484=CARTESIAN_POINT('Ctrl Pts',(5.28339906260861,0.086203872518404,-70.6783564506108));
#4485=CARTESIAN_POINT('Ctrl Pts',(3.25946941130135,-0.0739525187158056,
-78.4713188949838));
#4486=CARTESIAN_POINT('Ctrl Pts',(1.7699830821804,-0.256551481850002,-85.0357701990117));
#4487=CARTESIAN_POINT('Ctrl Pts',(0.280484564606702,-0.439149933164494,
-91.6002495203196));
#4488=CARTESIAN_POINT('Ctrl Pts',(5.5396133634071,0.406970224178384,-64.9245358195853));
#4489=CARTESIAN_POINT('Ctrl Pts',(5.59590490576281,0.157108332276725,-67.7726259023708));
#4490=CARTESIAN_POINT('Ctrl Pts',(5.69060675256986,-0.0867118789447066,
-70.5399842904561));
#4491=CARTESIAN_POINT('Ctrl Pts',(3.61959906879662,-0.218135811971375,-78.4023568988298));
#4492=CARTESIAN_POINT('Ctrl Pts',(2.08765503903235,-0.373571360417465,-85.0012894579855));
#4493=CARTESIAN_POINT('Ctrl Pts',(0.555698715444639,-0.529006361260189,
-91.6002508310058));
#4494=CARTESIAN_POINT('Ctrl Pts',(5.98832654129733,0.180404391116433,-64.9260079407629));
#4495=CARTESIAN_POINT('Ctrl Pts',(6.0119000802753,-0.0422083816308036,-67.7185635377506));
#4496=CARTESIAN_POINT('Ctrl Pts',(6.0735765332319,-0.259719154208111,-70.4284862173574));
#4497=CARTESIAN_POINT('Ctrl Pts',(3.96858563746926,-0.365912471781369,-78.3468030820827));
#4498=CARTESIAN_POINT('Ctrl Pts',(2.40273674621085,-0.496321986474497,-84.9735127563495));
#4499=CARTESIAN_POINT('Ctrl Pts',(0.836875559342265,-0.626730948898263,
-91.6002518868573));
#4500=CARTESIAN_POINT('Ctrl Pts',(6.21016982207059,0.0663076855030068,-64.926685723607));
#4501=CARTESIAN_POINT('Ctrl Pts',(6.21664252535502,-0.142193190386066,-67.6936726215173));
#4502=CARTESIAN_POINT('Ctrl Pts',(6.26098170858349,-0.346092039591023,-70.377144854513));
#4503=CARTESIAN_POINT('Ctrl Pts',(4.14123552073893,-0.440341379741935,-78.3212253503977));
#4504=CARTESIAN_POINT('Ctrl Pts',(2.55989459261732,-0.558653050912982,-84.9607239856217));
#4505=CARTESIAN_POINT('Ctrl Pts',(0.978541385687698,-0.676964173323537,
-91.6002523729856));
#4506=CARTESIAN_POINT('Ctrl Pts',(6.42822739230978,-0.0489097193980728,
-64.9272775016964));
#4507=CARTESIAN_POINT('Ctrl Pts',(6.4164742292387,-0.242506966282933,-67.6719402549903));
#4508=CARTESIAN_POINT('Ctrl Pts',(6.44222074127845,-0.432049214993527,-70.332308067675));
#4509=CARTESIAN_POINT('Ctrl Pts',(4.31115085863238,-0.515497343903823,-78.2988931039245));
#4510=CARTESIAN_POINT('Ctrl Pts',(2.71655954519328,-0.622423873089411,-84.9495579453172));
#4511=CARTESIAN_POINT('Ctrl Pts',(1.12195599688614,-0.729349866831353,-91.6002527974306));
#4512=CARTESIAN_POINT('Ctrl Pts',(6.6424929918412,-0.165100445767079,-64.9277853927744));
#4513=CARTESIAN_POINT('Ctrl Pts',(6.61137060927221,-0.342911129811533,-67.653288667838));
#4514=CARTESIAN_POINT('Ctrl Pts',(6.61723666996149,-0.517269083795765,-70.2938152775861));
#4515=CARTESIAN_POINT('Ctrl Pts',(4.47839217534096,-0.59126013809742,-78.2797264229362));
#4516=CARTESIAN_POINT('Ctrl Pts',(2.87286668690122,-0.687651338098385,-84.9399746758678));
#4517=CARTESIAN_POINT('Ctrl Pts',(1.26732903565018,-0.784042027246013,-91.600253161711));
#4518=CARTESIAN_POINT('Ctrl Pts',(6.78449424408642,-0.242766402977409,-64.9281055021391));
#4519=CARTESIAN_POINT('Ctrl Pts',(6.74020361244538,-0.409849749548893,-67.6415331332007));
#4520=CARTESIAN_POINT('Ctrl Pts',(6.73252748571644,-0.573894712943761,-70.2695513033853));
#4521=CARTESIAN_POINT('Ctrl Pts',(4.58929718688802,-0.641894816380198,-78.2676461746273));
#4522=CARTESIAN_POINT('Ctrl Pts',(2.97700240945703,-0.731461548709723,-84.9339345964569));
#4523=CARTESIAN_POINT('Ctrl Pts',(1.36469552357229,-0.821027789194829,-91.6002533913072));
#4524=CARTESIAN_POINT('Ctrl Pts',(6.92481217701359,-0.320821861482431,-64.9283889558668));
#4525=CARTESIAN_POINT('Ctrl Pts',(6.86683971620301,-0.476758427853196,-67.6311237908062));
#4526=CARTESIAN_POINT('Ctrl Pts',(6.84503919512646,-0.630098168582505,-70.2480593030134));
#4527=CARTESIAN_POINT('Ctrl Pts',(4.69903493692612,-0.692764794194543,-78.2569491643925));
#4528=CARTESIAN_POINT('Ctrl Pts',(3.08102193527814,-0.775925864258006,-84.9285861308872));
#4529=CARTESIAN_POINT('Ctrl Pts',(1.46299689232305,-0.859086466928981,-91.6002535946137));
#4530=CARTESIAN_POINT('Ctrl Pts',(6.99455071582782,-0.359941619608856,-64.9285215962521));
#4531=CARTESIAN_POINT('Ctrl Pts',(6.92960890572248,-0.510195436790872,-67.6262528626734));
#4532=CARTESIAN_POINT('Ctrl Pts',(6.9005692245735,-0.658134420680465,-70.23799681202));
#4533=CARTESIAN_POINT('Ctrl Pts',(4.75361478165963,-0.718254357275867,-78.2519435088844));
#4534=CARTESIAN_POINT('Ctrl Pts',(3.13300811911274,-0.798322457531294,-84.9260833215787));
#4535=CARTESIAN_POINT('Ctrl Pts',(1.51238945273973,-0.878390102852536,-91.6002536897508));
#4536=CARTESIAN_POINT('Ctrl Pts',(7.06386963726732,-0.399147955717944,-64.9286452381996));
#4537=CARTESIAN_POINT('Ctrl Pts',(6.99182337020317,-0.543616850223991,-67.6217120761329));
#4538=CARTESIAN_POINT('Ctrl Pts',(6.95564982190748,-0.685604343557736,-70.2286457140529));
#4539=CARTESIAN_POINT('Ctrl Pts',(4.80790864494282,-0.74379435778418,-78.2472777422241));
#4540=CARTESIAN_POINT('Ctrl Pts',(3.18497642661526,-0.820884537067615,-84.9237504557626));
#4541=CARTESIAN_POINT('Ctrl Pts',(1.56203223955575,-0.897974285317432,-91.600253778428));
#4542=CARTESIAN_POINT('Ctrl Pts',(7.17450234272023,-0.462232340733299,-64.9288294180786));
#4543=CARTESIAN_POINT('Ctrl Pts',(7.09084808849054,-0.59721179950938,-67.6149485833034));
#4544=CARTESIAN_POINT('Ctrl Pts',(7.04255305632242,-0.730225936219619,-70.2146629149205));
#4545=CARTESIAN_POINT('Ctrl Pts',(4.89463417243681,-0.784878258745264,-78.2403269525266));
#4546=CARTESIAN_POINT('Ctrl Pts',(3.26840248706951,-0.857379982380255,-84.9202750864113));
#4547=CARTESIAN_POINT('Ctrl Pts',(1.64215890416485,-0.92988129894502,-91.6002539105342));
#4548=CARTESIAN_POINT('Ctrl Pts',(7.21574250801553,-0.485748881317327,-64.9288956148204));
#4549=CARTESIAN_POINT('Ctrl Pts',(7.12766376867285,-0.617102949160605,-67.6125178320327));
#4550=CARTESIAN_POINT('Ctrl Pts',(7.07464145773975,-0.746863666486919,-70.2096242081074));
#4551=CARTESIAN_POINT('Ctrl Pts',(4.9270614476838,-0.800187468976845,-78.2378286075002));
#4552=CARTESIAN_POINT('Ctrl Pts',(3.29980255484562,-0.871081936953446,-84.9190259229165));
#4553=CARTESIAN_POINT('Ctrl Pts',(1.67253179562484,-0.941976004216493,-91.6002539580175));
#4554=CARTESIAN_POINT('Ctrl Pts',(7.2564868123958,-0.508992740849772,-64.9289636143033));
#4555=CARTESIAN_POINT('Ctrl Pts',(7.16478387740971,-0.636815776928129,-67.6100205821739));
#4556=CARTESIAN_POINT('Ctrl Pts',(7.10806376827997,-0.763013483181767,-70.2044765945932));
#4557=CARTESIAN_POINT('Ctrl Pts',(4.96006644131345,-0.8154432106938,-78.2352625212042));
#4558=CARTESIAN_POINT('Ctrl Pts',(3.33156608243585,-0.884786859812396,-84.9177428893475));
#4559=CARTESIAN_POINT('Ctrl Pts',(1.7030538759711,-0.954130123195058,-91.6002540067884));
#4560=CARTESIAN_POINT('Ctrl Pts',(7.57892700693461,-0.692881357551283,-64.929485190658));
#4561=CARTESIAN_POINT('Ctrl Pts',(7.45312204971852,-0.791817968530557,-67.59086711762));
#4562=CARTESIAN_POINT('Ctrl Pts',(7.36067676721473,-0.890524549484244,-70.1648813768805));
#4563=CARTESIAN_POINT('Ctrl Pts',(5.21725482862679,-0.935821886988021,-78.2155787055252));
#4564=CARTESIAN_POINT('Ctrl Pts',(3.58285047210667,-0.993832335210086,-84.9079010537415));
#4565=CARTESIAN_POINT('Ctrl Pts',(1.9484345069914,-1.05184249349882,-91.6002543808975));
#4566=CARTESIAN_POINT('Ctrl Pts',(7.8733930826349,-0.860808155238563,-64.9299237870638));
#4567=CARTESIAN_POINT('Ctrl Pts',(7.71008678551863,-0.930045993957255,-67.574760943362));
#4568=CARTESIAN_POINT('Ctrl Pts',(7.57814102500203,-1.00032488489401,-70.1315781565825));
#4569=CARTESIAN_POINT('Ctrl Pts',(5.4579623899163,-1.04727961242694,-78.1990264000928));
#4570=CARTESIAN_POINT('Ctrl Pts',(3.83074652561483,-1.10034949497638,-84.8996249616847));
#4571=CARTESIAN_POINT('Ctrl Pts',(2.20351941886267,-1.15341923806409,-91.6002546954893));
#4572=CARTESIAN_POINT('Ctrl Pts',(8.11567696654034,-0.998968852544127,-64.9302543664747));
#4573=CARTESIAN_POINT('Ctrl Pts',(7.91840069348265,-1.04229311016485,-67.562621411576));
#4574=CARTESIAN_POINT('Ctrl Pts',(7.75056177094191,-1.08766773556061,-70.1064736921967));
#4575=CARTESIAN_POINT('Ctrl Pts',(5.66123524775543,-1.14082049147478,-78.1865505438482));
#4576=CARTESIAN_POINT('Ctrl Pts',(4.04789317400638,-1.19311699127386,-84.8933870792479));
#4577=CARTESIAN_POINT('Ctrl Pts',(2.43454024501254,-1.24541351059986,-91.6002549326044));
#4578=CARTESIAN_POINT('Ctrl Pts',(8.611663465477,-1.28178413943745,-64.9308709222878));
#4579=CARTESIAN_POINT('Ctrl Pts',(8.34221597702525,-1.27122434906904,-67.5399802572053));
#4580=CARTESIAN_POINT('Ctrl Pts',(8.09793990788776,-1.26463057759994,-70.0596521175755));
#4581=CARTESIAN_POINT('Ctrl Pts',(6.09015850957949,-1.33761093883006,-78.1632821222201));
#4582=CARTESIAN_POINT('Ctrl Pts',(4.51831602990214,-1.39343796068583,-84.8817529536428));
#4583=CARTESIAN_POINT('Ctrl Pts',(2.94646360825426,-1.44926537373682,-91.6002553748423));
#4584=CARTESIAN_POINT('Ctrl Pts',(9.07234372551255,-1.54443413478722,-64.9313381778097));
#4585=CARTESIAN_POINT('Ctrl Pts',(8.73869887935388,-1.48670625214607,-67.5228215208077));
#4586=CARTESIAN_POINT('Ctrl Pts',(8.42610512123997,-1.43425295420269,-70.0241858754811));
#4587=CARTESIAN_POINT('Ctrl Pts',(6.51973352360653,-1.5345603813437,-78.1456483800049));
#4588=CARTESIAN_POINT('Ctrl Pts',(5.00650645868014,-1.60078386997604,-84.872936147304));
#4589=CARTESIAN_POINT('Ctrl Pts',(3.49327042774742,-1.66700813592001,-91.6002557099878));
#4590=CARTESIAN_POINT('Ctrl Pts',(9.3126781763408,-1.68144484002564,-64.9315908651038));
#4591=CARTESIAN_POINT('Ctrl Pts',(8.94915012479445,-1.60163443137501,-67.5135420809863));
#4592=CARTESIAN_POINT('Ctrl Pts',(8.60461872464501,-1.52768039411298,-70.0050210984539));
#4593=CARTESIAN_POINT('Ctrl Pts',(6.75380499307497,-1.64237041379966,-78.1361123790207));
#4594=CARTESIAN_POINT('Ctrl Pts',(5.27410939118785,-1.71464592648142,-84.8681681820054));
#4595=CARTESIAN_POINT('Ctrl Pts',(3.79440532562617,-1.78692240646037,-91.6002558912284));
#4596=CARTESIAN_POINT('Ctrl Pts',(10.0243704497965,-2.08718256167572,-64.9321310112803));
#4597=CARTESIAN_POINT('Ctrl Pts',(9.5913835799009,-1.95232223210016,-67.4937058478797));
#4598=CARTESIAN_POINT('Ctrl Pts',(9.17248671317449,-1.82388157319561,-69.9640952265012));
#4599=CARTESIAN_POINT('Ctrl Pts',(7.48107446691161,-1.97799247720634,-78.1157285827922));
#4600=CARTESIAN_POINT('Ctrl Pts',(6.10221843138675,-2.06741425954871,-84.857976359576));
#4601=CARTESIAN_POINT('Ctrl Pts',(4.72335526774394,-2.15683751717978,-91.6002562786412));
#4602=CARTESIAN_POINT('Ctrl Pts',(10.7081775364263,-2.47699024175425,-64.9329803152994));
#4603=CARTESIAN_POINT('Ctrl Pts',(10.2837981407015,-2.33341715541891,-67.4625142119245));
#4604=CARTESIAN_POINT('Ctrl Pts',(9.87224074583558,-2.19513116021401,-69.8999275039558));
#4605=CARTESIAN_POINT('Ctrl Pts',(8.29573575889334,-2.3609272812052,-78.0836798352553));
#4606=CARTESIAN_POINT('Ctrl Pts',(7.00532812924896,-2.45630471136571,-84.841952106841));
#4607=CARTESIAN_POINT('Ctrl Pts',(5.71491397490398,-2.55168374748307,-91.6002568877571));
#4608=CARTESIAN_POINT('Ctrl Pts',(11.163954181375,-2.73678785299899,-64.9333177331674));
#4609=CARTESIAN_POINT('Ctrl Pts',(10.7966409122445,-2.61742531196665,-67.4501212853515));
#4610=CARTESIAN_POINT('Ctrl Pts',(10.4439700815919,-2.50185086075991,-69.8745170005953));
#4611=CARTESIAN_POINT('Ctrl Pts',(8.89074545805308,-2.64655495248216,-78.0709481324149));
#4612=CARTESIAN_POINT('Ctrl Pts',(7.63306754074872,-2.73062044149589,-84.8355863044241));
#4613=CARTESIAN_POINT('Ctrl Pts',(6.37538288324259,-2.8146873134237,-91.6002571297347));
#4614=CARTESIAN_POINT('Ctrl Pts',(11.6332063721982,-3.00424135554386,-64.9330601779208));
#4615=CARTESIAN_POINT('Ctrl Pts',(11.3909190738575,-2.94853328985804,-67.4595781995279));
#4616=CARTESIAN_POINT('Ctrl Pts',(11.1687755658194,-2.89436824292129,-69.8941721657864));
#4617=CARTESIAN_POINT('Ctrl Pts',(9.55402002369632,-2.9732763684132,-78.0806691103314));
#4618=CARTESIAN_POINT('Ctrl Pts',(8.28364990514092,-3.02098738736996,-84.8404467588589));
#4619=CARTESIAN_POINT('Ctrl Pts',(7.01327193257289,-3.06869911780299,-91.6002569449785));
#4620=CARTESIAN_POINT('Ctrl Pts',(12.1322962010582,-3.28867111270747,-64.9318395428975));
#4621=CARTESIAN_POINT('Ctrl Pts',(12.0999569413432,-3.34566352323583,-67.5044037459483));
#4622=CARTESIAN_POINT('Ctrl Pts',(12.0979528852031,-3.40119445243203,-69.9867361639727));
#4623=CARTESIAN_POINT('Ctrl Pts',(10.3064475399057,-3.35398439688069,-78.1267337163679));
#4624=CARTESIAN_POINT('Ctrl Pts',(8.95967220930661,-3.33072718744641,-84.863478891719));
#4625=CARTESIAN_POINT('Ctrl Pts',(7.61288673624669,-3.30746943174742,-91.6002560694782));
#4626=CARTESIAN_POINT('Ctrl Pts',(12.1330768997094,-3.28912708599699,-64.9318376221474));
#4627=CARTESIAN_POINT('Ctrl Pts',(12.1010678069609,-3.3462967395978,-67.5044742819179));
#4628=CARTESIAN_POINT('Ctrl Pts',(12.0994099612095,-3.40200016838078,-69.9868818192474));
#4629=CARTESIAN_POINT('Ctrl Pts',(10.3076256322443,-3.3545929689569,-78.1268062020733));
#4630=CARTESIAN_POINT('Ctrl Pts',(8.96072937918445,-3.33122504760287,-84.8635151343039));
#4631=CARTESIAN_POINT('Ctrl Pts',(7.61382298005903,-3.30785657801298,-91.6002560681005));
#4632=CARTESIAN_POINT('Ctrl Pts',(12.133929373239,-3.28955035252259,-64.9318375256627));
#4633=CARTESIAN_POINT('Ctrl Pts',(12.0994002386523,-3.34846544769927,-67.5044779951217));
#4634=CARTESIAN_POINT('Ctrl Pts',(12.094892067363,-3.40624263113296,-69.986873186682));
#4635=CARTESIAN_POINT('Ctrl Pts',(10.3059425623394,-3.35678611084068,-78.1268096762921));
#4636=CARTESIAN_POINT('Ctrl Pts',(8.96035283087257,-3.33252105526938,-84.8635168712224));
#4637=CARTESIAN_POINT('Ctrl Pts',(7.6147529881945,-3.30825542518549,-91.6002560680345));
#4638=CARTESIAN_POINT('Ctrl Pts',(12.1371243871673,-3.29139236004904,-64.9318321059339));
#4639=CARTESIAN_POINT('Ctrl Pts',(12.100015883079,-3.3530183808798,-67.5046776544305));
#4640=CARTESIAN_POINT('Ctrl Pts',(12.0917466033659,-3.41440560159427,-69.9872250796712));
#4641=CARTESIAN_POINT('Ctrl Pts',(10.3066913181886,-3.3613206811582,-78.1270135886676));
#4642=CARTESIAN_POINT('Ctrl Pts',(8.96257421592501,-3.33560923925998,-84.8636188259972));
#4643=CARTESIAN_POINT('Ctrl Pts',(7.61844705767705,-3.30989717308616,-91.600256064159));
#4644=CARTESIAN_POINT('Ctrl Pts',(12.1402568562235,-3.29338277714217,-64.9318261980389));
#4645=CARTESIAN_POINT('Ctrl Pts',(12.1004149631536,-3.35747296261915,-67.5048959808436));
#4646=CARTESIAN_POINT('Ctrl Pts',(12.086791971529,-3.42308051666023,-69.9875445481891));
#4647=CARTESIAN_POINT('Ctrl Pts',(10.307173927734,-3.36578444799144,-78.1272351966982));
#4648=CARTESIAN_POINT('Ctrl Pts',(8.96460958919379,-3.33875328960488,-84.8637296277589));
#4649=CARTESIAN_POINT('Ctrl Pts',(7.62203528325898,-3.31172144100049,-91.6002560599472));
#4650=CARTESIAN_POINT('Ctrl Pts',(12.1425662221951,-3.29495832708328,-64.931821397966));
#4651=CARTESIAN_POINT('Ctrl Pts',(12.1005953364409,-3.36075422346997,-67.5050736311297));
#4652=CARTESIAN_POINT('Ctrl Pts',(12.082198927816,-3.42977682719772,-69.9877793904376));
#4653=CARTESIAN_POINT('Ctrl Pts',(10.3073920774875,-3.36908471962318,-78.1274149910202));
#4654=CARTESIAN_POINT('Ctrl Pts',(8.96603227427845,-3.34113669762334,-84.8638195228139));
#4655=CARTESIAN_POINT('Ctrl Pts',(7.62466258592865,-3.31318792886534,-91.6002560565301));
#4656=CARTESIAN_POINT('Ctrl Pts',(12.1478509290293,-3.29882490235142,-64.9318091221108));
#4657=CARTESIAN_POINT('Ctrl Pts',(12.1007409414141,-3.36826279552599,-67.5055283085997));
#4658=CARTESIAN_POINT('Ctrl Pts',(12.0697535621076,-3.44562137317392,-69.9883472264154));
#4659=CARTESIAN_POINT('Ctrl Pts',(10.3075748418571,-3.37665844758615,-78.1278744597291));
#4660=CARTESIAN_POINT('Ctrl Pts',(8.96910962580072,-3.34674400912893,-84.8640492514181));
#4661=CARTESIAN_POINT('Ctrl Pts',(7.63063474658814,-3.31682868013459,-91.6002560477976));
#4662=CARTESIAN_POINT('Ctrl Pts',(12.1528701210527,-3.30312700528194,-64.9317938258925));
#4663=CARTESIAN_POINT('Ctrl Pts',(12.1002538790825,-3.37540682510689,-67.5060950715738));
#4664=CARTESIAN_POINT('Ctrl Pts',(12.0540256973849,-3.46145840539185,-69.9890344846027));
#4665=CARTESIAN_POINT('Ctrl Pts',(10.3070227738825,-3.38389941751438,-78.1284467641868));
#4666=CARTESIAN_POINT('Ctrl Pts',(8.97162524689782,-3.3524281212427,-84.8643353962561));
#4667=CARTESIAN_POINT('Ctrl Pts',(7.63621833289615,-3.32095577389671,-91.6002560369206));
#4668=CARTESIAN_POINT('Ctrl Pts',(12.1556417903502,-3.30572394841274,-64.9317836789138));
#4669=CARTESIAN_POINT('Ctrl Pts',(12.0997586558377,-3.37935846953512,-67.5064708016657));
#4670=CARTESIAN_POINT('Ctrl Pts',(12.0442632011172,-3.47027300460326,-69.9895129757279));
#4671=CARTESIAN_POINT('Ctrl Pts',(10.3064639598851,-3.38790946407536,-78.1288266474742));
#4672=CARTESIAN_POINT('Ctrl Pts',(8.97287339951566,-3.35568642294924,-84.8645253332483));
#4673=CARTESIAN_POINT('Ctrl Pts',(7.63927362081989,-3.32346223831979,-91.6002560297007));
#4674=CARTESIAN_POINT('Ctrl Pts',(12.1623043841641,-3.31254992226196,-64.9317557782073));
#4675=CARTESIAN_POINT('Ctrl Pts',(12.0980667235902,-3.38891386265339,-67.5075033111837));
#4676=CARTESIAN_POINT('Ctrl Pts',(12.018894040295,-3.49120893744223,-69.9908867591516));
#4677=CARTESIAN_POINT('Ctrl Pts',(10.3045677230274,-3.39760189727392,-78.1298718041493));
#4678=CARTESIAN_POINT('Ctrl Pts',(8.97556591857888,-3.36383742641017,-84.8650478994421));
#4679=CARTESIAN_POINT('Ctrl Pts',(7.64655532647909,-3.33007159077597,-91.6002560098369));
#4680=CARTESIAN_POINT('Ctrl Pts',(12.1682532482517,-3.32017518973458,-64.9317163784028));
#4681=CARTESIAN_POINT('Ctrl Pts',(12.0950451113096,-3.39753036739429,-67.5089575013639));
#4682=CARTESIAN_POINT('Ctrl Pts',(11.9926925457268,-3.50783594055038,-69.9931890609105));
#4683=CARTESIAN_POINT('Ctrl Pts',(10.3012696281159,-3.40629042135127,-78.1313515079469));
#4684=CARTESIAN_POINT('Ctrl Pts',(8.9770926086299,-3.37188126470636,-84.8657877382227));
#4685=CARTESIAN_POINT('Ctrl Pts',(7.6529072137961,-3.33747057694729,-91.6002559817141));
#4686=CARTESIAN_POINT('Ctrl Pts',(12.1715361252129,-3.3250182057886,-64.9316882882738));
#4687=CARTESIAN_POINT('Ctrl Pts',(12.0927938480647,-3.40233368100206,-67.5099926869938));
#4688=CARTESIAN_POINT('Ctrl Pts',(11.9778226996429,-3.51550516139942,-69.9949788015949));
#4689=CARTESIAN_POINT('Ctrl Pts',(10.2988527213216,-3.4110916713514,-78.1324080166171));
#4690=CARTESIAN_POINT('Ctrl Pts',(8.97761184028195,-3.37662529818285,-84.8663159848551));
#4691=CARTESIAN_POINT('Ctrl Pts',(7.65636280093585,-3.34215732979744,-91.6002559616343));
#4692=CARTESIAN_POINT('Ctrl Pts',(12.1754973908955,-3.33179958552308,-64.9316444870119));
#4693=CARTESIAN_POINT('Ctrl Pts',(12.0892669714055,-3.40820459909758,-67.5116043185073));
#4694=CARTESIAN_POINT('Ctrl Pts',(11.9606705633699,-3.52164049204016,-69.9980083927176));
#4695=CARTESIAN_POINT('Ctrl Pts',(10.2951411280418,-3.41687269776798,-78.1340579426032));
#4696=CARTESIAN_POINT('Ctrl Pts',(8.97781248940026,-3.38278033073393,-84.8671409384941));
#4697=CARTESIAN_POINT('Ctrl Pts',(7.66047590975547,-3.34868635187286,-91.600255930276));
#4698=CARTESIAN_POINT('Ctrl Pts',(12.1788662095354,-3.33896248859317,-64.9315916699482));
#4699=CARTESIAN_POINT('Ctrl Pts',(12.08512617454,-3.41329820941773,-67.5135437802225));
#4700=CARTESIAN_POINT('Ctrl Pts',(11.949144371807,-3.52096326488388,-70.0020273983932));
#4701=CARTESIAN_POINT('Ctrl Pts',(10.2909121765073,-3.42172717497521,-78.1360513090283));
#4702=CARTESIAN_POINT('Ctrl Pts',(8.97741593185341,-3.38862566303086,-84.8681376144968));
#4703=CARTESIAN_POINT('Ctrl Pts',(7.66391182521504,-3.35552264281877,-91.6002558923903));
#4704=CARTESIAN_POINT('Ctrl Pts',(12.1796696078347,-3.34077552860036,-64.9315779792708));
#4705=CARTESIAN_POINT('Ctrl Pts',(12.0840936249286,-3.41453482453786,-67.5140464337518));
#4706=CARTESIAN_POINT('Ctrl Pts',(11.9464588691304,-3.52078992706981,-70.0030760218036));
#4707=CARTESIAN_POINT('Ctrl Pts',(10.2898598577078,-3.42290321719749,-78.1365680800694));
#4708=CARTESIAN_POINT('Ctrl Pts',(8.97729790304249,-3.39007712177774,-84.8683959982249));
#4709=CARTESIAN_POINT('Ctrl Pts',(7.66472810233145,-3.35724954258321,-91.6002558825685));
#4710=CARTESIAN_POINT('Ctrl Pts',(12.1835037053965,-3.34995399785484,-64.9315057076321));
#4711=CARTESIAN_POINT('Ctrl Pts',(12.0783650610049,-3.42032933870814,-67.5166972104548));
#4712=CARTESIAN_POINT('Ctrl Pts',(11.9372038907867,-3.51301037471304,-70.0088628788089));
#4713=CARTESIAN_POINT('Ctrl Pts',(10.28412045705,-3.42824916829985,-78.1392986899884));
#4714=CARTESIAN_POINT('Ctrl Pts',(8.97636137514611,-3.39710835024641,-84.8697612965171));
#4715=CARTESIAN_POINT('Ctrl Pts',(7.66859441783653,-3.365966309326,-91.6002558306707));
#4716=CARTESIAN_POINT('Ctrl Pts',(12.186332025028,-3.35963453941265,-64.9314207005737));
#4717=CARTESIAN_POINT('Ctrl Pts',(12.0727965403726,-3.42513227419168,-67.5198128127863));
#4718=CARTESIAN_POINT('Ctrl Pts',(11.9349999261215,-3.50371140980569,-70.0158837449132));
#4719=CARTESIAN_POINT('Ctrl Pts',(10.2786485208088,-3.43255071414267,-78.1425127199027));
#4720=CARTESIAN_POINT('Ctrl Pts',(8.97501777138159,-3.40380590673573,-84.8713683060158));
#4721=CARTESIAN_POINT('Ctrl Pts',(7.67137897786542,-3.37506013199335,-91.6002557695848));
#4722=CARTESIAN_POINT('Ctrl Pts',(12.1879096830825,-3.3676226312314,-64.9313454143961));
#4723=CARTESIAN_POINT('Ctrl Pts',(12.0685351709007,-3.42839769087215,-67.5225727437797));
#4724=CARTESIAN_POINT('Ctrl Pts',(11.9341291655193,-3.49704417132966,-70.0220445453718));
#4725=CARTESIAN_POINT('Ctrl Pts',(10.2744650431636,-3.43541168934985,-78.1453586145061));
#4726=CARTESIAN_POINT('Ctrl Pts',(8.97368563098997,-3.40895065434192,-84.8727912478469));
#4727=CARTESIAN_POINT('Ctrl Pts',(7.67289803414752,-3.38248881721613,-91.6002557154958));
#4728=CARTESIAN_POINT('Ctrl Pts',(12.1896402611212,-3.38391006712619,-64.9311820762344));
#4729=CARTESIAN_POINT('Ctrl Pts',(12.0605156401546,-3.43394700789496,-67.5285632983526));
#4730=CARTESIAN_POINT('Ctrl Pts',(11.9312914219593,-3.48512409400902,-70.0351566763542));
#4731=CARTESIAN_POINT('Ctrl Pts',(10.266560168975,-3.44013857216669,-78.1515303043905));
#4732=CARTESIAN_POINT('Ctrl Pts',(8.97054285993122,-3.41880977887538,-84.8758770780933));
#4733=CARTESIAN_POINT('Ctrl Pts',(7.67451714204917,-3.39748044607165,-91.6002555981969));
#4734=CARTESIAN_POINT('Ctrl Pts',(12.1884702407874,-3.40045116837236,-64.9309969285103));
#4735=CARTESIAN_POINT('Ctrl Pts',(12.0535969480578,-3.43789278516066,-67.5353569523541));
#4736=CARTESIAN_POINT('Ctrl Pts',(11.9296561003653,-3.47429865700047,-70.0497177728241));
#4737=CARTESIAN_POINT('Ctrl Pts',(10.2597814301498,-3.443202424297,-78.1585229037319));
#4738=CARTESIAN_POINT('Ctrl Pts',(8.96656833995172,-3.4278062386406,-84.8793733577484));
#4739=CARTESIAN_POINT('Ctrl Pts',(7.67334665965885,-3.41240969493151,-91.6002554652958));
#4740=CARTESIAN_POINT('Ctrl Pts',(12.1871484327249,-3.40866576334222,-64.9308984120636));
#4741=CARTESIAN_POINT('Ctrl Pts',(12.0504049228437,-3.44055309807356,-67.5389726438407));
#4742=CARTESIAN_POINT('Ctrl Pts',(11.928955586846,-3.47069625292289,-70.0573894627283));
#4743=CARTESIAN_POINT('Ctrl Pts',(10.2566714533807,-3.44542448447021,-78.1622428432349));
#4744=CARTESIAN_POINT('Ctrl Pts',(8.96437812302633,-3.43260037452177,-84.8812333160018));
#4745=CARTESIAN_POINT('Ctrl Pts',(7.67207612664974,-3.41977598069441,-91.6002553945948));
#4746=CARTESIAN_POINT('Ctrl Pts',(12.1819941670568,-3.42902640285104,-64.9306501420456));
#4747=CARTESIAN_POINT('Ctrl Pts',(12.0435860979055,-3.44157107502372,-67.5480854558838));
#4748=CARTESIAN_POINT('Ctrl Pts',(11.9297546377572,-3.45398597256956,-70.0766331941538));
#4749=CARTESIAN_POINT('Ctrl Pts',(10.2501500991455,-3.44522606042229,-78.1716164766733));
#4750=CARTESIAN_POINT('Ctrl Pts',(8.95870415439895,-3.4414873965211,-84.885920102748));
#4751=CARTESIAN_POINT('Ctrl Pts',(7.66724935735344,-3.43774861810607,-91.6002552164401));
#4752=CARTESIAN_POINT('Ctrl Pts',(12.1723378575489,-3.44784573107771,-64.9303762322547));
#4753=CARTESIAN_POINT('Ctrl Pts',(12.0392020724564,-3.44787162464818,-67.5581437888724));
#4754=CARTESIAN_POINT('Ctrl Pts',(11.9326098178259,-3.44768053697052,-70.0974508169145));
#4755=CARTESIAN_POINT('Ctrl Pts',(10.2462574542666,-3.45037327129102,-78.1819538323256));
#4756=CARTESIAN_POINT('Ctrl Pts',(8.95239331371603,-3.45226636936856,-84.891088742906));
#4757=CARTESIAN_POINT('Ctrl Pts',(7.65852022212491,-3.45415948568258,-91.6002550199692));
#4758=CARTESIAN_POINT('Ctrl Pts',(12.1650066978202,-3.45828489125684,-64.9302065840562));
#4759=CARTESIAN_POINT('Ctrl Pts',(12.0365310439561,-3.45302859920287,-67.5643744103609));
#4760=CARTESIAN_POINT('Ctrl Pts',(11.9341033560248,-3.44696672493959,-70.1102586844971));
#4761=CARTESIAN_POINT('Ctrl Pts',(10.2439702606537,-3.45487984534855,-78.1883554584782));
#4762=CARTESIAN_POINT('Ctrl Pts',(8.94798898140316,-3.45903926958464,-84.8942895316989));
#4763=CARTESIAN_POINT('Ctrl Pts',(7.65199871317257,-3.46319877942729,-91.6002548983003));
#4764=CARTESIAN_POINT('Ctrl Pts',(12.1533915252512,-3.47068195369137,-64.9299785540185));
#4765=CARTESIAN_POINT('Ctrl Pts',(12.0317910551889,-3.46105150277172,-67.572749713479));
#4766=CARTESIAN_POINT('Ctrl Pts',(11.9346208374861,-3.44921716479473,-70.127426490569));
#4767=CARTESIAN_POINT('Ctrl Pts',(10.2398758729132,-3.46212867236966,-78.1969596073823));
#4768=CARTESIAN_POINT('Ctrl Pts',(8.94085468510704,-3.46800981724639,-84.8985915729803));
#4769=CARTESIAN_POINT('Ctrl Pts',(7.64182447247143,-3.47389112245736,-91.6002547347706));
#4770=CARTESIAN_POINT('Ctrl Pts',(12.1397417265896,-3.48062966628764,-64.929755063829));
#4771=CARTESIAN_POINT('Ctrl Pts',(12.0241199950474,-3.4697789255914,-67.5809580654949));
#4772=CARTESIAN_POINT('Ctrl Pts',(11.9317384521419,-3.4546433733622,-70.1442719500042));
#4773=CARTESIAN_POINT('Ctrl Pts',(10.2330191715416,-3.47025586929121,-78.2053926599125));
#4774=CARTESIAN_POINT('Ctrl Pts',(8.93154094707716,-3.47636973458568,-84.9028080669514));
#4775=CARTESIAN_POINT('Ctrl Pts',(7.63005366318087,-3.48248381650611,-91.6002545744927));
#4776=CARTESIAN_POINT('Ctrl Pts',(12.1362126266274,-3.48295121646774,-64.9297000731828));
#4777=CARTESIAN_POINT('Ctrl Pts',(12.0219252355233,-3.47211495581206,-67.5829777283346));
#4778=CARTESIAN_POINT('Ctrl Pts',(11.9306416230889,-3.45668880939801,-70.1484200958666));
#4779=CARTESIAN_POINT('Ctrl Pts',(10.2310365661448,-3.47246250837494,-78.2074676799409));
#4780=CARTESIAN_POINT('Ctrl Pts',(8.92903231448184,-3.4784785408266,-84.9038455690558));
#4781=CARTESIAN_POINT('Ctrl Pts',(7.62701899518275,-3.48449479581186,-91.600254535055));
#4782=CARTESIAN_POINT('Ctrl Pts',(12.1252884364721,-3.48942725625992,-64.9295341092768));
#4783=CARTESIAN_POINT('Ctrl Pts',(12.0150172114351,-3.47839005435058,-67.5890730174691));
#4784=CARTESIAN_POINT('Ctrl Pts',(11.927340362101,-3.46020667556559,-70.160951724358));
#4785=CARTESIAN_POINT('Ctrl Pts',(10.2248055042521,-3.47833564292755,-78.2137303003914));
#4786=CARTESIAN_POINT('Ctrl Pts',(8.92123924195692,-3.48421778281017,-84.9069768555463));
#4787=CARTESIAN_POINT('Ctrl Pts',(7.61766388083209,-3.49010020199476,-91.6002544160282));
#4788=CARTESIAN_POINT('Ctrl Pts',(12.1134979290072,-3.49427643291668,-64.9293787011446));
#4789=CARTESIAN_POINT('Ctrl Pts',(12.0051327665482,-3.48576258529525,-67.5947799695611));
#4790=CARTESIAN_POINT('Ctrl Pts',(11.9201414774093,-3.46953345863353,-70.1727481772455));
#4791=CARTESIAN_POINT('Ctrl Pts',(10.2156655435489,-3.48551037562965,-78.2195952480808));
#4792=CARTESIAN_POINT('Ctrl Pts',(8.91165395472486,-3.48994580982003,-84.9099093078542));
#4793=CARTESIAN_POINT('Ctrl Pts',(7.60763323295905,-3.4943815072266,-91.6002543045595));
#4794=CARTESIAN_POINT('Ctrl Pts',(12.1053308694668,-3.49673679381715,-64.9292786732153));
#4795=CARTESIAN_POINT('Ctrl Pts',(11.9972812486601,-3.49071548854763,-67.5984530996875));
#4796=CARTESIAN_POINT('Ctrl Pts',(11.9133101540206,-3.47742452961916,-70.1803531867066));
#4797=CARTESIAN_POINT('Ctrl Pts',(10.20832928029,-3.49041966134608,-78.2233703305758));
#4798=CARTESIAN_POINT('Ctrl Pts',(8.90452672220486,-3.49351491570559,-84.911796835376));
#4799=CARTESIAN_POINT('Ctrl Pts',(7.60071501489502,-3.49661039584289,-91.6002542328105));
#4800=CARTESIAN_POINT('Ctrl Pts',(12.0885439311863,-3.50008559033392,-64.9290898327451));
#4801=CARTESIAN_POINT('Ctrl Pts',(11.978508863729,-3.49852864075098,-67.6053873447035));
#4802=CARTESIAN_POINT('Ctrl Pts',(11.894160571415,-3.4910985224198,-70.1947268799082));
#4803=CARTESIAN_POINT('Ctrl Pts',(10.1905913835318,-3.49825879314846,-78.2304973949287));
#4804=CARTESIAN_POINT('Ctrl Pts',(8.88856446027089,-3.49901706458829,-84.915360341822));
#4805=CARTESIAN_POINT('Ctrl Pts',(7.58652837948452,-3.49977548203331,-91.6002540973541));
#4806=CARTESIAN_POINT('Ctrl Pts',(12.0713645773616,-3.500150492217,-64.9289132530691));
#4807=CARTESIAN_POINT('Ctrl Pts',(11.9546934770205,-3.5017357039586,-67.6118720219266));
#4808=CARTESIAN_POINT('Ctrl Pts',(11.8638141565578,-3.50065669275283,-70.2081063425344));
#4809=CARTESIAN_POINT('Ctrl Pts',(10.1677388889953,-3.50175594843662,-78.2371610838752));
#4810=CARTESIAN_POINT('Ctrl Pts',(8.86988950627785,-3.50101746352207,-84.918692161557));
#4811=CARTESIAN_POINT('Ctrl Pts',(7.5720310416678,-3.50027902051972,-91.6002539707045));
#4812=CARTESIAN_POINT('Ctrl Pts',(12.0627618537976,-3.49934032489411,-64.9288265123847));
#4813=CARTESIAN_POINT('Ctrl Pts',(11.9417123169486,-3.50176480741928,-67.6150575745294));
#4814=CARTESIAN_POINT('Ctrl Pts',(11.8462688091229,-3.50309991970407,-70.2146688608696));
#4815=CARTESIAN_POINT('Ctrl Pts',(10.1552158375133,-3.50198270984594,-78.2404343641195));
#4816=CARTESIAN_POINT('Ctrl Pts',(8.85999483214062,-3.50091691219393,-84.9203287894176));
#4817=CARTESIAN_POINT('Ctrl Pts',(7.56476479947081,-3.49985111336981,-91.6002539084928));
#4818=CARTESIAN_POINT('Ctrl Pts',(12.0542947392456,-3.49768960658923,-64.9287402635705));
#4819=CARTESIAN_POINT('Ctrl Pts',(11.9279327002752,-3.49981361270702,-67.6182250986528));
#4820=CARTESIAN_POINT('Ctrl Pts',(11.8268920729605,-3.50189969895057,-70.2211908383709));
#4821=CARTESIAN_POINT('Ctrl Pts',(10.1418578593735,-3.50026522890624,-78.2436890481239));
#4822=CARTESIAN_POINT('Ctrl Pts',(8.84972553581646,-3.49950556639001,-84.9219561191908));
#4823=CARTESIAN_POINT('Ctrl Pts',(7.55758425178527,-3.49874588392306,-91.6002538466346));
#4824=CARTESIAN_POINT('Ctrl Pts',(12.0461062474073,-3.49522589085331,-64.9286532117012));
#4825=CARTESIAN_POINT('Ctrl Pts',(11.9136150632148,-3.49550596422976,-67.6214220789543));
#4826=CARTESIAN_POINT('Ctrl Pts',(11.8062014405093,-3.49578675673775,-70.2277769533652));
#4827=CARTESIAN_POINT('Ctrl Pts',(10.1279071432675,-3.49620787814494,-78.246974071921));
#4828=CARTESIAN_POINT('Ctrl Pts',(8.83924525214255,-3.49659565339779,-84.9235986187844));
#4829=CARTESIAN_POINT('Ctrl Pts',(7.55057447510688,-3.49698342941113,-91.6002537841997));
#4830=CARTESIAN_POINT('',(0.550811681216301,-1.75203108432006,-91.6));
#4831=CARTESIAN_POINT('',(-5.575,-1.,-91.6));
#4832=CARTESIAN_POINT('Origin',(-5.575,-26.3254953815837,-91.6));
#4833=CARTESIAN_POINT('Ctrl Pts',(4.04282468618878,0.0468378728783853,-65.));
#4834=CARTESIAN_POINT('Ctrl Pts',(3.98700999822992,-0.0792208557735593,
-67.6703371266401));
#4835=CARTESIAN_POINT('Ctrl Pts',(3.93649495930042,-0.193310207844393,-70.3413500640733));
#4836=CARTESIAN_POINT('Ctrl Pts',(2.59020479624093,-0.798768438652936,-78.3103371266401));
#4837=CARTESIAN_POINT('Ctrl Pts',(1.57050823872862,-1.2753997614865,-84.95516856332));
#4838=CARTESIAN_POINT('Ctrl Pts',(0.550811681216302,-1.75203108432006,-91.6));
#4839=CARTESIAN_POINT('Ctrl Pts',(12.0428239364306,-3.49530051453111,-65.));
#4840=CARTESIAN_POINT('Ctrl Pts',(11.9114628780771,-3.49562788860658,-67.6774805320291));
#4841=CARTESIAN_POINT('Ctrl Pts',(11.7801018197236,-3.49595526268206,-70.3549610640582));
#4842=CARTESIAN_POINT('Ctrl Pts',(10.1146579757951,-3.49631989780061,-78.3174805320291));
#4843=CARTESIAN_POINT('Ctrl Pts',(8.83273482826033,-3.4966752176584,-84.9587402660145));
#4844=CARTESIAN_POINT('Ctrl Pts',(7.55081168072558,-3.49703053751618,-91.6));
#4845=CARTESIAN_POINT('Origin',(-5.575,-0.25,-91.6));
#4846=CARTESIAN_POINT('Ctrl Pts',(12.0428239364306,-3.49530051453111,-65.));
#4847=CARTESIAN_POINT('Ctrl Pts',(11.9114628780771,-3.49562788860658,-67.6774805320291));
#4848=CARTESIAN_POINT('Ctrl Pts',(11.7801018197236,-3.49595526268206,-70.3549610640582));
#4849=CARTESIAN_POINT('Ctrl Pts',(10.1146579757951,-3.49631989780061,-78.3174805320291));
#4850=CARTESIAN_POINT('Ctrl Pts',(8.83273482826033,-3.4966752176584,-84.9587402660145));
#4851=CARTESIAN_POINT('Ctrl Pts',(7.55081168072558,-3.49703053751618,-91.6));
#4852=CARTESIAN_POINT('Ctrl Pts',(11.2445760458515,-3.14186241942063,-65.));
#4853=CARTESIAN_POINT('Ctrl Pts',(11.1206708721048,-3.15498596353209,-67.6768656832094));
#4854=CARTESIAN_POINT('Ctrl Pts',(10.9968863931609,-3.16783691571587,-70.3537373212097));
#4855=CARTESIAN_POINT('Ctrl Pts',(9.36265598579205,-3.22712631128334,-78.3168656832094));
#4856=CARTESIAN_POINT('Ctrl Pts',(8.10609740793077,-3.27466980004105,-84.9584328416047));
#4857=CARTESIAN_POINT('Ctrl Pts',(6.8495388300695,-3.32221328879876,-91.6));
#4858=CARTESIAN_POINT('Ctrl Pts',(10.463803852988,-2.79616199250102,-65.));
#4859=CARTESIAN_POINT('Ctrl Pts',(10.3478185045492,-2.82103388614701,-67.6764566350422));
#4860=CARTESIAN_POINT('Ctrl Pts',(10.2322247703967,-2.84502131041286,-70.3529364249254));
#4861=CARTESIAN_POINT('Ctrl Pts',(8.61503053236415,-2.95988899487704,-78.3164566350422));
#4862=CARTESIAN_POINT('Ctrl Pts',(7.37343222744473,-3.05159437960157,-84.9582283175211));
#4863=CARTESIAN_POINT('Ctrl Pts',(6.1318339225253,-3.1432997643261,-91.6));
#4864=CARTESIAN_POINT('Ctrl Pts',(9.69046452114804,-2.45375259368504,-64.9999999999999));
#4865=CARTESIAN_POINT('Ctrl Pts',(9.58264613135603,-2.48981468066511,-67.6761719244061));
#4866=CARTESIAN_POINT('Ctrl Pts',(9.47559286056377,-2.52414872976216,-70.3523948816672));
#4867=CARTESIAN_POINT('Ctrl Pts',(7.86873409674982,-2.69322609409865,-78.3161719244062));
#4868=CARTESIAN_POINT('Ctrl Pts',(6.63720926569118,-2.82775361068378,-84.9580859622032));
#4869=CARTESIAN_POINT('Ctrl Pts',(5.40568443463253,-2.96228112726891,-91.6000000000001));
#4870=CARTESIAN_POINT('Ctrl Pts',(8.91794936917507,-2.11170811479621,-64.9999999999999));
#4871=CARTESIAN_POINT('Ctrl Pts',(8.81832826400673,-2.15889190321089,-67.6759300881803));
#4872=CARTESIAN_POINT('Ctrl Pts',(8.71990072833108,-2.20337998866361,-70.351949197897));
#4873=CARTESIAN_POINT('Ctrl Pts',(7.12347028586921,-2.42684023833884,-78.3159300881803));
#4874=CARTESIAN_POINT('Ctrl Pts',(5.90213735485023,-2.60420959547747,-84.9579650440902));
#4875=CARTESIAN_POINT('Ctrl Pts',(4.68080442383126,-2.7815789526161,-91.6000000000001));
#4876=CARTESIAN_POINT('Ctrl Pts',(7.35647751368668,-1.42033937497757,-64.9999999999999));
#4877=CARTESIAN_POINT('Ctrl Pts',(7.27287801499542,-1.49060891106457,-67.6753692383065));
#4878=CARTESIAN_POINT('Ctrl Pts',(7.19134359944012,-1.55621440982828,-70.3509225622563));
#4879=CARTESIAN_POINT('Ctrl Pts',(5.63019501744218,-1.8924102133938,-78.3153692383065));
#4880=CARTESIAN_POINT('Ctrl Pts',(4.43998251862289,-2.15862642209722,-84.9576846191533));
#4881=CARTESIAN_POINT('Ctrl Pts',(3.24977001980359,-2.42484263080064,-91.6000000000001));
#4882=CARTESIAN_POINT('Ctrl Pts',(6.56752081017128,-1.07101511404776,-65.));
#4883=CARTESIAN_POINT('Ctrl Pts',(6.49201944653526,-1.15263028310715,-67.6746963129495));
#4884=CARTESIAN_POINT('Ctrl Pts',(6.41906649765651,-1.22848980277874,-70.3496250320639));
#4885=CARTESIAN_POINT('Ctrl Pts',(4.88245737309762,-1.62374763094325,-78.3146963129496));
#4886=CARTESIAN_POINT('Ctrl Pts',(3.7130364998374,-1.93627805729062,-84.9573481564749));
#4887=CARTESIAN_POINT('Ctrl Pts',(2.54361562657719,-2.248808483638,-91.6000000000001));
#4888=CARTESIAN_POINT('Ctrl Pts',(5.76129837524642,-0.71404615114984,-65.));
#4889=CARTESIAN_POINT('Ctrl Pts',(5.69346930644348,-0.80796872290365,-67.6736323464006));
#4890=CARTESIAN_POINT('Ctrl Pts',(5.62882113787979,-0.89470716615163,-70.3475755791813));
#4891=CARTESIAN_POINT('Ctrl Pts',(4.13091690587856,-1.35320062306817,-78.3136323464007));
#4892=CARTESIAN_POINT('Ctrl Pts',(2.99291713985635,-1.71516326231466,-84.9568161732004));
#4893=CARTESIAN_POINT('Ctrl Pts',(1.85491737383413,-2.07712590156114,-91.6));
#4894=CARTESIAN_POINT('Ctrl Pts',(4.92632897879209,-0.344348972565045,-65.));
#4895=CARTESIAN_POINT('Ctrl Pts',(4.86523319256116,-0.452699727321105,-67.6721787978881));
#4896=CARTESIAN_POINT('Ctrl Pts',(4.80820152497318,-0.551871585230124,-70.3448064932905));
#4897=CARTESIAN_POINT('Ctrl Pts',(3.3707607480548,-1.07952350320011,-78.3121787978881));
#4898=CARTESIAN_POINT('Ctrl Pts',(2.2804543077905,-1.49546595773133,-84.9560893989441));
#4899=CARTESIAN_POINT('Ctrl Pts',(1.1901478675262,-1.91140841226255,-91.6));
#4900=CARTESIAN_POINT('Ctrl Pts',(4.04282468618878,0.0468378728783853,-65.));
#4901=CARTESIAN_POINT('Ctrl Pts',(3.98700999822992,-0.0792208557735593,
-67.6703371266401));
#4902=CARTESIAN_POINT('Ctrl Pts',(3.93649495930042,-0.193310207844393,-70.3413500640733));
#4903=CARTESIAN_POINT('Ctrl Pts',(2.59020479624093,-0.798768438652936,-78.3103371266401));
#4904=CARTESIAN_POINT('Ctrl Pts',(1.57050823872862,-1.2753997614865,-84.95516856332));
#4905=CARTESIAN_POINT('Ctrl Pts',(0.550811681216302,-1.75203108432006,-91.6));
#4906=CARTESIAN_POINT('',(7.55081168072558,-3.49703053751618,-91.6));
#4907=CARTESIAN_POINT('Ctrl Pts',(-5.56676214992956,0.499999691723221,-91.5995419895645));
#4908=CARTESIAN_POINT('Ctrl Pts',(-5.17555622809644,-0.169581944936114,
-98.3809404472444));
#4909=CARTESIAN_POINT('Ctrl Pts',(0.162221885951782,-1.83479097246806,-99.9904702236222));
#4910=CARTESIAN_POINT('Ctrl Pts',(5.50000000000001,-3.5,-101.6));
#4911=CARTESIAN_POINT('Ctrl Pts',(-5.33681509055755,0.497460305323098,-91.5995450944003));
#4912=CARTESIAN_POINT('Ctrl Pts',(-4.90549718760398,-0.0920644877838234,
-98.3349719395533));
#4913=CARTESIAN_POINT('Ctrl Pts',(0.29725140619801,-1.79603224389191,-99.9674859697767));
#4914=CARTESIAN_POINT('Ctrl Pts',(5.50000000000001,-3.5,-101.6));
#4915=CARTESIAN_POINT('Ctrl Pts',(-4.72372177127395,0.480124415213747,-91.5996016320129));
#4916=CARTESIAN_POINT('Ctrl Pts',(-4.45023414880909,-0.170472253364174,
-97.4979068441152));
#4917=CARTESIAN_POINT('Ctrl Pts',(0.524882925595456,-1.83523612668209,-99.5489534220576));
#4918=CARTESIAN_POINT('Ctrl Pts',(5.50000000000001,-3.5,-101.6));
#4919=CARTESIAN_POINT('Ctrl Pts',(-3.50012061081777,0.389100210201231,-91.5996580088677));
#4920=CARTESIAN_POINT('Ctrl Pts',(-3.24886306369669,-0.096304113882407,
-96.6632218418629));
#4921=CARTESIAN_POINT('Ctrl Pts',(1.12556846815165,-1.7981520569412,-99.1316109209315));
#4922=CARTESIAN_POINT('Ctrl Pts',(5.50000000000001,-3.5,-101.6));
#4923=CARTESIAN_POINT('Ctrl Pts',(-1.90651630012876,0.149877037202139,-91.5997453280358));
#4924=CARTESIAN_POINT('Ctrl Pts',(-1.78971794798355,-0.253470873130758,
-95.3704218038013));
#4925=CARTESIAN_POINT('Ctrl Pts',(1.85514102600822,-1.87673543656538,-98.4852109019006));
#4926=CARTESIAN_POINT('Ctrl Pts',(5.50000000000001,-3.5,-101.6));
#4927=CARTESIAN_POINT('Ctrl Pts',(-0.118070784998597,-0.289653466089644,
-91.5998206887791));
#4928=CARTESIAN_POINT('Ctrl Pts',(-0.0670508288382877,-0.560668047662642,
-94.2546716902204));
#4929=CARTESIAN_POINT('Ctrl Pts',(2.71647458558086,-2.03033402383132,-97.9273358451102));
#4930=CARTESIAN_POINT('Ctrl Pts',(5.50000000000001,-3.5,-101.6));
#4931=CARTESIAN_POINT('Ctrl Pts',(1.04226778465388,-0.690957355836404,-91.5998621591935));
#4932=CARTESIAN_POINT('Ctrl Pts',(1.05184596806621,-0.912202579201299,-93.6406833242933));
#4933=CARTESIAN_POINT('Ctrl Pts',(3.27592298403311,-2.20610128960065,-97.6203416621467));
#4934=CARTESIAN_POINT('Ctrl Pts',(5.50000000000001,-3.5,-101.6));
#4935=CARTESIAN_POINT('Ctrl Pts',(2.11199600371979,-1.11693574887034,-91.5998959186416));
#4936=CARTESIAN_POINT('Ctrl Pts',(2.10542519893552,-1.28337074323643,-93.1408593255447));
#4937=CARTESIAN_POINT('Ctrl Pts',(3.80271259946776,-2.39168537161821,-97.3704296627724));
#4938=CARTESIAN_POINT('Ctrl Pts',(5.50000000000001,-3.5,-101.6));
#4939=CARTESIAN_POINT('Ctrl Pts',(3.11199576268283,-1.51514839689497,-91.5999232333991));
#4940=CARTESIAN_POINT('Ctrl Pts',(3.10899884348018,-1.6237107280239,-92.7364519060477));
#4941=CARTESIAN_POINT('Ctrl Pts',(4.30449942174009,-2.56185536401195,-97.1682259530238));
#4942=CARTESIAN_POINT('Ctrl Pts',(5.50000000000001,-3.5,-101.6));
#4943=CARTESIAN_POINT('Ctrl Pts',(4.42449609453123,-2.03780005723245,-91.5999495277474));
#4944=CARTESIAN_POINT('Ctrl Pts',(4.41659221649567,-2.10653515363533,-92.3471521073415));
#4945=CARTESIAN_POINT('Ctrl Pts',(4.95829610824784,-2.80326757681767,-96.9735760536707));
#4946=CARTESIAN_POINT('Ctrl Pts',(5.50000000000001,-3.5,-101.6));
#4947=CARTESIAN_POINT('Ctrl Pts',(5.42449603717543,-2.43601031871848,-91.5999634857811));
#4948=CARTESIAN_POINT('Ctrl Pts',(5.41744637781909,-2.48220892883123,-92.1404970644006));
#4949=CARTESIAN_POINT('Ctrl Pts',(5.45872318890954,-2.99110446441562,-96.8702485322003));
#4950=CARTESIAN_POINT('Ctrl Pts',(5.50000000000001,-3.5,-101.6));
#4951=CARTESIAN_POINT('Ctrl Pts',(6.11199605779658,-2.70977954652593,-91.5999704880004));
#4952=CARTESIAN_POINT('Ctrl Pts',(6.10464449781039,-2.74532550315916,-92.0368260199341));
#4953=CARTESIAN_POINT('Ctrl Pts',(5.80232224890519,-3.12266275157958,-96.8184130099671));
#4954=CARTESIAN_POINT('Ctrl Pts',(5.50000000000001,-3.5,-101.6));
#4955=CARTESIAN_POINT('Ctrl Pts',(6.61199593434265,-2.90888434820411,-91.5999741122308));
#4956=CARTESIAN_POINT('Ctrl Pts',(6.60647478085696,-2.93803434537938,-91.9831676377512));
#4957=CARTESIAN_POINT('Ctrl Pts',(6.05323739042848,-3.21901717268969,-96.7915838188756));
#4958=CARTESIAN_POINT('Ctrl Pts',(5.50000000000001,-3.5,-101.6));
#4959=CARTESIAN_POINT('Ctrl Pts',(6.98699617299557,-3.05821275375199,-91.5999758962541));
#4960=CARTESIAN_POINT('Ctrl Pts',(6.97794283777051,-3.08546323749906,-91.9567543607));
#4961=CARTESIAN_POINT('Ctrl Pts',(6.23897141888525,-3.29273161874953,-96.77837718035));
#4962=CARTESIAN_POINT('Ctrl Pts',(5.50000000000001,-3.5,-101.6));
#4963=CARTESIAN_POINT('Ctrl Pts',(7.23699574098494,-3.15776520318936,-91.5999766644097));
#4964=CARTESIAN_POINT('Ctrl Pts',(7.23433960229726,-3.18109770393726,-91.9453814676742));
#4965=CARTESIAN_POINT('Ctrl Pts',(6.36716980114863,-3.34054885196863,-96.7726907338371));
#4966=CARTESIAN_POINT('Ctrl Pts',(5.50000000000001,-3.5,-101.6));
#4967=CARTESIAN_POINT('Ctrl Pts',(7.42449707678812,-3.23242894510162,-91.5999771188872));
#4968=CARTESIAN_POINT('Ctrl Pts',(7.40206273733047,-3.26163512309461,-91.9386527206815));
#4969=CARTESIAN_POINT('Ctrl Pts',(6.45103136866524,-3.38081756154731,-96.7693263603407));
#4970=CARTESIAN_POINT('Ctrl Pts',(5.50000000000001,-3.5,-101.6));
#4971=CARTESIAN_POINT('Ctrl Pts',(7.54949374865575,-3.28220624416982,-91.5999770857972));
#4972=CARTESIAN_POINT('Ctrl Pts',(7.576337319519,-3.29354593407216,-91.9391426329856));
#4973=CARTESIAN_POINT('Ctrl Pts',(6.5381686597595,-3.39677296703608,-96.7695713164928));
#4974=CARTESIAN_POINT('Ctrl Pts',(5.50000000000001,-3.5,-101.6));
#4975=CARTESIAN_POINT('Ctrl Pts',(7.6352768267227,-3.31636349602555,-91.5999772719181));
#4976=CARTESIAN_POINT('Ctrl Pts',(7.61576838897607,-3.34358902991103,-91.9363870297538));
#4977=CARTESIAN_POINT('Ctrl Pts',(6.55788419448804,-3.42179451495551,-96.7681935148769));
#4978=CARTESIAN_POINT('Ctrl Pts',(5.50000000000001,-3.5,-101.6));
#4979=CARTESIAN_POINT('Ctrl Pts',(7.67444219705471,-3.35308201324925,-91.5999774151613));
#4980=CARTESIAN_POINT('Ctrl Pts',(7.61356642522662,-3.39462105760739,-91.9342662494079));
#4981=CARTESIAN_POINT('Ctrl Pts',(6.55678321261331,-3.44731052880369,-96.7671331247039));
#4982=CARTESIAN_POINT('Ctrl Pts',(5.50000000000001,-3.5,-101.6));
#4983=CARTESIAN_POINT('Ctrl Pts',(7.67963254760397,-3.43382255778349,-91.5999774591942));
#4984=CARTESIAN_POINT('Ctrl Pts',(7.60813559541571,-3.4077674336727,-91.9336143206306));
#4985=CARTESIAN_POINT('Ctrl Pts',(6.55406779770785,-3.45388371683635,-96.7668071603153));
#4986=CARTESIAN_POINT('Ctrl Pts',(5.50000000000001,-3.5,-101.6));
#4987=CARTESIAN_POINT('Ctrl Pts',(7.62835887588203,-3.49606079768415,-91.5999772473544));
#4988=CARTESIAN_POINT('Ctrl Pts',(7.6219168168426,-3.45553698012368,-91.9367507062521));
#4989=CARTESIAN_POINT('Ctrl Pts',(6.5609584084213,-3.47776849006184,-96.7683753531261));
#4990=CARTESIAN_POINT('Ctrl Pts',(5.50000000000001,-3.5,-101.6));
#4991=CARTESIAN_POINT('Ctrl Pts',(7.57512578138369,-3.50309149429163,-91.5999772291768));
#4992=CARTESIAN_POINT('Ctrl Pts',(7.56967581748252,-3.50467767122054,-91.9370198340658));
#4993=CARTESIAN_POINT('Ctrl Pts',(6.53483790874126,-3.50233883561027,-96.7685099170329));
#4994=CARTESIAN_POINT('Ctrl Pts',(5.50000000000001,-3.5,-101.6));
#4995=CARTESIAN_POINT('Ctrl Pts',(7.47789529578918,-3.47884973921279,-91.5999771856785));
#4996=CARTESIAN_POINT('Ctrl Pts',(7.4737436115374,-3.53393872701205,-91.9376638453402));
#4997=CARTESIAN_POINT('Ctrl Pts',(6.4868718057687,-3.51696936350603,-96.7688319226701));
#4998=CARTESIAN_POINT('Ctrl Pts',(5.50000000000001,-3.5,-101.6));
#4999=CARTESIAN_POINT('Ctrl Pts',(7.33206203917143,-3.44249948913118,-91.5999770882653));
#5000=CARTESIAN_POINT('Ctrl Pts',(7.32677362839612,-3.43976615960133,-91.9391060920002));
#5001=CARTESIAN_POINT('Ctrl Pts',(6.41338681419806,-3.46988307980066,-96.7695530460001));
#5002=CARTESIAN_POINT('Ctrl Pts',(5.50000000000001,-3.5,-101.6));
#5003=CARTESIAN_POINT('Ctrl Pts',(7.11331198962373,-3.38796660671735,-91.5999767345644));
#5004=CARTESIAN_POINT('Ctrl Pts',(7.10875570018215,-3.40965611495239,-91.9443427950828));
#5005=CARTESIAN_POINT('Ctrl Pts',(6.30437785009108,-3.45482805747619,-96.7721713975414));
#5006=CARTESIAN_POINT('Ctrl Pts',(5.50000000000001,-3.5,-101.6));
#5007=CARTESIAN_POINT('Ctrl Pts',(6.89456198638873,-3.33343572263478,-91.5999762053708));
#5008=CARTESIAN_POINT('Ctrl Pts',(6.89005188242323,-3.34995981427184,-91.9521777472451));
#5009=CARTESIAN_POINT('Ctrl Pts',(6.19502594121161,-3.42497990713592,-96.7760888736226));
#5010=CARTESIAN_POINT('Ctrl Pts',(5.50000000000001,-3.5,-101.6));
#5011=CARTESIAN_POINT('Ctrl Pts',(6.67581197239844,-3.27890429003049,-91.5999754940187));
#5012=CARTESIAN_POINT('Ctrl Pts',(6.67150712757105,-3.29838458392958,-91.9627096406271));
#5013=CARTESIAN_POINT('Ctrl Pts',(6.08575356378553,-3.39919229196479,-96.7813548203135));
#5014=CARTESIAN_POINT('Ctrl Pts',(5.50000000000001,-3.5,-101.6));
#5015=CARTESIAN_POINT('Ctrl Pts',(6.31122862213766,-3.18801878028901,-91.5999740101696));
#5016=CARTESIAN_POINT('Ctrl Pts',(6.30717103517291,-3.20929792434557,-91.9846787004234));
#5017=CARTESIAN_POINT('Ctrl Pts',(5.90358551758645,-3.35464896217279,-96.7923393502117));
#5018=CARTESIAN_POINT('Ctrl Pts',(5.50000000000001,-3.5,-101.6));
#5019=CARTESIAN_POINT('Ctrl Pts',(5.94664527135758,-3.09713315721155,-91.5999719314328));
#5020=CARTESIAN_POINT('Ctrl Pts',(5.94284228314587,-3.12188916881963,-92.0154553459058));
#5021=CARTESIAN_POINT('Ctrl Pts',(5.72142114157294,-3.31094458440981,-96.8077276729529));
#5022=CARTESIAN_POINT('Ctrl Pts',(5.50000000000001,-3.5,-101.6));
#5023=CARTESIAN_POINT('Ctrl Pts',(5.50914524710353,-2.98807037284463,-91.5999687249049));
#5024=CARTESIAN_POINT('Ctrl Pts',(5.50569690455621,-3.01754163696785,-92.0629294513955));
#5025=CARTESIAN_POINT('Ctrl Pts',(5.50284845227811,-3.25877081848392,-96.8314647256978));
#5026=CARTESIAN_POINT('Ctrl Pts',(5.50000000000001,-3.5,-101.6));
#5027=CARTESIAN_POINT('Ctrl Pts',(4.92581187630192,-2.8426532487252,-91.599963734211));
#5028=CARTESIAN_POINT('Ctrl Pts',(4.92291234507289,-2.87957081539882,-92.1368189470226));
#5029=CARTESIAN_POINT('Ctrl Pts',(5.21145617253644,-3.18978540769941,-96.8684094735113));
#5030=CARTESIAN_POINT('Ctrl Pts',(5.50000000000001,-3.5,-101.6));
#5031=CARTESIAN_POINT('Ctrl Pts',(4.19664513286546,-2.66088160899261,-91.5999553923605));
#5032=CARTESIAN_POINT('Ctrl Pts',(4.19487483859776,-2.71058040102564,-92.2603238410231));
#5033=CARTESIAN_POINT('Ctrl Pts',(4.84743741929888,-3.10529020051282,-96.9301619205115));
#5034=CARTESIAN_POINT('Ctrl Pts',(5.50000000000001,-3.5,-101.6));
#5035=CARTESIAN_POINT('Ctrl Pts',(3.24872831521086,-2.42457799913044,-91.5999412575964));
#5036=CARTESIAN_POINT('Ctrl Pts',(3.24918393033164,-2.49797297608493,-92.4695954581294));
#5037=CARTESIAN_POINT('Ctrl Pts',(4.37459196516582,-2.99898648804246,-97.0347977290647));
#5038=CARTESIAN_POINT('Ctrl Pts',(5.50000000000001,-3.5,-101.6));
#5039=CARTESIAN_POINT('Ctrl Pts',(2.08206126061897,-2.13374212886505,-91.5999195950678));
#5040=CARTESIAN_POINT('Ctrl Pts',(2.08824875089196,-2.24604617418759,-92.7903190566894));
#5041=CARTESIAN_POINT('Ctrl Pts',(3.79412437544598,-2.87302308709379,-97.1951595283447));
#5042=CARTESIAN_POINT('Ctrl Pts',(5.50000000000001,-3.5,-101.6));
#5043=CARTESIAN_POINT('Ctrl Pts',(1.13414451629218,-1.89743670995364,-91.5998959789611));
#5044=CARTESIAN_POINT('Ctrl Pts',(1.1414721910001,-2.06022254690326,-93.1399662678399));
#5045=CARTESIAN_POINT('Ctrl Pts',(3.32073609550005,-2.78011127345163,-97.3699831339199));
#5046=CARTESIAN_POINT('Ctrl Pts',(5.50000000000001,-3.5,-101.6));
#5047=CARTESIAN_POINT('Ctrl Pts',(0.0505226140242759,-1.62730073936806,
-91.5998638226034));
#5048=CARTESIAN_POINT('Ctrl Pts',(0.0738332994406486,-1.86211072620692,
-93.6160557836204));
#5049=CARTESIAN_POINT('Ctrl Pts',(2.78691664972032,-2.68105536310346,-97.6080278918102));
#5050=CARTESIAN_POINT('Ctrl Pts',(5.50000000000001,-3.5,-101.6));
#5051=CARTESIAN_POINT('Ctrl Pts',(-0.957675301092092,-1.40843028586511,
-91.5998300448827));
#5052=CARTESIAN_POINT('Ctrl Pts',(-0.90798177096632,-1.72108183130817,-94.1161503187763));
#5053=CARTESIAN_POINT('Ctrl Pts',(2.29600911451684,-2.61054091565409,-97.8580751593881));
#5054=CARTESIAN_POINT('Ctrl Pts',(5.50000000000001,-3.5,-101.6));
#5055=CARTESIAN_POINT('Ctrl Pts',(-2.48719605637661,-1.1730470434405,-91.5997691029422));
#5056=CARTESIAN_POINT('Ctrl Pts',(-2.3855760079659,-1.6146029972477,-95.0184234891912));
#5057=CARTESIAN_POINT('Ctrl Pts',(1.55721199601705,-2.55730149862385,-98.3092117445956));
#5058=CARTESIAN_POINT('Ctrl Pts',(5.50000000000001,-3.5,-101.6));
#5059=CARTESIAN_POINT('Ctrl Pts',(-3.80806974269412,-1.05168987879746,-91.5997089726658));
#5060=CARTESIAN_POINT('Ctrl Pts',(-3.59912511836737,-1.5798510359874,-95.9086796106333));
#5061=CARTESIAN_POINT('Ctrl Pts',(0.950437440816317,-2.5399255179937,-98.7543398053166));
#5062=CARTESIAN_POINT('Ctrl Pts',(5.50000000000001,-3.5,-101.6));
#5063=CARTESIAN_POINT('Ctrl Pts',(-4.83844513856891,-1.0067171654875,-91.5996610929194));
#5064=CARTESIAN_POINT('Ctrl Pts',(-4.61688879888333,-1.4939065832902,-96.6175610533973));
#5065=CARTESIAN_POINT('Ctrl Pts',(0.441555600558337,-2.4969532916451,-99.1087805266987));
#5066=CARTESIAN_POINT('Ctrl Pts',(5.50000000000001,-3.5,-101.6));
#5067=CARTESIAN_POINT('Ctrl Pts',(-5.35405332714231,-0.999965428404154,
-91.599634660192));
#5068=CARTESIAN_POINT('Ctrl Pts',(-5.00045905463176,-1.51182007349601,-97.0089096155811));
#5069=CARTESIAN_POINT('Ctrl Pts',(0.249770472684119,-2.505910036748,-99.3044548077905));
#5070=CARTESIAN_POINT('Ctrl Pts',(5.50000000000001,-3.5,-101.6));
#5071=CARTESIAN_POINT('Ctrl Pts',(-5.7720562371591,-0.999971777669965,-91.599616716729));
#5072=CARTESIAN_POINT('Ctrl Pts',(-5.50575496664462,-1.41781630249471,-97.2745707551719));
#5073=CARTESIAN_POINT('Ctrl Pts',(-0.00287748332230886,-2.45890815124736,
-99.4372853775859));
#5074=CARTESIAN_POINT('Ctrl Pts',(5.50000000000001,-3.5,-101.6));
#5075=CARTESIAN_POINT('Ctrl Pts',(-6.16480151310365,-0.837134975754036,
-91.5996027312682));
#5076=CARTESIAN_POINT('Ctrl Pts',(-6.14416550648349,-1.07050899780594,-97.4816318697434));
#5077=CARTESIAN_POINT('Ctrl Pts',(-0.322082753241745,-2.28525449890297,
-99.5408159348717));
#5078=CARTESIAN_POINT('Ctrl Pts',(5.50000000000001,-3.5,-101.6));
#5079=CARTESIAN_POINT('Ctrl Pts',(-6.4075218946846,-0.245397935667097,-91.5995648634951));
#5080=CARTESIAN_POINT('Ctrl Pts',(-5.74279668515465,-0.473032970608296,
-98.0422814900097));
#5081=CARTESIAN_POINT('Ctrl Pts',(-0.121398342577328,-1.98651648530415,
-99.8211407450049));
#5082=CARTESIAN_POINT('Ctrl Pts',(5.50000000000001,-3.5,-101.6));
#5083=CARTESIAN_POINT('Ctrl Pts',(-6.15830408503457,0.343683457236363,-91.5995605800157));
#5084=CARTESIAN_POINT('Ctrl Pts',(-6.01600372100114,-0.682858933659227,
-98.1057003529771));
#5085=CARTESIAN_POINT('Ctrl Pts',(-0.25800186050057,-2.09142946682961,-99.8528501764886));
#5086=CARTESIAN_POINT('Ctrl Pts',(5.50000000000001,-3.5,-101.6));
#5087=CARTESIAN_POINT('Ctrl Pts',(-5.76378610937294,0.502175496730144,-91.5995393292693));
#5088=CARTESIAN_POINT('Ctrl Pts',(-5.40694906080591,-0.236000695303424,
-98.4203273279453));
#5089=CARTESIAN_POINT('Ctrl Pts',(0.0465254695970441,-1.86800034765171,
-100.010163663973));
#5090=CARTESIAN_POINT('Ctrl Pts',(5.50000000000001,-3.5,-101.6));
#5091=CARTESIAN_POINT('Ctrl Pts',(-5.56676214992956,0.499999691723221,-91.5995419895645));
#5092=CARTESIAN_POINT('Ctrl Pts',(-5.17555622809644,-0.169581944936114,
-98.3809404472444));
#5093=CARTESIAN_POINT('Ctrl Pts',(0.162221885951782,-1.83479097246806,-99.9904702236222));
#5094=CARTESIAN_POINT('Ctrl Pts',(5.50000000000001,-3.5,-101.6));
#5095=UNCERTAINTY_MEASURE_WITH_UNIT(LENGTH_MEASURE(0.01),#5099,
'DISTANCE_ACCURACY_VALUE',
'Maximum model space distance between geometric entities at asserted c
onnectivities');
#5096=UNCERTAINTY_MEASURE_WITH_UNIT(LENGTH_MEASURE(0.01),#5099,
'DISTANCE_ACCURACY_VALUE',
'Maximum model space distance between geometric entities at asserted c
onnectivities');
#5097=(
GEOMETRIC_REPRESENTATION_CONTEXT(3)
GLOBAL_UNCERTAINTY_ASSIGNED_CONTEXT((#5095))
GLOBAL_UNIT_ASSIGNED_CONTEXT((#5099,#5101,#5102))
REPRESENTATION_CONTEXT('','3D')
);
#5098=(
GEOMETRIC_REPRESENTATION_CONTEXT(3)
GLOBAL_UNCERTAINTY_ASSIGNED_CONTEXT((#5096))
GLOBAL_UNIT_ASSIGNED_CONTEXT((#5099,#5101,#5102))
REPRESENTATION_CONTEXT('','3D')
);
#5099=(
LENGTH_UNIT()
NAMED_UNIT(*)
SI_UNIT(.MILLI.,.METRE.)
);
#5100=(
LENGTH_UNIT()
NAMED_UNIT(*)
SI_UNIT($,.METRE.)
);
#5101=(
NAMED_UNIT(*)
PLANE_ANGLE_UNIT()
SI_UNIT($,.RADIAN.)
);
#5102=(
NAMED_UNIT(*)
SI_UNIT($,.STERADIAN.)
SOLID_ANGLE_UNIT()
);
#5103=SHAPE_DEFINITION_REPRESENTATION(#5104,#5105);
#5104=PRODUCT_DEFINITION_SHAPE('',$,#5107);
#5105=SHAPE_REPRESENTATION('',(#559),#5097);
#5106=PRODUCT_DEFINITION_CONTEXT('part definition',#5111,'design');
#5107=PRODUCT_DEFINITION('PROPELLER - 8x4.5 CCW','Propeller_CCW v3',#5108,
#5106);
#5108=PRODUCT_DEFINITION_FORMATION('',$,#5113);
#5109=PRODUCT_RELATED_PRODUCT_CATEGORY('Propeller_CCW v3',
'Propeller_CCW v3',(#5113));
#5110=APPLICATION_PROTOCOL_DEFINITION('international standard',
'automotive_design',2009,#5111);
#5111=APPLICATION_CONTEXT(
'Core Data for Automotive Mechanical Design Process');
#5112=PRODUCT_CONTEXT('part definition',#5111,'mechanical');
#5113=PRODUCT('PROPELLER - 8x4.5 CCW','Propeller_CCW v3','STEP AP203',(#5112));
#5114=PRESENTATION_STYLE_ASSIGNMENT((#5116));
#5115=PRESENTATION_STYLE_ASSIGNMENT((#5117));
#5116=SURFACE_STYLE_USAGE(.BOTH.,#5118);
#5117=SURFACE_STYLE_USAGE(.BOTH.,#5119);
#5118=SURFACE_SIDE_STYLE('',(#5120));
#5119=SURFACE_SIDE_STYLE('',(#5121));
#5120=SURFACE_STYLE_FILL_AREA(#5122);
#5121=SURFACE_STYLE_FILL_AREA(#5123);
#5122=FILL_AREA_STYLE('Acero - Satinado',(#5124));
#5123=FILL_AREA_STYLE('Pintura - Esmaltado brillante (verde)',(#5125));
#5124=FILL_AREA_STYLE_COLOUR('Acero - Satinado',#5126);
#5125=FILL_AREA_STYLE_COLOUR('Pintura - Esmaltado brillante (verde)',#5127);
#5126=COLOUR_RGB('Acero - Satinado',0.627450980392157,0.627450980392157,
0.627450980392157);
#5127=COLOUR_RGB('Pintura - Esmaltado brillante (verde)',0.266666666666667,
0.588235294117647,0.282352941176471);
ENDSEC;
END-ISO-10303-21;
