ISO-10303-21;
HEADER;
/* Generated by software containing ST-Developer
 * from STEP Tools, Inc. (www.steptools.com) 
 */

FILE_DESCRIPTION(
/* description */ ('STEP AP203'),
/* implementation_level */ '2;1');

FILE_NAME(
/* name */ 'Propeller_CW.step',
/* time_stamp */ '2026-08-07T19:29:55-05:00',
/* author */ (''),
/* organization */ (''),
/* preprocessor_version */ 'ST-DEVELOPER v20.1',
/* originating_system */ 'Autodesk Translation Framework v15.8.0.0',
/* authorisation */ '');

FILE_SCHEMA (('AUTOMOTIVE_DESIGN { 1 0 10303 214 3 1 1 }'));
ENDSEC;

DATA;
#10=MECHANICAL_DESIGN_GEOMETRIC_PRESENTATION_REPRESENTATION('',(#13,#14),
#5098);
#11=SHAPE_REPRESENTATION_RELATIONSHIP('SRR','None',#5105,#12);
#12=ADVANCED_BREP_SHAPE_REPRESENTATION('',(#15,#16),#5097);
#13=STYLED_ITEM('',(#5115),#15);
#14=STYLED_ITEM('',(#5115),#16);
#15=MANIFOLD_SOLID_BREP('Cuerpo1',#545);
#16=MANIFOLD_SOLID_BREP('Cuerpo2',#546);
#17=FACE_BOUND('',#97,.T.);
#18=FACE_BOUND('',#99,.T.);
#19=FACE_BOUND('',#111,.T.);
#20=FACE_BOUND('',#113,.T.);
#21=PLANE('',#569);
#22=PLANE('',#570);
#23=PLANE('',#590);
#24=PLANE('',#591);
#25=ELLIPSE('',#567,1.24999681677404,1.24999363345144);
#26=ELLIPSE('',#588,1.24999681677404,1.24999363345144);
#27=B_SPLINE_CURVE_WITH_KNOTS('',3,(#911,#912,#913,#914),.UNSPECIFIED.,
 .F.,.F.,(4,4),(0.,1.),.UNSPECIFIED.);
#28=B_SPLINE_CURVE_WITH_KNOTS('',3,(#916,#917,#918,#919),.UNSPECIFIED.,
 .F.,.F.,(4,4),(0.,1.),.UNSPECIFIED.);
#29=B_SPLINE_CURVE_WITH_KNOTS('',3,(#929,#930,#931,#932,#933,#934,#935,
#936,#937,#938,#939,#940,#941,#942,#943,#944,#945,#946),.UNSPECIFIED.,.F.,
 .F.,(4,2,2,2,2,2,2,2,4),(0.,0.00100420961253166,0.0018928639803695,0.0107772424522889,
0.0520406930828609,0.131091874306425,0.291853982916864,0.523140129310901,
0.718574084029166),.UNSPECIFIED.);
#30=B_SPLINE_CURVE_WITH_KNOTS('',3,(#950,#951,#952,#953,#954,#955,#956,
#957,#958,#959,#960,#961),.UNSPECIFIED.,.F.,.F.,(4,2,2,2,2,4),(0.,0.0860735089991368,
0.174500023701111,0.335159520456991,0.374527452198169,0.385108578621128),
 .UNSPECIFIED.);
#31=B_SPLINE_CURVE_WITH_KNOTS('',3,(#963,#964,#965,#966,#967,#968,#969,
#970,#971,#972),.UNSPECIFIED.,.F.,.F.,(4,2,2,2,4),(-0.644923545383556,-0.621501914230162,
-0.600077817020882,-0.565376027576635,-0.534950727556674),.UNSPECIFIED.);
#32=B_SPLINE_CURVE_WITH_KNOTS('',3,(#977,#978,#979,#980,#981,#982,#983,
#984,#985,#986,#987,#988,#989,#990,#991,#992,#993,#994,#995,#996,#997,#998,
#999,#1000,#1001,#1002,#1003,#1004,#1005,#1006,#1007,#1008,#1009,#1010,
#1011,#1012,#1013,#1014,#1015,#1016,#1017,#1018),.UNSPECIFIED.,.F.,.F.,
(4,2,2,2,2,2,2,2,2,2,2,2,2,2,2,2,2,2,2,2,4),(-0.534950727556674,-0.53443624621767,
-0.491001990040252,-0.373926546754776,-0.256559324929231,-0.186094814966404,
-0.137204166106944,-0.0696429775360553,-0.0560161090714055,-0.0508347458548964,
-0.0504228554654169,-0.0503045806417412,-0.0502295362938643,-0.0501692590547353,
-0.0501052037380019,-0.0500049068745213,-0.049794804504126,-0.0486245129251486,
-0.0466203454695141,-0.0153968599011372,0.),.UNSPECIFIED.);
#33=B_SPLINE_CURVE_WITH_KNOTS('',3,(#1019,#1020,#1021,#1022,#1023,#1024,
#1025,#1026,#1027,#1028,#1029,#1030),.UNSPECIFIED.,.F.,.F.,(4,2,2,2,2,4),
(0.718574084029166,0.778399985106003,1.04241217046343,1.1515697137477,1.29844423950689,
1.51549951427743),.UNSPECIFIED.);
#34=B_SPLINE_CURVE_WITH_KNOTS('',3,(#1134,#1135,#1136,#1137),
 .UNSPECIFIED.,.F.,.F.,(4,4),(0.,0.862318896646444),.UNSPECIFIED.);
#35=B_SPLINE_CURVE_WITH_KNOTS('',3,(#1144,#1145,#1146,#1147),
 .UNSPECIFIED.,.F.,.F.,(4,4),(0.0245151469736929,1.),.UNSPECIFIED.);
#36=B_SPLINE_CURVE_WITH_KNOTS('',3,(#1306,#1307,#1308,#1309),
 .UNSPECIFIED.,.F.,.F.,(4,4),(0.,1.),.UNSPECIFIED.);
#37=B_SPLINE_CURVE_WITH_KNOTS('',3,(#1316,#1317,#1318,#1319),
 .UNSPECIFIED.,.F.,.F.,(4,4),(0.,1.),.UNSPECIFIED.);
#38=B_SPLINE_CURVE_WITH_KNOTS('',5,(#2641,#2642,#2643,#2644,#2645,#2646),
 .UNSPECIFIED.,.F.,.F.,(6,6),(0.,1.),.UNSPECIFIED.);
#39=B_SPLINE_CURVE_WITH_KNOTS('',5,(#2647,#2648,#2649,#2650,#2651,#2652),
 .UNSPECIFIED.,.F.,.F.,(6,6),(0.,1.),.UNSPECIFIED.);
#40=B_SPLINE_CURVE_WITH_KNOTS('',3,(#3102,#3103,#3104,#3105),
 .UNSPECIFIED.,.F.,.F.,(4,4),(0.,1.),.UNSPECIFIED.);
#41=B_SPLINE_CURVE_WITH_KNOTS('',3,(#3107,#3108,#3109,#3110),
 .UNSPECIFIED.,.F.,.F.,(4,4),(0.,1.),.UNSPECIFIED.);
#42=B_SPLINE_CURVE_WITH_KNOTS('',3,(#3120,#3121,#3122,#3123,#3124,#3125,
#3126,#3127,#3128,#3129,#3130,#3131,#3132,#3133,#3134,#3135,#3136,#3137),
 .UNSPECIFIED.,.F.,.F.,(4,2,2,2,2,2,2,2,4),(0.,0.00100420961253166,0.0018928639803695,
0.0107772424522889,0.0520406930828609,0.131091874306425,0.291853982916864,
0.523140129310901,0.718574084029166),.UNSPECIFIED.);
#43=B_SPLINE_CURVE_WITH_KNOTS('',3,(#3141,#3142,#3143,#3144,#3145,#3146,
#3147,#3148,#3149,#3150,#3151,#3152),.UNSPECIFIED.,.F.,.F.,(4,2,2,2,2,4),
(0.,0.0860735089991368,0.174500023701111,0.335159520456991,0.374527452198169,
0.385108578621128),.UNSPECIFIED.);
#44=B_SPLINE_CURVE_WITH_KNOTS('',3,(#3154,#3155,#3156,#3157,#3158,#3159,
#3160,#3161,#3162,#3163),.UNSPECIFIED.,.F.,.F.,(4,2,2,2,4),(-0.644923545383556,
-0.621501914230162,-0.600077817020882,-0.565376027576635,-0.534950727556674),
 .UNSPECIFIED.);
#45=B_SPLINE_CURVE_WITH_KNOTS('',3,(#3168,#3169,#3170,#3171,#3172,#3173,
#3174,#3175,#3176,#3177,#3178,#3179,#3180,#3181,#3182,#3183,#3184,#3185,
#3186,#3187,#3188,#3189,#3190,#3191,#3192,#3193,#3194,#3195,#3196,#3197,
#3198,#3199,#3200,#3201,#3202,#3203,#3204,#3205,#3206,#3207,#3208,#3209),
 .UNSPECIFIED.,.F.,.F.,(4,2,2,2,2,2,2,2,2,2,2,2,2,2,2,2,2,2,2,2,4),(-0.534950727556674,
-0.53443624621767,-0.491001990040252,-0.373926546754776,-0.256559324929231,
-0.186094814966404,-0.137204166106944,-0.0696429775360553,-0.0560161090714055,
-0.0508347458548964,-0.0504228554654169,-0.0503045806417412,-0.0502295362938643,
-0.0501692590547353,-0.0501052037380019,-0.0500049068745213,-0.049794804504126,
-0.0486245129251486,-0.0466203454695141,-0.0153968599011372,0.),
 .UNSPECIFIED.);
#46=B_SPLINE_CURVE_WITH_KNOTS('',3,(#3210,#3211,#3212,#3213,#3214,#3215,
#3216,#3217,#3218,#3219,#3220,#3221),.UNSPECIFIED.,.F.,.F.,(4,2,2,2,2,4),
(0.718574084029166,0.778399985106003,1.04241217046343,1.1515697137477,1.29844423950689,
1.51549951427743),.UNSPECIFIED.);
#47=B_SPLINE_CURVE_WITH_KNOTS('',3,(#3325,#3326,#3327,#3328),
 .UNSPECIFIED.,.F.,.F.,(4,4),(0.,0.862318896646444),.UNSPECIFIED.);
#48=B_SPLINE_CURVE_WITH_KNOTS('',3,(#3335,#3336,#3337,#3338),
 .UNSPECIFIED.,.F.,.F.,(4,4),(0.0245151469736929,1.),.UNSPECIFIED.);
#49=B_SPLINE_CURVE_WITH_KNOTS('',3,(#3497,#3498,#3499,#3500),
 .UNSPECIFIED.,.F.,.F.,(4,4),(0.,1.),.UNSPECIFIED.);
#50=B_SPLINE_CURVE_WITH_KNOTS('',3,(#3507,#3508,#3509,#3510),
 .UNSPECIFIED.,.F.,.F.,(4,4),(0.,1.),.UNSPECIFIED.);
#51=B_SPLINE_CURVE_WITH_KNOTS('',5,(#4832,#4833,#4834,#4835,#4836,#4837),
 .UNSPECIFIED.,.F.,.F.,(6,6),(0.,1.),.UNSPECIFIED.);
#52=B_SPLINE_CURVE_WITH_KNOTS('',5,(#4838,#4839,#4840,#4841,#4842,#4843),
 .UNSPECIFIED.,.F.,.F.,(6,6),(0.,1.),.UNSPECIFIED.);
#53=B_SPLINE_SURFACE_WITH_KNOTS('',3,3,((#719,#720,#721,#722),(#723,#724,
#725,#726),(#727,#728,#729,#730),(#731,#732,#733,#734),(#735,#736,#737,
#738),(#739,#740,#741,#742),(#743,#744,#745,#746),(#747,#748,#749,#750),
(#751,#752,#753,#754),(#755,#756,#757,#758),(#759,#760,#761,#762),(#763,
#764,#765,#766),(#767,#768,#769,#770),(#771,#772,#773,#774),(#775,#776,
#777,#778),(#779,#780,#781,#782),(#783,#784,#785,#786),(#787,#788,#789,
#790),(#791,#792,#793,#794),(#795,#796,#797,#798),(#799,#800,#801,#802),
(#803,#804,#805,#806),(#807,#808,#809,#810),(#811,#812,#813,#814),(#815,
#816,#817,#818),(#819,#820,#821,#822),(#823,#824,#825,#826),(#827,#828,
#829,#830),(#831,#832,#833,#834),(#835,#836,#837,#838),(#839,#840,#841,
#842),(#843,#844,#845,#846),(#847,#848,#849,#850),(#851,#852,#853,#854),
(#855,#856,#857,#858),(#859,#860,#861,#862),(#863,#864,#865,#866),(#867,
#868,#869,#870),(#871,#872,#873,#874),(#875,#876,#877,#878),(#879,#880,
#881,#882),(#883,#884,#885,#886),(#887,#888,#889,#890),(#891,#892,#893,
#894),(#895,#896,#897,#898),(#899,#900,#901,#902),(#903,#904,#905,#906)),
 .UNSPECIFIED.,.T.,.F.,.F.,(4,1,1,1,1,2,1,1,1,1,1,1,1,1,2,1,1,1,2,1,1,1,
1,1,1,1,1,1,1,1,2,1,1,1,1,2,1,1,1,4),(4,4),(0.,0.0230859424438305,0.0615625131835479,
0.123125026367096,0.184687539550644,0.246250052734192,0.300278121240455,
0.354306189746718,0.388073732563132,0.408334258252981,0.428594783942829,
0.442101801069395,0.448855309632678,0.455608818195961,0.462362326759243,
0.464877867960321,0.467393409161398,0.469908950362475,0.472424491563552,
0.479968577563962,0.487512663564372,0.495056749564782,0.502600835565191,
0.510144921565601,0.53277717956683,0.54032126556724,0.55540943756806,0.593129867570108,
0.615762125571337,0.653482555573386,0.713835243576664,0.765595863188862,
0.817356482801059,0.869117102413257,0.898694599334513,0.920877722025455,
0.940658291519091,0.960438861012727,0.980219430506364,1.),(-2.25139703511231E-5,
1.),.UNSPECIFIED.);
#54=B_SPLINE_SURFACE_WITH_KNOTS('',3,3,((#1033,#1034,#1035,#1036),(#1037,
#1038,#1039,#1040),(#1041,#1042,#1043,#1044),(#1045,#1046,#1047,#1048),
(#1049,#1050,#1051,#1052),(#1053,#1054,#1055,#1056),(#1057,#1058,#1059,
#1060),(#1061,#1062,#1063,#1064),(#1065,#1066,#1067,#1068),(#1069,#1070,
#1071,#1072),(#1073,#1074,#1075,#1076),(#1077,#1078,#1079,#1080),(#1081,
#1082,#1083,#1084),(#1085,#1086,#1087,#1088),(#1089,#1090,#1091,#1092),
(#1093,#1094,#1095,#1096),(#1097,#1098,#1099,#1100),(#1101,#1102,#1103,
#1104),(#1105,#1106,#1107,#1108),(#1109,#1110,#1111,#1112),(#1113,#1114,
#1115,#1116),(#1117,#1118,#1119,#1120),(#1121,#1122,#1123,#1124),(#1125,
#1126,#1127,#1128),(#1129,#1130,#1131,#1132)),.UNSPECIFIED.,.F.,.F.,.F.,
(4,1,1,1,1,1,1,2,1,1,1,2,1,1,1,1,1,1,1,1,4),(4,4),(0.,0.142436836238851,
0.213655254358277,0.284873672477702,0.356092090597128,0.427310508716554,
0.498528926835979,0.569747344955405,0.669624959888949,0.769502574822493,
0.869380189756038,0.969257804689582,0.976943353517186,0.980786127930989,
0.984628902344791,0.988471676758593,0.992314451172396,0.994235838379297,
0.996157225586198,0.998078612793099,1.),(0.,1.),.UNSPECIFIED.);
#55=B_SPLINE_SURFACE_WITH_KNOTS('',3,3,((#1148,#1149,#1150,#1151),(#1152,
#1153,#1154,#1155),(#1156,#1157,#1158,#1159),(#1160,#1161,#1162,#1163),
(#1164,#1165,#1166,#1167),(#1168,#1169,#1170,#1171),(#1172,#1173,#1174,
#1175),(#1176,#1177,#1178,#1179),(#1180,#1181,#1182,#1183),(#1184,#1185,
#1186,#1187),(#1188,#1189,#1190,#1191),(#1192,#1193,#1194,#1195),(#1196,
#1197,#1198,#1199),(#1200,#1201,#1202,#1203),(#1204,#1205,#1206,#1207),
(#1208,#1209,#1210,#1211),(#1212,#1213,#1214,#1215),(#1216,#1217,#1218,
#1219),(#1220,#1221,#1222,#1223),(#1224,#1225,#1226,#1227),(#1228,#1229,
#1230,#1231)),.UNSPECIFIED.,.F.,.F.,.F.,(4,1,1,1,2,1,1,1,2,1,1,1,1,1,1,
1,4),(4,4),(0.,0.053225286558038,0.106450573116076,0.159675859674114,0.212901146232152,
0.359042006112126,0.5051828659921,0.651323725872074,0.797464585752048,0.822781512533042,
0.848098439314036,0.87341536609503,0.898732292876024,0.924049219657018,
0.949366146438012,0.974683073219006,1.),(0.,1.),.UNSPECIFIED.);
#56=B_SPLINE_SURFACE_WITH_KNOTS('',3,3,((#1237,#1238,#1239,#1240),(#1241,
#1242,#1243,#1244),(#1245,#1246,#1247,#1248),(#1249,#1250,#1251,#1252),
(#1253,#1254,#1255,#1256),(#1257,#1258,#1259,#1260),(#1261,#1262,#1263,
#1264),(#1265,#1266,#1267,#1268),(#1269,#1270,#1271,#1272),(#1273,#1274,
#1275,#1276),(#1277,#1278,#1279,#1280),(#1281,#1282,#1283,#1284),(#1285,
#1286,#1287,#1288),(#1289,#1290,#1291,#1292),(#1293,#1294,#1295,#1296),
(#1297,#1298,#1299,#1300),(#1301,#1302,#1303,#1304)),.UNSPECIFIED.,.F.,
 .F.,.F.,(4,1,1,1,2,1,1,1,2,1,1,1,4),(4,4),(0.,0.17813794110911,0.35627588221822,
0.53441382332733,0.71255176443644,0.780511170952496,0.848470577468552,0.916429983984608,
0.984389390500664,0.988292042875498,0.992194695250332,0.996097347625166,
1.0000007289576),(0.,1.00002573088745),.UNSPECIFIED.);
#57=B_SPLINE_SURFACE_WITH_KNOTS('',3,3,((#1320,#1321,#1322,#1323),(#1324,
#1325,#1326,#1327),(#1328,#1329,#1330,#1331),(#1332,#1333,#1334,#1335),
(#1336,#1337,#1338,#1339),(#1340,#1341,#1342,#1343),(#1344,#1345,#1346,
#1347),(#1348,#1349,#1350,#1351),(#1352,#1353,#1354,#1355),(#1356,#1357,
#1358,#1359),(#1360,#1361,#1362,#1363),(#1364,#1365,#1366,#1367),(#1368,
#1369,#1370,#1371),(#1372,#1373,#1374,#1375),(#1376,#1377,#1378,#1379),
(#1380,#1381,#1382,#1383),(#1384,#1385,#1386,#1387),(#1388,#1389,#1390,
#1391),(#1392,#1393,#1394,#1395),(#1396,#1397,#1398,#1399),(#1400,#1401,
#1402,#1403)),.UNSPECIFIED.,.F.,.F.,.F.,(4,1,1,1,2,1,1,1,2,1,1,1,1,1,1,
1,4),(4,4),(-7.90870415440237E-5,0.0807509721138313,0.161501944227663,0.242252916341494,
0.323003888455325,0.454691072287036,0.586378256118747,0.718065439950458,
0.849752623782169,0.868533545809397,0.887314467836626,0.906095389863855,
0.924876311891084,0.943657233918313,0.962438155945542,0.981219077972771,
1.00043951616773),(0.,1.00043951616773),.UNSPECIFIED.);
#58=B_SPLINE_SURFACE_WITH_KNOTS('',5,5,((#1409,#1410,#1411,#1412,#1413,
#1414),(#1415,#1416,#1417,#1418,#1419,#1420),(#1421,#1422,#1423,#1424,#1425,
#1426),(#1427,#1428,#1429,#1430,#1431,#1432),(#1433,#1434,#1435,#1436,#1437,
#1438),(#1439,#1440,#1441,#1442,#1443,#1444),(#1445,#1446,#1447,#1448,#1449,
#1450),(#1451,#1452,#1453,#1454,#1455,#1456),(#1457,#1458,#1459,#1460,#1461,
#1462),(#1463,#1464,#1465,#1466,#1467,#1468),(#1469,#1470,#1471,#1472,#1473,
#1474),(#1475,#1476,#1477,#1478,#1479,#1480),(#1481,#1482,#1483,#1484,#1485,
#1486),(#1487,#1488,#1489,#1490,#1491,#1492),(#1493,#1494,#1495,#1496,#1497,
#1498),(#1499,#1500,#1501,#1502,#1503,#1504),(#1505,#1506,#1507,#1508,#1509,
#1510),(#1511,#1512,#1513,#1514,#1515,#1516),(#1517,#1518,#1519,#1520,#1521,
#1522),(#1523,#1524,#1525,#1526,#1527,#1528),(#1529,#1530,#1531,#1532,#1533,
#1534),(#1535,#1536,#1537,#1538,#1539,#1540),(#1541,#1542,#1543,#1544,#1545,
#1546),(#1547,#1548,#1549,#1550,#1551,#1552),(#1553,#1554,#1555,#1556,#1557,
#1558),(#1559,#1560,#1561,#1562,#1563,#1564),(#1565,#1566,#1567,#1568,#1569,
#1570),(#1571,#1572,#1573,#1574,#1575,#1576),(#1577,#1578,#1579,#1580,#1581,
#1582),(#1583,#1584,#1585,#1586,#1587,#1588),(#1589,#1590,#1591,#1592,#1593,
#1594),(#1595,#1596,#1597,#1598,#1599,#1600),(#1601,#1602,#1603,#1604,#1605,
#1606),(#1607,#1608,#1609,#1610,#1611,#1612),(#1613,#1614,#1615,#1616,#1617,
#1618),(#1619,#1620,#1621,#1622,#1623,#1624),(#1625,#1626,#1627,#1628,#1629,
#1630),(#1631,#1632,#1633,#1634,#1635,#1636),(#1637,#1638,#1639,#1640,#1641,
#1642),(#1643,#1644,#1645,#1646,#1647,#1648),(#1649,#1650,#1651,#1652,#1653,
#1654),(#1655,#1656,#1657,#1658,#1659,#1660),(#1661,#1662,#1663,#1664,#1665,
#1666),(#1667,#1668,#1669,#1670,#1671,#1672),(#1673,#1674,#1675,#1676,#1677,
#1678),(#1679,#1680,#1681,#1682,#1683,#1684),(#1685,#1686,#1687,#1688,#1689,
#1690),(#1691,#1692,#1693,#1694,#1695,#1696),(#1697,#1698,#1699,#1700,#1701,
#1702),(#1703,#1704,#1705,#1706,#1707,#1708),(#1709,#1710,#1711,#1712,#1713,
#1714),(#1715,#1716,#1717,#1718,#1719,#1720),(#1721,#1722,#1723,#1724,#1725,
#1726),(#1727,#1728,#1729,#1730,#1731,#1732),(#1733,#1734,#1735,#1736,#1737,
#1738),(#1739,#1740,#1741,#1742,#1743,#1744),(#1745,#1746,#1747,#1748,#1749,
#1750),(#1751,#1752,#1753,#1754,#1755,#1756),(#1757,#1758,#1759,#1760,#1761,
#1762),(#1763,#1764,#1765,#1766,#1767,#1768),(#1769,#1770,#1771,#1772,#1773,
#1774),(#1775,#1776,#1777,#1778,#1779,#1780),(#1781,#1782,#1783,#1784,#1785,
#1786),(#1787,#1788,#1789,#1790,#1791,#1792),(#1793,#1794,#1795,#1796,#1797,
#1798),(#1799,#1800,#1801,#1802,#1803,#1804),(#1805,#1806,#1807,#1808,#1809,
#1810),(#1811,#1812,#1813,#1814,#1815,#1816),(#1817,#1818,#1819,#1820,#1821,
#1822),(#1823,#1824,#1825,#1826,#1827,#1828),(#1829,#1830,#1831,#1832,#1833,
#1834),(#1835,#1836,#1837,#1838,#1839,#1840),(#1841,#1842,#1843,#1844,#1845,
#1846),(#1847,#1848,#1849,#1850,#1851,#1852),(#1853,#1854,#1855,#1856,#1857,
#1858),(#1859,#1860,#1861,#1862,#1863,#1864),(#1865,#1866,#1867,#1868,#1869,
#1870),(#1871,#1872,#1873,#1874,#1875,#1876),(#1877,#1878,#1879,#1880,#1881,
#1882),(#1883,#1884,#1885,#1886,#1887,#1888),(#1889,#1890,#1891,#1892,#1893,
#1894),(#1895,#1896,#1897,#1898,#1899,#1900),(#1901,#1902,#1903,#1904,#1905,
#1906),(#1907,#1908,#1909,#1910,#1911,#1912),(#1913,#1914,#1915,#1916,#1917,
#1918),(#1919,#1920,#1921,#1922,#1923,#1924),(#1925,#1926,#1927,#1928,#1929,
#1930),(#1931,#1932,#1933,#1934,#1935,#1936),(#1937,#1938,#1939,#1940,#1941,
#1942),(#1943,#1944,#1945,#1946,#1947,#1948),(#1949,#1950,#1951,#1952,#1953,
#1954),(#1955,#1956,#1957,#1958,#1959,#1960),(#1961,#1962,#1963,#1964,#1965,
#1966),(#1967,#1968,#1969,#1970,#1971,#1972),(#1973,#1974,#1975,#1976,#1977,
#1978),(#1979,#1980,#1981,#1982,#1983,#1984),(#1985,#1986,#1987,#1988,#1989,
#1990),(#1991,#1992,#1993,#1994,#1995,#1996),(#1997,#1998,#1999,#2000,#2001,
#2002),(#2003,#2004,#2005,#2006,#2007,#2008),(#2009,#2010,#2011,#2012,#2013,
#2014),(#2015,#2016,#2017,#2018,#2019,#2020),(#2021,#2022,#2023,#2024,#2025,
#2026),(#2027,#2028,#2029,#2030,#2031,#2032),(#2033,#2034,#2035,#2036,#2037,
#2038),(#2039,#2040,#2041,#2042,#2043,#2044),(#2045,#2046,#2047,#2048,#2049,
#2050),(#2051,#2052,#2053,#2054,#2055,#2056),(#2057,#2058,#2059,#2060,#2061,
#2062),(#2063,#2064,#2065,#2066,#2067,#2068),(#2069,#2070,#2071,#2072,#2073,
#2074),(#2075,#2076,#2077,#2078,#2079,#2080),(#2081,#2082,#2083,#2084,#2085,
#2086),(#2087,#2088,#2089,#2090,#2091,#2092),(#2093,#2094,#2095,#2096,#2097,
#2098),(#2099,#2100,#2101,#2102,#2103,#2104),(#2105,#2106,#2107,#2108,#2109,
#2110),(#2111,#2112,#2113,#2114,#2115,#2116),(#2117,#2118,#2119,#2120,#2121,
#2122),(#2123,#2124,#2125,#2126,#2127,#2128),(#2129,#2130,#2131,#2132,#2133,
#2134),(#2135,#2136,#2137,#2138,#2139,#2140),(#2141,#2142,#2143,#2144,#2145,
#2146),(#2147,#2148,#2149,#2150,#2151,#2152),(#2153,#2154,#2155,#2156,#2157,
#2158),(#2159,#2160,#2161,#2162,#2163,#2164),(#2165,#2166,#2167,#2168,#2169,
#2170),(#2171,#2172,#2173,#2174,#2175,#2176),(#2177,#2178,#2179,#2180,#2181,
#2182),(#2183,#2184,#2185,#2186,#2187,#2188),(#2189,#2190,#2191,#2192,#2193,
#2194),(#2195,#2196,#2197,#2198,#2199,#2200),(#2201,#2202,#2203,#2204,#2205,
#2206),(#2207,#2208,#2209,#2210,#2211,#2212),(#2213,#2214,#2215,#2216,#2217,
#2218),(#2219,#2220,#2221,#2222,#2223,#2224),(#2225,#2226,#2227,#2228,#2229,
#2230),(#2231,#2232,#2233,#2234,#2235,#2236),(#2237,#2238,#2239,#2240,#2241,
#2242),(#2243,#2244,#2245,#2246,#2247,#2248),(#2249,#2250,#2251,#2252,#2253,
#2254),(#2255,#2256,#2257,#2258,#2259,#2260),(#2261,#2262,#2263,#2264,#2265,
#2266),(#2267,#2268,#2269,#2270,#2271,#2272),(#2273,#2274,#2275,#2276,#2277,
#2278),(#2279,#2280,#2281,#2282,#2283,#2284),(#2285,#2286,#2287,#2288,#2289,
#2290),(#2291,#2292,#2293,#2294,#2295,#2296),(#2297,#2298,#2299,#2300,#2301,
#2302),(#2303,#2304,#2305,#2306,#2307,#2308),(#2309,#2310,#2311,#2312,#2313,
#2314),(#2315,#2316,#2317,#2318,#2319,#2320),(#2321,#2322,#2323,#2324,#2325,
#2326),(#2327,#2328,#2329,#2330,#2331,#2332),(#2333,#2334,#2335,#2336,#2337,
#2338),(#2339,#2340,#2341,#2342,#2343,#2344),(#2345,#2346,#2347,#2348,#2349,
#2350),(#2351,#2352,#2353,#2354,#2355,#2356),(#2357,#2358,#2359,#2360,#2361,
#2362),(#2363,#2364,#2365,#2366,#2367,#2368),(#2369,#2370,#2371,#2372,#2373,
#2374),(#2375,#2376,#2377,#2378,#2379,#2380),(#2381,#2382,#2383,#2384,#2385,
#2386),(#2387,#2388,#2389,#2390,#2391,#2392),(#2393,#2394,#2395,#2396,#2397,
#2398),(#2399,#2400,#2401,#2402,#2403,#2404),(#2405,#2406,#2407,#2408,#2409,
#2410),(#2411,#2412,#2413,#2414,#2415,#2416),(#2417,#2418,#2419,#2420,#2421,
#2422),(#2423,#2424,#2425,#2426,#2427,#2428),(#2429,#2430,#2431,#2432,#2433,
#2434),(#2435,#2436,#2437,#2438,#2439,#2440),(#2441,#2442,#2443,#2444,#2445,
#2446),(#2447,#2448,#2449,#2450,#2451,#2452),(#2453,#2454,#2455,#2456,#2457,
#2458),(#2459,#2460,#2461,#2462,#2463,#2464),(#2465,#2466,#2467,#2468,#2469,
#2470),(#2471,#2472,#2473,#2474,#2475,#2476),(#2477,#2478,#2479,#2480,#2481,
#2482),(#2483,#2484,#2485,#2486,#2487,#2488),(#2489,#2490,#2491,#2492,#2493,
#2494),(#2495,#2496,#2497,#2498,#2499,#2500),(#2501,#2502,#2503,#2504,#2505,
#2506),(#2507,#2508,#2509,#2510,#2511,#2512),(#2513,#2514,#2515,#2516,#2517,
#2518),(#2519,#2520,#2521,#2522,#2523,#2524),(#2525,#2526,#2527,#2528,#2529,
#2530),(#2531,#2532,#2533,#2534,#2535,#2536),(#2537,#2538,#2539,#2540,#2541,
#2542),(#2543,#2544,#2545,#2546,#2547,#2548),(#2549,#2550,#2551,#2552,#2553,
#2554),(#2555,#2556,#2557,#2558,#2559,#2560),(#2561,#2562,#2563,#2564,#2565,
#2566),(#2567,#2568,#2569,#2570,#2571,#2572),(#2573,#2574,#2575,#2576,#2577,
#2578),(#2579,#2580,#2581,#2582,#2583,#2584),(#2585,#2586,#2587,#2588,#2589,
#2590),(#2591,#2592,#2593,#2594,#2595,#2596),(#2597,#2598,#2599,#2600,#2601,
#2602),(#2603,#2604,#2605,#2606,#2607,#2608),(#2609,#2610,#2611,#2612,#2613,
#2614),(#2615,#2616,#2617,#2618,#2619,#2620),(#2621,#2622,#2623,#2624,#2625,
#2626),(#2627,#2628,#2629,#2630,#2631,#2632)),.UNSPECIFIED.,.F.,.F.,.F.,
(6,3,3,1,3,3,3,3,4,3,3,3,3,3,3,3,3,3,3,3,3,3,3,3,3,3,3,3,3,3,3,3,3,3,3,
3,3,3,3,3,3,2,4,3,3,3,3,3,3,3,2,3,4,3,3,3,4,3,3,3,3,3,3,3,3,3,3,6),(6,6),
(-0.00532862186949225,0.00114322130715845,0.00228644261431689,0.00914577045726758,
0.0182915409145352,0.0365830818290703,0.0731661636581406,0.146332327316281,
0.292664654632563,0.292859695854282,0.29344481951944,0.294224984406317,
0.295785314180071,0.29890597372758,0.305147292822598,0.311388611917615,
0.314509271465124,0.315289436352001,0.31567951879544,0.316069601238878,
0.317629931012633,0.330112569202668,0.336353888297686,0.339474547845194,
0.340449753953791,0.34064479517551,0.340839836397229,0.341034877618949,
0.342595207392703,0.355077845582738,0.361319164677756,0.364439824225264,
0.366000153999019,0.366390236442457,0.366780318885896,0.367560483772773,
0.373801802867791,0.3769224624153,0.380043121962808,0.386284441057826,0.389405100605335,
0.390965430379089,0.392525760152844,0.392707044557289,0.438934567690932,
0.48534337522902,0.578160990305197,0.624569797843286,0.670978605381374,
0.717387412919462,0.740591816688507,0.752194018573029,0.763796220457551,
0.77082361284482,0.820015359555703,0.876234498653855,0.988672776850159,
0.988849764711875,0.989380728297024,0.990088679743889,0.991150606914187,
0.991504582637619,0.992920485531349,0.994336388425079,0.996460242765675,
0.99716819421254,0.99858409710627,1.00000764270291),(-0.00532862192435583,
1.00000764270291),.UNSPECIFIED.);
#59=B_SPLINE_SURFACE_WITH_KNOTS('',5,5,((#2653,#2654,#2655,#2656,#2657,
#2658),(#2659,#2660,#2661,#2662,#2663,#2664),(#2665,#2666,#2667,#2668,#2669,
#2670),(#2671,#2672,#2673,#2674,#2675,#2676),(#2677,#2678,#2679,#2680,#2681,
#2682),(#2683,#2684,#2685,#2686,#2687,#2688),(#2689,#2690,#2691,#2692,#2693,
#2694),(#2695,#2696,#2697,#2698,#2699,#2700),(#2701,#2702,#2703,#2704,#2705,
#2706),(#2707,#2708,#2709,#2710,#2711,#2712)),.UNSPECIFIED.,.F.,.F.,.F.,
(6,4,6),(6,6),(0.,0.5,1.),(0.,1.),.UNSPECIFIED.);
#60=B_SPLINE_SURFACE_WITH_KNOTS('',3,3,((#2716,#2717,#2718,#2719),(#2720,
#2721,#2722,#2723),(#2724,#2725,#2726,#2727),(#2728,#2729,#2730,#2731),
(#2732,#2733,#2734,#2735),(#2736,#2737,#2738,#2739),(#2740,#2741,#2742,
#2743),(#2744,#2745,#2746,#2747),(#2748,#2749,#2750,#2751),(#2752,#2753,
#2754,#2755),(#2756,#2757,#2758,#2759),(#2760,#2761,#2762,#2763),(#2764,
#2765,#2766,#2767),(#2768,#2769,#2770,#2771),(#2772,#2773,#2774,#2775),
(#2776,#2777,#2778,#2779),(#2780,#2781,#2782,#2783),(#2784,#2785,#2786,
#2787),(#2788,#2789,#2790,#2791),(#2792,#2793,#2794,#2795),(#2796,#2797,
#2798,#2799),(#2800,#2801,#2802,#2803),(#2804,#2805,#2806,#2807),(#2808,
#2809,#2810,#2811),(#2812,#2813,#2814,#2815),(#2816,#2817,#2818,#2819),
(#2820,#2821,#2822,#2823),(#2824,#2825,#2826,#2827),(#2828,#2829,#2830,
#2831),(#2832,#2833,#2834,#2835),(#2836,#2837,#2838,#2839),(#2840,#2841,
#2842,#2843),(#2844,#2845,#2846,#2847),(#2848,#2849,#2850,#2851),(#2852,
#2853,#2854,#2855),(#2856,#2857,#2858,#2859),(#2860,#2861,#2862,#2863),
(#2864,#2865,#2866,#2867),(#2868,#2869,#2870,#2871),(#2872,#2873,#2874,
#2875),(#2876,#2877,#2878,#2879),(#2880,#2881,#2882,#2883),(#2884,#2885,
#2886,#2887),(#2888,#2889,#2890,#2891),(#2892,#2893,#2894,#2895),(#2896,
#2897,#2898,#2899),(#2900,#2901,#2902,#2903)),.UNSPECIFIED.,.T.,.F.,.F.,
(4,1,1,1,1,2,1,1,1,1,1,1,1,1,2,1,1,1,2,1,1,1,1,1,1,1,1,1,1,1,2,1,1,1,1,
2,1,1,1,4),(4,4),(0.,0.0230859424438305,0.0615625131835479,0.123125026367096,
0.184687539550644,0.246250052734192,0.300278121240455,0.354306189746718,
0.388073732563132,0.408334258252981,0.428594783942829,0.442101801069395,
0.448855309632678,0.455608818195961,0.462362326759243,0.464877867960321,
0.467393409161398,0.469908950362475,0.472424491563552,0.479968577563962,
0.487512663564372,0.495056749564782,0.502600835565191,0.510144921565601,
0.53277717956683,0.54032126556724,0.55540943756806,0.593129867570108,0.615762125571337,
0.653482555573386,0.713835243576664,0.765595863188862,0.817356482801059,
0.869117102413257,0.898694599334513,0.920877722025455,0.940658291519091,
0.960438861012727,0.980219430506364,1.),(-2.38875163992847E-5,1.),
 .UNSPECIFIED.);
#61=B_SPLINE_SURFACE_WITH_KNOTS('',3,3,((#2910,#2911,#2912,#2913),(#2914,
#2915,#2916,#2917),(#2918,#2919,#2920,#2921),(#2922,#2923,#2924,#2925),
(#2926,#2927,#2928,#2929),(#2930,#2931,#2932,#2933),(#2934,#2935,#2936,
#2937),(#2938,#2939,#2940,#2941),(#2942,#2943,#2944,#2945),(#2946,#2947,
#2948,#2949),(#2950,#2951,#2952,#2953),(#2954,#2955,#2956,#2957),(#2958,
#2959,#2960,#2961),(#2962,#2963,#2964,#2965),(#2966,#2967,#2968,#2969),
(#2970,#2971,#2972,#2973),(#2974,#2975,#2976,#2977),(#2978,#2979,#2980,
#2981),(#2982,#2983,#2984,#2985),(#2986,#2987,#2988,#2989),(#2990,#2991,
#2992,#2993),(#2994,#2995,#2996,#2997),(#2998,#2999,#3000,#3001),(#3002,
#3003,#3004,#3005),(#3006,#3007,#3008,#3009),(#3010,#3011,#3012,#3013),
(#3014,#3015,#3016,#3017),(#3018,#3019,#3020,#3021),(#3022,#3023,#3024,
#3025),(#3026,#3027,#3028,#3029),(#3030,#3031,#3032,#3033),(#3034,#3035,
#3036,#3037),(#3038,#3039,#3040,#3041),(#3042,#3043,#3044,#3045),(#3046,
#3047,#3048,#3049),(#3050,#3051,#3052,#3053),(#3054,#3055,#3056,#3057),
(#3058,#3059,#3060,#3061),(#3062,#3063,#3064,#3065),(#3066,#3067,#3068,
#3069),(#3070,#3071,#3072,#3073),(#3074,#3075,#3076,#3077),(#3078,#3079,
#3080,#3081),(#3082,#3083,#3084,#3085),(#3086,#3087,#3088,#3089),(#3090,
#3091,#3092,#3093),(#3094,#3095,#3096,#3097)),.UNSPECIFIED.,.T.,.F.,.F.,
(4,1,1,1,1,2,1,1,1,1,1,1,1,1,2,1,1,1,2,1,1,1,1,1,1,1,1,1,1,1,2,1,1,1,1,
2,1,1,1,4),(4,4),(0.,0.0230859424438305,0.0615625131835479,0.123125026367096,
0.184687539550644,0.246250052734192,0.300278121240455,0.354306189746718,
0.388073732563132,0.408334258252981,0.428594783942829,0.442101801069395,
0.448855309632678,0.455608818195961,0.462362326759243,0.464877867960321,
0.467393409161398,0.469908950362475,0.472424491563552,0.479968577563962,
0.487512663564372,0.495056749564782,0.502600835565191,0.510144921565601,
0.53277717956683,0.54032126556724,0.55540943756806,0.593129867570108,0.615762125571337,
0.653482555573386,0.713835243576664,0.765595863188862,0.817356482801059,
0.869117102413257,0.898694599334513,0.920877722025455,0.940658291519091,
0.960438861012727,0.980219430506364,1.),(-2.25139703511231E-5,1.),
 .UNSPECIFIED.);
#62=B_SPLINE_SURFACE_WITH_KNOTS('',3,3,((#3224,#3225,#3226,#3227),(#3228,
#3229,#3230,#3231),(#3232,#3233,#3234,#3235),(#3236,#3237,#3238,#3239),
(#3240,#3241,#3242,#3243),(#3244,#3245,#3246,#3247),(#3248,#3249,#3250,
#3251),(#3252,#3253,#3254,#3255),(#3256,#3257,#3258,#3259),(#3260,#3261,
#3262,#3263),(#3264,#3265,#3266,#3267),(#3268,#3269,#3270,#3271),(#3272,
#3273,#3274,#3275),(#3276,#3277,#3278,#3279),(#3280,#3281,#3282,#3283),
(#3284,#3285,#3286,#3287),(#3288,#3289,#3290,#3291),(#3292,#3293,#3294,
#3295),(#3296,#3297,#3298,#3299),(#3300,#3301,#3302,#3303),(#3304,#3305,
#3306,#3307),(#3308,#3309,#3310,#3311),(#3312,#3313,#3314,#3315),(#3316,
#3317,#3318,#3319),(#3320,#3321,#3322,#3323)),.UNSPECIFIED.,.F.,.F.,.F.,
(4,1,1,1,1,1,1,2,1,1,1,2,1,1,1,1,1,1,1,1,4),(4,4),(0.,0.142436836238851,
0.213655254358277,0.284873672477702,0.356092090597128,0.427310508716554,
0.498528926835979,0.569747344955405,0.669624959888949,0.769502574822493,
0.869380189756038,0.969257804689582,0.976943353517186,0.980786127930989,
0.984628902344791,0.988471676758593,0.992314451172396,0.994235838379297,
0.996157225586198,0.998078612793099,1.),(0.,1.),.UNSPECIFIED.);
#63=B_SPLINE_SURFACE_WITH_KNOTS('',3,3,((#3339,#3340,#3341,#3342),(#3343,
#3344,#3345,#3346),(#3347,#3348,#3349,#3350),(#3351,#3352,#3353,#3354),
(#3355,#3356,#3357,#3358),(#3359,#3360,#3361,#3362),(#3363,#3364,#3365,
#3366),(#3367,#3368,#3369,#3370),(#3371,#3372,#3373,#3374),(#3375,#3376,
#3377,#3378),(#3379,#3380,#3381,#3382),(#3383,#3384,#3385,#3386),(#3387,
#3388,#3389,#3390),(#3391,#3392,#3393,#3394),(#3395,#3396,#3397,#3398),
(#3399,#3400,#3401,#3402),(#3403,#3404,#3405,#3406),(#3407,#3408,#3409,
#3410),(#3411,#3412,#3413,#3414),(#3415,#3416,#3417,#3418),(#3419,#3420,
#3421,#3422)),.UNSPECIFIED.,.F.,.F.,.F.,(4,1,1,1,2,1,1,1,2,1,1,1,1,1,1,
1,4),(4,4),(0.,0.053225286558038,0.106450573116076,0.159675859674114,0.212901146232152,
0.359042006112126,0.5051828659921,0.651323725872074,0.797464585752048,0.822781512533042,
0.848098439314036,0.87341536609503,0.898732292876024,0.924049219657018,
0.949366146438012,0.974683073219006,1.),(0.,1.),.UNSPECIFIED.);
#64=B_SPLINE_SURFACE_WITH_KNOTS('',3,3,((#3428,#3429,#3430,#3431),(#3432,
#3433,#3434,#3435),(#3436,#3437,#3438,#3439),(#3440,#3441,#3442,#3443),
(#3444,#3445,#3446,#3447),(#3448,#3449,#3450,#3451),(#3452,#3453,#3454,
#3455),(#3456,#3457,#3458,#3459),(#3460,#3461,#3462,#3463),(#3464,#3465,
#3466,#3467),(#3468,#3469,#3470,#3471),(#3472,#3473,#3474,#3475),(#3476,
#3477,#3478,#3479),(#3480,#3481,#3482,#3483),(#3484,#3485,#3486,#3487),
(#3488,#3489,#3490,#3491),(#3492,#3493,#3494,#3495)),.UNSPECIFIED.,.F.,
 .F.,.F.,(4,1,1,1,2,1,1,1,2,1,1,1,4),(4,4),(0.,0.17813794110911,0.35627588221822,
0.53441382332733,0.71255176443644,0.780511170952496,0.848470577468552,0.916429983984608,
0.984389390500664,0.988292042875498,0.992194695250332,0.996097347625166,
1.0000007289576),(0.,1.00002573088745),.UNSPECIFIED.);
#65=B_SPLINE_SURFACE_WITH_KNOTS('',3,3,((#3511,#3512,#3513,#3514),(#3515,
#3516,#3517,#3518),(#3519,#3520,#3521,#3522),(#3523,#3524,#3525,#3526),
(#3527,#3528,#3529,#3530),(#3531,#3532,#3533,#3534),(#3535,#3536,#3537,
#3538),(#3539,#3540,#3541,#3542),(#3543,#3544,#3545,#3546),(#3547,#3548,
#3549,#3550),(#3551,#3552,#3553,#3554),(#3555,#3556,#3557,#3558),(#3559,
#3560,#3561,#3562),(#3563,#3564,#3565,#3566),(#3567,#3568,#3569,#3570),
(#3571,#3572,#3573,#3574),(#3575,#3576,#3577,#3578),(#3579,#3580,#3581,
#3582),(#3583,#3584,#3585,#3586),(#3587,#3588,#3589,#3590),(#3591,#3592,
#3593,#3594)),.UNSPECIFIED.,.F.,.F.,.F.,(4,1,1,1,2,1,1,1,2,1,1,1,1,1,1,
1,4),(4,4),(-7.90870415440237E-5,0.0807509721138313,0.161501944227663,0.242252916341494,
0.323003888455325,0.454691072287036,0.586378256118747,0.718065439950458,
0.849752623782169,0.868533545809397,0.887314467836626,0.906095389863855,
0.924876311891084,0.943657233918313,0.962438155945542,0.981219077972771,
1.00043951616773),(0.,1.00043951616773),.UNSPECIFIED.);
#66=B_SPLINE_SURFACE_WITH_KNOTS('',5,5,((#3600,#3601,#3602,#3603,#3604,
#3605),(#3606,#3607,#3608,#3609,#3610,#3611),(#3612,#3613,#3614,#3615,#3616,
#3617),(#3618,#3619,#3620,#3621,#3622,#3623),(#3624,#3625,#3626,#3627,#3628,
#3629),(#3630,#3631,#3632,#3633,#3634,#3635),(#3636,#3637,#3638,#3639,#3640,
#3641),(#3642,#3643,#3644,#3645,#3646,#3647),(#3648,#3649,#3650,#3651,#3652,
#3653),(#3654,#3655,#3656,#3657,#3658,#3659),(#3660,#3661,#3662,#3663,#3664,
#3665),(#3666,#3667,#3668,#3669,#3670,#3671),(#3672,#3673,#3674,#3675,#3676,
#3677),(#3678,#3679,#3680,#3681,#3682,#3683),(#3684,#3685,#3686,#3687,#3688,
#3689),(#3690,#3691,#3692,#3693,#3694,#3695),(#3696,#3697,#3698,#3699,#3700,
#3701),(#3702,#3703,#3704,#3705,#3706,#3707),(#3708,#3709,#3710,#3711,#3712,
#3713),(#3714,#3715,#3716,#3717,#3718,#3719),(#3720,#3721,#3722,#3723,#3724,
#3725),(#3726,#3727,#3728,#3729,#3730,#3731),(#3732,#3733,#3734,#3735,#3736,
#3737),(#3738,#3739,#3740,#3741,#3742,#3743),(#3744,#3745,#3746,#3747,#3748,
#3749),(#3750,#3751,#3752,#3753,#3754,#3755),(#3756,#3757,#3758,#3759,#3760,
#3761),(#3762,#3763,#3764,#3765,#3766,#3767),(#3768,#3769,#3770,#3771,#3772,
#3773),(#3774,#3775,#3776,#3777,#3778,#3779),(#3780,#3781,#3782,#3783,#3784,
#3785),(#3786,#3787,#3788,#3789,#3790,#3791),(#3792,#3793,#3794,#3795,#3796,
#3797),(#3798,#3799,#3800,#3801,#3802,#3803),(#3804,#3805,#3806,#3807,#3808,
#3809),(#3810,#3811,#3812,#3813,#3814,#3815),(#3816,#3817,#3818,#3819,#3820,
#3821),(#3822,#3823,#3824,#3825,#3826,#3827),(#3828,#3829,#3830,#3831,#3832,
#3833),(#3834,#3835,#3836,#3837,#3838,#3839),(#3840,#3841,#3842,#3843,#3844,
#3845),(#3846,#3847,#3848,#3849,#3850,#3851),(#3852,#3853,#3854,#3855,#3856,
#3857),(#3858,#3859,#3860,#3861,#3862,#3863),(#3864,#3865,#3866,#3867,#3868,
#3869),(#3870,#3871,#3872,#3873,#3874,#3875),(#3876,#3877,#3878,#3879,#3880,
#3881),(#3882,#3883,#3884,#3885,#3886,#3887),(#3888,#3889,#3890,#3891,#3892,
#3893),(#3894,#3895,#3896,#3897,#3898,#3899),(#3900,#3901,#3902,#3903,#3904,
#3905),(#3906,#3907,#3908,#3909,#3910,#3911),(#3912,#3913,#3914,#3915,#3916,
#3917),(#3918,#3919,#3920,#3921,#3922,#3923),(#3924,#3925,#3926,#3927,#3928,
#3929),(#3930,#3931,#3932,#3933,#3934,#3935),(#3936,#3937,#3938,#3939,#3940,
#3941),(#3942,#3943,#3944,#3945,#3946,#3947),(#3948,#3949,#3950,#3951,#3952,
#3953),(#3954,#3955,#3956,#3957,#3958,#3959),(#3960,#3961,#3962,#3963,#3964,
#3965),(#3966,#3967,#3968,#3969,#3970,#3971),(#3972,#3973,#3974,#3975,#3976,
#3977),(#3978,#3979,#3980,#3981,#3982,#3983),(#3984,#3985,#3986,#3987,#3988,
#3989),(#3990,#3991,#3992,#3993,#3994,#3995),(#3996,#3997,#3998,#3999,#4000,
#4001),(#4002,#4003,#4004,#4005,#4006,#4007),(#4008,#4009,#4010,#4011,#4012,
#4013),(#4014,#4015,#4016,#4017,#4018,#4019),(#4020,#4021,#4022,#4023,#4024,
#4025),(#4026,#4027,#4028,#4029,#4030,#4031),(#4032,#4033,#4034,#4035,#4036,
#4037),(#4038,#4039,#4040,#4041,#4042,#4043),(#4044,#4045,#4046,#4047,#4048,
#4049),(#4050,#4051,#4052,#4053,#4054,#4055),(#4056,#4057,#4058,#4059,#4060,
#4061),(#4062,#4063,#4064,#4065,#4066,#4067),(#4068,#4069,#4070,#4071,#4072,
#4073),(#4074,#4075,#4076,#4077,#4078,#4079),(#4080,#4081,#4082,#4083,#4084,
#4085),(#4086,#4087,#4088,#4089,#4090,#4091),(#4092,#4093,#4094,#4095,#4096,
#4097),(#4098,#4099,#4100,#4101,#4102,#4103),(#4104,#4105,#4106,#4107,#4108,
#4109),(#4110,#4111,#4112,#4113,#4114,#4115),(#4116,#4117,#4118,#4119,#4120,
#4121),(#4122,#4123,#4124,#4125,#4126,#4127),(#4128,#4129,#4130,#4131,#4132,
#4133),(#4134,#4135,#4136,#4137,#4138,#4139),(#4140,#4141,#4142,#4143,#4144,
#4145),(#4146,#4147,#4148,#4149,#4150,#4151),(#4152,#4153,#4154,#4155,#4156,
#4157),(#4158,#4159,#4160,#4161,#4162,#4163),(#4164,#4165,#4166,#4167,#4168,
#4169),(#4170,#4171,#4172,#4173,#4174,#4175),(#4176,#4177,#4178,#4179,#4180,
#4181),(#4182,#4183,#4184,#4185,#4186,#4187),(#4188,#4189,#4190,#4191,#4192,
#4193),(#4194,#4195,#4196,#4197,#4198,#4199),(#4200,#4201,#4202,#4203,#4204,
#4205),(#4206,#4207,#4208,#4209,#4210,#4211),(#4212,#4213,#4214,#4215,#4216,
#4217),(#4218,#4219,#4220,#4221,#4222,#4223),(#4224,#4225,#4226,#4227,#4228,
#4229),(#4230,#4231,#4232,#4233,#4234,#4235),(#4236,#4237,#4238,#4239,#4240,
#4241),(#4242,#4243,#4244,#4245,#4246,#4247),(#4248,#4249,#4250,#4251,#4252,
#4253),(#4254,#4255,#4256,#4257,#4258,#4259),(#4260,#4261,#4262,#4263,#4264,
#4265),(#4266,#4267,#4268,#4269,#4270,#4271),(#4272,#4273,#4274,#4275,#4276,
#4277),(#4278,#4279,#4280,#4281,#4282,#4283),(#4284,#4285,#4286,#4287,#4288,
#4289),(#4290,#4291,#4292,#4293,#4294,#4295),(#4296,#4297,#4298,#4299,#4300,
#4301),(#4302,#4303,#4304,#4305,#4306,#4307),(#4308,#4309,#4310,#4311,#4312,
#4313),(#4314,#4315,#4316,#4317,#4318,#4319),(#4320,#4321,#4322,#4323,#4324,
#4325),(#4326,#4327,#4328,#4329,#4330,#4331),(#4332,#4333,#4334,#4335,#4336,
#4337),(#4338,#4339,#4340,#4341,#4342,#4343),(#4344,#4345,#4346,#4347,#4348,
#4349),(#4350,#4351,#4352,#4353,#4354,#4355),(#4356,#4357,#4358,#4359,#4360,
#4361),(#4362,#4363,#4364,#4365,#4366,#4367),(#4368,#4369,#4370,#4371,#4372,
#4373),(#4374,#4375,#4376,#4377,#4378,#4379),(#4380,#4381,#4382,#4383,#4384,
#4385),(#4386,#4387,#4388,#4389,#4390,#4391),(#4392,#4393,#4394,#4395,#4396,
#4397),(#4398,#4399,#4400,#4401,#4402,#4403),(#4404,#4405,#4406,#4407,#4408,
#4409),(#4410,#4411,#4412,#4413,#4414,#4415),(#4416,#4417,#4418,#4419,#4420,
#4421),(#4422,#4423,#4424,#4425,#4426,#4427),(#4428,#4429,#4430,#4431,#4432,
#4433),(#4434,#4435,#4436,#4437,#4438,#4439),(#4440,#4441,#4442,#4443,#4444,
#4445),(#4446,#4447,#4448,#4449,#4450,#4451),(#4452,#4453,#4454,#4455,#4456,
#4457),(#4458,#4459,#4460,#4461,#4462,#4463),(#4464,#4465,#4466,#4467,#4468,
#4469),(#4470,#4471,#4472,#4473,#4474,#4475),(#4476,#4477,#4478,#4479,#4480,
#4481),(#4482,#4483,#4484,#4485,#4486,#4487),(#4488,#4489,#4490,#4491,#4492,
#4493),(#4494,#4495,#4496,#4497,#4498,#4499),(#4500,#4501,#4502,#4503,#4504,
#4505),(#4506,#4507,#4508,#4509,#4510,#4511),(#4512,#4513,#4514,#4515,#4516,
#4517),(#4518,#4519,#4520,#4521,#4522,#4523),(#4524,#4525,#4526,#4527,#4528,
#4529),(#4530,#4531,#4532,#4533,#4534,#4535),(#4536,#4537,#4538,#4539,#4540,
#4541),(#4542,#4543,#4544,#4545,#4546,#4547),(#4548,#4549,#4550,#4551,#4552,
#4553),(#4554,#4555,#4556,#4557,#4558,#4559),(#4560,#4561,#4562,#4563,#4564,
#4565),(#4566,#4567,#4568,#4569,#4570,#4571),(#4572,#4573,#4574,#4575,#4576,
#4577),(#4578,#4579,#4580,#4581,#4582,#4583),(#4584,#4585,#4586,#4587,#4588,
#4589),(#4590,#4591,#4592,#4593,#4594,#4595),(#4596,#4597,#4598,#4599,#4600,
#4601),(#4602,#4603,#4604,#4605,#4606,#4607),(#4608,#4609,#4610,#4611,#4612,
#4613),(#4614,#4615,#4616,#4617,#4618,#4619),(#4620,#4621,#4622,#4623,#4624,
#4625),(#4626,#4627,#4628,#4629,#4630,#4631),(#4632,#4633,#4634,#4635,#4636,
#4637),(#4638,#4639,#4640,#4641,#4642,#4643),(#4644,#4645,#4646,#4647,#4648,
#4649),(#4650,#4651,#4652,#4653,#4654,#4655),(#4656,#4657,#4658,#4659,#4660,
#4661),(#4662,#4663,#4664,#4665,#4666,#4667),(#4668,#4669,#4670,#4671,#4672,
#4673),(#4674,#4675,#4676,#4677,#4678,#4679),(#4680,#4681,#4682,#4683,#4684,
#4685),(#4686,#4687,#4688,#4689,#4690,#4691),(#4692,#4693,#4694,#4695,#4696,
#4697),(#4698,#4699,#4700,#4701,#4702,#4703),(#4704,#4705,#4706,#4707,#4708,
#4709),(#4710,#4711,#4712,#4713,#4714,#4715),(#4716,#4717,#4718,#4719,#4720,
#4721),(#4722,#4723,#4724,#4725,#4726,#4727),(#4728,#4729,#4730,#4731,#4732,
#4733),(#4734,#4735,#4736,#4737,#4738,#4739),(#4740,#4741,#4742,#4743,#4744,
#4745),(#4746,#4747,#4748,#4749,#4750,#4751),(#4752,#4753,#4754,#4755,#4756,
#4757),(#4758,#4759,#4760,#4761,#4762,#4763),(#4764,#4765,#4766,#4767,#4768,
#4769),(#4770,#4771,#4772,#4773,#4774,#4775),(#4776,#4777,#4778,#4779,#4780,
#4781),(#4782,#4783,#4784,#4785,#4786,#4787),(#4788,#4789,#4790,#4791,#4792,
#4793),(#4794,#4795,#4796,#4797,#4798,#4799),(#4800,#4801,#4802,#4803,#4804,
#4805),(#4806,#4807,#4808,#4809,#4810,#4811),(#4812,#4813,#4814,#4815,#4816,
#4817),(#4818,#4819,#4820,#4821,#4822,#4823)),.UNSPECIFIED.,.F.,.F.,.F.,
(6,3,3,1,3,3,3,3,4,3,3,3,3,3,3,3,3,3,3,3,3,3,3,3,3,3,3,3,3,3,3,3,3,3,3,
3,3,3,3,3,3,2,4,3,3,3,3,3,3,3,2,3,4,3,3,3,4,3,3,3,3,3,3,3,3,3,3,6),(6,6),
(-0.00532862186949225,0.00114322130715845,0.00228644261431689,0.00914577045726758,
0.0182915409145352,0.0365830818290703,0.0731661636581406,0.146332327316281,
0.292664654632563,0.292859695854282,0.29344481951944,0.294224984406317,
0.295785314180071,0.29890597372758,0.305147292822598,0.311388611917615,
0.314509271465124,0.315289436352001,0.31567951879544,0.316069601238878,
0.317629931012633,0.330112569202668,0.336353888297686,0.339474547845194,
0.340449753953791,0.34064479517551,0.340839836397229,0.341034877618949,
0.342595207392703,0.355077845582738,0.361319164677756,0.364439824225264,
0.366000153999019,0.366390236442457,0.366780318885896,0.367560483772773,
0.373801802867791,0.3769224624153,0.380043121962808,0.386284441057826,0.389405100605335,
0.390965430379089,0.392525760152844,0.392707044557289,0.438934567690932,
0.48534337522902,0.578160990305197,0.624569797843286,0.670978605381374,
0.717387412919462,0.740591816688507,0.752194018573029,0.763796220457551,
0.77082361284482,0.820015359555703,0.876234498653855,0.988672776850159,
0.988849764711875,0.989380728297024,0.990088679743889,0.991150606914187,
0.991504582637619,0.992920485531349,0.994336388425079,0.996460242765675,
0.99716819421254,0.99858409710627,1.00000764270291),(-0.00532862192435583,
1.00000764270291),.UNSPECIFIED.);
#67=B_SPLINE_SURFACE_WITH_KNOTS('',5,5,((#4844,#4845,#4846,#4847,#4848,
#4849),(#4850,#4851,#4852,#4853,#4854,#4855),(#4856,#4857,#4858,#4859,#4860,
#4861),(#4862,#4863,#4864,#4865,#4866,#4867),(#4868,#4869,#4870,#4871,#4872,
#4873),(#4874,#4875,#4876,#4877,#4878,#4879),(#4880,#4881,#4882,#4883,#4884,
#4885),(#4886,#4887,#4888,#4889,#4890,#4891),(#4892,#4893,#4894,#4895,#4896,
#4897),(#4898,#4899,#4900,#4901,#4902,#4903)),.UNSPECIFIED.,.F.,.F.,.F.,
(6,4,6),(6,6),(0.,0.5,1.),(0.,1.),.UNSPECIFIED.);
#68=B_SPLINE_SURFACE_WITH_KNOTS('',3,3,((#4907,#4908,#4909,#4910),(#4911,
#4912,#4913,#4914),(#4915,#4916,#4917,#4918),(#4919,#4920,#4921,#4922),
(#4923,#4924,#4925,#4926),(#4927,#4928,#4929,#4930),(#4931,#4932,#4933,
#4934),(#4935,#4936,#4937,#4938),(#4939,#4940,#4941,#4942),(#4943,#4944,
#4945,#4946),(#4947,#4948,#4949,#4950),(#4951,#4952,#4953,#4954),(#4955,
#4956,#4957,#4958),(#4959,#4960,#4961,#4962),(#4963,#4964,#4965,#4966),
(#4967,#4968,#4969,#4970),(#4971,#4972,#4973,#4974),(#4975,#4976,#4977,
#4978),(#4979,#4980,#4981,#4982),(#4983,#4984,#4985,#4986),(#4987,#4988,
#4989,#4990),(#4991,#4992,#4993,#4994),(#4995,#4996,#4997,#4998),(#4999,
#5000,#5001,#5002),(#5003,#5004,#5005,#5006),(#5007,#5008,#5009,#5010),
(#5011,#5012,#5013,#5014),(#5015,#5016,#5017,#5018),(#5019,#5020,#5021,
#5022),(#5023,#5024,#5025,#5026),(#5027,#5028,#5029,#5030),(#5031,#5032,
#5033,#5034),(#5035,#5036,#5037,#5038),(#5039,#5040,#5041,#5042),(#5043,
#5044,#5045,#5046),(#5047,#5048,#5049,#5050),(#5051,#5052,#5053,#5054),
(#5055,#5056,#5057,#5058),(#5059,#5060,#5061,#5062),(#5063,#5064,#5065,
#5066),(#5067,#5068,#5069,#5070),(#5071,#5072,#5073,#5074),(#5075,#5076,
#5077,#5078),(#5079,#5080,#5081,#5082),(#5083,#5084,#5085,#5086),(#5087,
#5088,#5089,#5090),(#5091,#5092,#5093,#5094)),.UNSPECIFIED.,.T.,.F.,.F.,
(4,1,1,1,1,2,1,1,1,1,1,1,1,1,2,1,1,1,2,1,1,1,1,1,1,1,1,1,1,1,2,1,1,1,1,
2,1,1,1,4),(4,4),(0.,0.0230859424438305,0.0615625131835479,0.123125026367096,
0.184687539550644,0.246250052734192,0.300278121240455,0.354306189746718,
0.388073732563132,0.408334258252981,0.428594783942829,0.442101801069395,
0.448855309632678,0.455608818195961,0.462362326759243,0.464877867960321,
0.467393409161398,0.469908950362475,0.472424491563552,0.479968577563962,
0.487512663564372,0.495056749564782,0.502600835565191,0.510144921565601,
0.53277717956683,0.54032126556724,0.55540943756806,0.593129867570108,0.615762125571337,
0.653482555573386,0.713835243576664,0.765595863188862,0.817356482801059,
0.869117102413257,0.898694599334513,0.920877722025455,0.940658291519091,
0.960438861012727,0.980219430506364,1.),(-2.38875163992847E-5,1.),
 .UNSPECIFIED.);
#69=FACE_OUTER_BOUND('',#93,.T.);
#70=FACE_OUTER_BOUND('',#94,.T.);
#71=FACE_OUTER_BOUND('',#95,.T.);
#72=FACE_OUTER_BOUND('',#96,.T.);
#73=FACE_OUTER_BOUND('',#98,.T.);
#74=FACE_OUTER_BOUND('',#100,.T.);
#75=FACE_OUTER_BOUND('',#101,.T.);
#76=FACE_OUTER_BOUND('',#102,.T.);
#77=FACE_OUTER_BOUND('',#103,.T.);
#78=FACE_OUTER_BOUND('',#104,.T.);
#79=FACE_OUTER_BOUND('',#105,.T.);
#80=FACE_OUTER_BOUND('',#106,.T.);
#81=FACE_OUTER_BOUND('',#107,.T.);
#82=FACE_OUTER_BOUND('',#108,.T.);
#83=FACE_OUTER_BOUND('',#109,.T.);
#84=FACE_OUTER_BOUND('',#110,.T.);
#85=FACE_OUTER_BOUND('',#112,.T.);
#86=FACE_OUTER_BOUND('',#114,.T.);
#87=FACE_OUTER_BOUND('',#115,.T.);
#88=FACE_OUTER_BOUND('',#116,.T.);
#89=FACE_OUTER_BOUND('',#117,.T.);
#90=FACE_OUTER_BOUND('',#118,.T.);
#91=FACE_OUTER_BOUND('',#119,.T.);
#92=FACE_OUTER_BOUND('',#120,.T.);
#93=EDGE_LOOP('',(#349,#350,#351,#352));
#94=EDGE_LOOP('',(#353,#354,#355,#356,#357));
#95=EDGE_LOOP('',(#358,#359,#360,#361,#362,#363,#364,#365,#366,#367,#368,
#369));
#96=EDGE_LOOP('',(#370));
#97=EDGE_LOOP('',(#371));
#98=EDGE_LOOP('',(#372));
#99=EDGE_LOOP('',(#373));
#100=EDGE_LOOP('',(#374,#375,#376,#377,#378,#379,#380));
#101=EDGE_LOOP('',(#381,#382,#383,#384,#385,#386,#387,#388,#389));
#102=EDGE_LOOP('',(#390,#391,#392,#393,#394,#395,#396,#397));
#103=EDGE_LOOP('',(#398,#399,#400,#401,#402,#403,#404,#405));
#104=EDGE_LOOP('',(#406,#407,#408,#409,#410,#411,#412,#413,#414,#415,#416,
#417,#418));
#105=EDGE_LOOP('',(#419,#420,#421,#422,#423,#424));
#106=EDGE_LOOP('',(#425,#426,#427,#428,#429,#430,#431,#432));
#107=EDGE_LOOP('',(#433,#434,#435,#436));
#108=EDGE_LOOP('',(#437,#438,#439,#440,#441));
#109=EDGE_LOOP('',(#442,#443,#444,#445,#446,#447,#448,#449,#450,#451,#452,
#453));
#110=EDGE_LOOP('',(#454));
#111=EDGE_LOOP('',(#455));
#112=EDGE_LOOP('',(#456));
#113=EDGE_LOOP('',(#457));
#114=EDGE_LOOP('',(#458,#459,#460,#461,#462,#463,#464));
#115=EDGE_LOOP('',(#465,#466,#467,#468,#469,#470,#471,#472,#473));
#116=EDGE_LOOP('',(#474,#475,#476,#477,#478,#479,#480,#481));
#117=EDGE_LOOP('',(#482,#483,#484,#485,#486,#487,#488,#489));
#118=EDGE_LOOP('',(#490,#491,#492,#493,#494,#495,#496,#497,#498,#499,#500,
#501,#502));
#119=EDGE_LOOP('',(#503,#504,#505,#506,#507,#508));
#120=EDGE_LOOP('',(#509,#510,#511,#512,#513,#514,#515,#516));
#121=LINE('',#717,#145);
#122=LINE('',#909,#146);
#123=LINE('',#927,#147);
#124=LINE('',#974,#148);
#125=LINE('',#1141,#149);
#126=LINE('',#1233,#150);
#127=LINE('',#1313,#151);
#128=LINE('',#1405,#152);
#129=LINE('',#2636,#153);
#130=LINE('',#2638,#154);
#131=LINE('',#2714,#155);
#132=LINE('',#2715,#156);
#133=LINE('',#2908,#157);
#134=LINE('',#3100,#158);
#135=LINE('',#3118,#159);
#136=LINE('',#3165,#160);
#137=LINE('',#3332,#161);
#138=LINE('',#3424,#162);
#139=LINE('',#3504,#163);
#140=LINE('',#3596,#164);
#141=LINE('',#4827,#165);
#142=LINE('',#4829,#166);
#143=LINE('',#4905,#167);
#144=LINE('',#4906,#168);
#145=VECTOR('',#608,2.5);
#146=VECTOR('',#611,1000.);
#147=VECTOR('',#620,5.5);
#148=VECTOR('',#623,5.5);
#149=VECTOR('',#632,1000.);
#150=VECTOR('',#635,1000.);
#151=VECTOR('',#642,1000.);
#152=VECTOR('',#645,1000.);
#153=VECTOR('',#652,1000.);
#154=VECTOR('',#653,1000.);
#155=VECTOR('',#656,1000.);
#156=VECTOR('',#657,1000.);
#157=VECTOR('',#662,2.5);
#158=VECTOR('',#665,1000.);
#159=VECTOR('',#674,5.5);
#160=VECTOR('',#677,5.5);
#161=VECTOR('',#686,1000.);
#162=VECTOR('',#689,1000.);
#163=VECTOR('',#696,1000.);
#164=VECTOR('',#699,1000.);
#165=VECTOR('',#706,1000.);
#166=VECTOR('',#707,1000.);
#167=VECTOR('',#710,1000.);
#168=VECTOR('',#711,1000.);
#169=CIRCLE('',#561,2.5);
#170=CIRCLE('',#562,2.5);
#171=CIRCLE('',#563,0.75);
#172=CIRCLE('',#564,25.3254953815837);
#173=CIRCLE('',#566,5.5);
#174=CIRCLE('',#568,5.5);
#175=CIRCLE('',#571,26.6174708229813);
#176=CIRCLE('',#572,0.125);
#177=CIRCLE('',#573,25.);
#178=CIRCLE('',#574,1.25);
#179=CIRCLE('',#575,28.1741285407387);
#180=CIRCLE('',#576,0.1125);
#181=CIRCLE('',#577,18.);
#182=CIRCLE('',#578,0.999999999999999);
#183=CIRCLE('',#579,20.);
#184=CIRCLE('',#580,0.1);
#185=CIRCLE('',#582,2.5);
#186=CIRCLE('',#583,2.5);
#187=CIRCLE('',#584,0.75);
#188=CIRCLE('',#585,25.3254953815837);
#189=CIRCLE('',#587,5.5);
#190=CIRCLE('',#589,5.5);
#191=CIRCLE('',#592,26.6174708229813);
#192=CIRCLE('',#593,0.125);
#193=CIRCLE('',#594,25.);
#194=CIRCLE('',#595,1.25);
#195=CIRCLE('',#596,28.1741285407387);
#196=CIRCLE('',#597,0.1125);
#197=CIRCLE('',#598,18.);
#198=CIRCLE('',#599,0.999999999999999);
#199=CIRCLE('',#600,20.);
#200=CIRCLE('',#601,0.1);
#201=VERTEX_POINT('',#714);
#202=VERTEX_POINT('',#716);
#203=VERTEX_POINT('',#907);
#204=VERTEX_POINT('',#908);
#205=VERTEX_POINT('',#910);
#206=VERTEX_POINT('',#915);
#207=VERTEX_POINT('',#920);
#208=VERTEX_POINT('',#924);
#209=VERTEX_POINT('',#926);
#210=VERTEX_POINT('',#928);
#211=VERTEX_POINT('',#947);
#212=VERTEX_POINT('',#949);
#213=VERTEX_POINT('',#962);
#214=VERTEX_POINT('',#973);
#215=VERTEX_POINT('',#976);
#216=VERTEX_POINT('',#1133);
#217=VERTEX_POINT('',#1138);
#218=VERTEX_POINT('',#1140);
#219=VERTEX_POINT('',#1142);
#220=VERTEX_POINT('',#1232);
#221=VERTEX_POINT('',#1234);
#222=VERTEX_POINT('',#1305);
#223=VERTEX_POINT('',#1310);
#224=VERTEX_POINT('',#1312);
#225=VERTEX_POINT('',#1314);
#226=VERTEX_POINT('',#1404);
#227=VERTEX_POINT('',#1406);
#228=VERTEX_POINT('',#2633);
#229=VERTEX_POINT('',#2635);
#230=VERTEX_POINT('',#2637);
#231=VERTEX_POINT('',#2639);
#232=VERTEX_POINT('',#2713);
#233=VERTEX_POINT('',#2905);
#234=VERTEX_POINT('',#2907);
#235=VERTEX_POINT('',#3098);
#236=VERTEX_POINT('',#3099);
#237=VERTEX_POINT('',#3101);
#238=VERTEX_POINT('',#3106);
#239=VERTEX_POINT('',#3111);
#240=VERTEX_POINT('',#3115);
#241=VERTEX_POINT('',#3117);
#242=VERTEX_POINT('',#3119);
#243=VERTEX_POINT('',#3138);
#244=VERTEX_POINT('',#3140);
#245=VERTEX_POINT('',#3153);
#246=VERTEX_POINT('',#3164);
#247=VERTEX_POINT('',#3167);
#248=VERTEX_POINT('',#3324);
#249=VERTEX_POINT('',#3329);
#250=VERTEX_POINT('',#3331);
#251=VERTEX_POINT('',#3333);
#252=VERTEX_POINT('',#3423);
#253=VERTEX_POINT('',#3425);
#254=VERTEX_POINT('',#3496);
#255=VERTEX_POINT('',#3501);
#256=VERTEX_POINT('',#3503);
#257=VERTEX_POINT('',#3505);
#258=VERTEX_POINT('',#3595);
#259=VERTEX_POINT('',#3597);
#260=VERTEX_POINT('',#4824);
#261=VERTEX_POINT('',#4826);
#262=VERTEX_POINT('',#4828);
#263=VERTEX_POINT('',#4830);
#264=VERTEX_POINT('',#4904);
#265=EDGE_CURVE('',#201,#201,#169,.T.);
#266=EDGE_CURVE('',#201,#202,#121,.T.);
#267=EDGE_CURVE('',#202,#202,#170,.T.);
#268=EDGE_CURVE('',#203,#204,#122,.T.);
#269=EDGE_CURVE('',#203,#205,#27,.T.);
#270=EDGE_CURVE('',#206,#205,#28,.T.);
#271=EDGE_CURVE('',#207,#206,#171,.T.);
#272=EDGE_CURVE('',#204,#207,#172,.T.);
#273=EDGE_CURVE('',#208,#208,#173,.T.);
#274=EDGE_CURVE('',#208,#209,#123,.T.);
#275=EDGE_CURVE('',#210,#209,#29,.T.);
#276=EDGE_CURVE('',#210,#211,#25,.T.);
#277=EDGE_CURVE('',#212,#211,#30,.T.);
#278=EDGE_CURVE('',#213,#212,#31,.F.);
#279=EDGE_CURVE('',#213,#214,#124,.T.);
#280=EDGE_CURVE('',#214,#214,#174,.T.);
#281=EDGE_CURVE('',#215,#213,#32,.F.);
#282=EDGE_CURVE('',#209,#215,#33,.T.);
#283=EDGE_CURVE('',#216,#212,#34,.T.);
#284=EDGE_CURVE('',#216,#217,#175,.T.);
#285=EDGE_CURVE('',#217,#218,#125,.T.);
#286=EDGE_CURVE('',#218,#219,#176,.T.);
#287=EDGE_CURVE('',#215,#219,#35,.T.);
#288=EDGE_CURVE('',#219,#220,#126,.T.);
#289=EDGE_CURVE('',#220,#221,#177,.T.);
#290=EDGE_CURVE('',#221,#216,#178,.T.);
#291=EDGE_CURVE('',#222,#216,#36,.T.);
#292=EDGE_CURVE('',#222,#223,#179,.T.);
#293=EDGE_CURVE('',#223,#224,#127,.T.);
#294=EDGE_CURVE('',#224,#225,#180,.T.);
#295=EDGE_CURVE('',#219,#225,#37,.T.);
#296=EDGE_CURVE('',#225,#226,#128,.T.);
#297=EDGE_CURVE('',#226,#227,#181,.T.);
#298=EDGE_CURVE('',#227,#222,#182,.T.);
#299=EDGE_CURVE('',#206,#228,#183,.T.);
#300=EDGE_CURVE('',#228,#229,#129,.T.);
#301=EDGE_CURVE('',#229,#230,#130,.T.);
#302=EDGE_CURVE('',#230,#231,#184,.T.);
#303=EDGE_CURVE('',#225,#231,#38,.T.);
#304=EDGE_CURVE('',#226,#204,#39,.T.);
#305=EDGE_CURVE('',#231,#232,#131,.T.);
#306=EDGE_CURVE('',#232,#203,#132,.T.);
#307=EDGE_CURVE('',#233,#233,#185,.T.);
#308=EDGE_CURVE('',#233,#234,#133,.T.);
#309=EDGE_CURVE('',#234,#234,#186,.T.);
#310=EDGE_CURVE('',#235,#236,#134,.T.);
#311=EDGE_CURVE('',#235,#237,#40,.T.);
#312=EDGE_CURVE('',#238,#237,#41,.T.);
#313=EDGE_CURVE('',#239,#238,#187,.T.);
#314=EDGE_CURVE('',#236,#239,#188,.T.);
#315=EDGE_CURVE('',#240,#240,#189,.T.);
#316=EDGE_CURVE('',#240,#241,#135,.T.);
#317=EDGE_CURVE('',#242,#241,#42,.T.);
#318=EDGE_CURVE('',#242,#243,#26,.T.);
#319=EDGE_CURVE('',#244,#243,#43,.T.);
#320=EDGE_CURVE('',#245,#244,#44,.F.);
#321=EDGE_CURVE('',#245,#246,#136,.T.);
#322=EDGE_CURVE('',#246,#246,#190,.T.);
#323=EDGE_CURVE('',#247,#245,#45,.F.);
#324=EDGE_CURVE('',#241,#247,#46,.T.);
#325=EDGE_CURVE('',#248,#244,#47,.T.);
#326=EDGE_CURVE('',#248,#249,#191,.T.);
#327=EDGE_CURVE('',#249,#250,#137,.T.);
#328=EDGE_CURVE('',#250,#251,#192,.T.);
#329=EDGE_CURVE('',#247,#251,#48,.T.);
#330=EDGE_CURVE('',#251,#252,#138,.T.);
#331=EDGE_CURVE('',#252,#253,#193,.T.);
#332=EDGE_CURVE('',#253,#248,#194,.T.);
#333=EDGE_CURVE('',#254,#248,#49,.T.);
#334=EDGE_CURVE('',#254,#255,#195,.T.);
#335=EDGE_CURVE('',#255,#256,#139,.T.);
#336=EDGE_CURVE('',#256,#257,#196,.T.);
#337=EDGE_CURVE('',#251,#257,#50,.T.);
#338=EDGE_CURVE('',#257,#258,#140,.T.);
#339=EDGE_CURVE('',#258,#259,#197,.T.);
#340=EDGE_CURVE('',#259,#254,#198,.T.);
#341=EDGE_CURVE('',#238,#260,#199,.T.);
#342=EDGE_CURVE('',#260,#261,#141,.T.);
#343=EDGE_CURVE('',#261,#262,#142,.T.);
#344=EDGE_CURVE('',#262,#263,#200,.T.);
#345=EDGE_CURVE('',#257,#263,#51,.T.);
#346=EDGE_CURVE('',#258,#236,#52,.T.);
#347=EDGE_CURVE('',#263,#264,#143,.T.);
#348=EDGE_CURVE('',#264,#235,#144,.T.);
#349=ORIENTED_EDGE('',*,*,#265,.T.);
#350=ORIENTED_EDGE('',*,*,#266,.T.);
#351=ORIENTED_EDGE('',*,*,#267,.F.);
#352=ORIENTED_EDGE('',*,*,#266,.F.);
#353=ORIENTED_EDGE('',*,*,#268,.F.);
#354=ORIENTED_EDGE('',*,*,#269,.T.);
#355=ORIENTED_EDGE('',*,*,#270,.F.);
#356=ORIENTED_EDGE('',*,*,#271,.F.);
#357=ORIENTED_EDGE('',*,*,#272,.F.);
#358=ORIENTED_EDGE('',*,*,#273,.F.);
#359=ORIENTED_EDGE('',*,*,#274,.T.);
#360=ORIENTED_EDGE('',*,*,#275,.F.);
#361=ORIENTED_EDGE('',*,*,#276,.T.);
#362=ORIENTED_EDGE('',*,*,#277,.F.);
#363=ORIENTED_EDGE('',*,*,#278,.F.);
#364=ORIENTED_EDGE('',*,*,#279,.T.);
#365=ORIENTED_EDGE('',*,*,#280,.T.);
#366=ORIENTED_EDGE('',*,*,#279,.F.);
#367=ORIENTED_EDGE('',*,*,#281,.F.);
#368=ORIENTED_EDGE('',*,*,#282,.F.);
#369=ORIENTED_EDGE('',*,*,#274,.F.);
#370=ORIENTED_EDGE('',*,*,#280,.F.);
#371=ORIENTED_EDGE('',*,*,#267,.T.);
#372=ORIENTED_EDGE('',*,*,#273,.T.);
#373=ORIENTED_EDGE('',*,*,#265,.F.);
#374=ORIENTED_EDGE('',*,*,#281,.T.);
#375=ORIENTED_EDGE('',*,*,#278,.T.);
#376=ORIENTED_EDGE('',*,*,#283,.F.);
#377=ORIENTED_EDGE('',*,*,#284,.T.);
#378=ORIENTED_EDGE('',*,*,#285,.T.);
#379=ORIENTED_EDGE('',*,*,#286,.T.);
#380=ORIENTED_EDGE('',*,*,#287,.F.);
#381=ORIENTED_EDGE('',*,*,#275,.T.);
#382=ORIENTED_EDGE('',*,*,#282,.T.);
#383=ORIENTED_EDGE('',*,*,#287,.T.);
#384=ORIENTED_EDGE('',*,*,#288,.T.);
#385=ORIENTED_EDGE('',*,*,#289,.T.);
#386=ORIENTED_EDGE('',*,*,#290,.T.);
#387=ORIENTED_EDGE('',*,*,#283,.T.);
#388=ORIENTED_EDGE('',*,*,#277,.T.);
#389=ORIENTED_EDGE('',*,*,#276,.F.);
#390=ORIENTED_EDGE('',*,*,#284,.F.);
#391=ORIENTED_EDGE('',*,*,#291,.F.);
#392=ORIENTED_EDGE('',*,*,#292,.T.);
#393=ORIENTED_EDGE('',*,*,#293,.T.);
#394=ORIENTED_EDGE('',*,*,#294,.T.);
#395=ORIENTED_EDGE('',*,*,#295,.F.);
#396=ORIENTED_EDGE('',*,*,#286,.F.);
#397=ORIENTED_EDGE('',*,*,#285,.F.);
#398=ORIENTED_EDGE('',*,*,#288,.F.);
#399=ORIENTED_EDGE('',*,*,#295,.T.);
#400=ORIENTED_EDGE('',*,*,#296,.T.);
#401=ORIENTED_EDGE('',*,*,#297,.T.);
#402=ORIENTED_EDGE('',*,*,#298,.T.);
#403=ORIENTED_EDGE('',*,*,#291,.T.);
#404=ORIENTED_EDGE('',*,*,#290,.F.);
#405=ORIENTED_EDGE('',*,*,#289,.F.);
#406=ORIENTED_EDGE('',*,*,#272,.T.);
#407=ORIENTED_EDGE('',*,*,#271,.T.);
#408=ORIENTED_EDGE('',*,*,#299,.T.);
#409=ORIENTED_EDGE('',*,*,#300,.T.);
#410=ORIENTED_EDGE('',*,*,#301,.T.);
#411=ORIENTED_EDGE('',*,*,#302,.T.);
#412=ORIENTED_EDGE('',*,*,#303,.F.);
#413=ORIENTED_EDGE('',*,*,#294,.F.);
#414=ORIENTED_EDGE('',*,*,#293,.F.);
#415=ORIENTED_EDGE('',*,*,#292,.F.);
#416=ORIENTED_EDGE('',*,*,#298,.F.);
#417=ORIENTED_EDGE('',*,*,#297,.F.);
#418=ORIENTED_EDGE('',*,*,#304,.T.);
#419=ORIENTED_EDGE('',*,*,#304,.F.);
#420=ORIENTED_EDGE('',*,*,#296,.F.);
#421=ORIENTED_EDGE('',*,*,#303,.T.);
#422=ORIENTED_EDGE('',*,*,#305,.T.);
#423=ORIENTED_EDGE('',*,*,#306,.T.);
#424=ORIENTED_EDGE('',*,*,#268,.T.);
#425=ORIENTED_EDGE('',*,*,#269,.F.);
#426=ORIENTED_EDGE('',*,*,#306,.F.);
#427=ORIENTED_EDGE('',*,*,#305,.F.);
#428=ORIENTED_EDGE('',*,*,#302,.F.);
#429=ORIENTED_EDGE('',*,*,#301,.F.);
#430=ORIENTED_EDGE('',*,*,#300,.F.);
#431=ORIENTED_EDGE('',*,*,#299,.F.);
#432=ORIENTED_EDGE('',*,*,#270,.T.);
#433=ORIENTED_EDGE('',*,*,#307,.T.);
#434=ORIENTED_EDGE('',*,*,#308,.T.);
#435=ORIENTED_EDGE('',*,*,#309,.F.);
#436=ORIENTED_EDGE('',*,*,#308,.F.);
#437=ORIENTED_EDGE('',*,*,#310,.F.);
#438=ORIENTED_EDGE('',*,*,#311,.T.);
#439=ORIENTED_EDGE('',*,*,#312,.F.);
#440=ORIENTED_EDGE('',*,*,#313,.F.);
#441=ORIENTED_EDGE('',*,*,#314,.F.);
#442=ORIENTED_EDGE('',*,*,#315,.F.);
#443=ORIENTED_EDGE('',*,*,#316,.T.);
#444=ORIENTED_EDGE('',*,*,#317,.F.);
#445=ORIENTED_EDGE('',*,*,#318,.T.);
#446=ORIENTED_EDGE('',*,*,#319,.F.);
#447=ORIENTED_EDGE('',*,*,#320,.F.);
#448=ORIENTED_EDGE('',*,*,#321,.T.);
#449=ORIENTED_EDGE('',*,*,#322,.T.);
#450=ORIENTED_EDGE('',*,*,#321,.F.);
#451=ORIENTED_EDGE('',*,*,#323,.F.);
#452=ORIENTED_EDGE('',*,*,#324,.F.);
#453=ORIENTED_EDGE('',*,*,#316,.F.);
#454=ORIENTED_EDGE('',*,*,#322,.F.);
#455=ORIENTED_EDGE('',*,*,#309,.T.);
#456=ORIENTED_EDGE('',*,*,#315,.T.);
#457=ORIENTED_EDGE('',*,*,#307,.F.);
#458=ORIENTED_EDGE('',*,*,#323,.T.);
#459=ORIENTED_EDGE('',*,*,#320,.T.);
#460=ORIENTED_EDGE('',*,*,#325,.F.);
#461=ORIENTED_EDGE('',*,*,#326,.T.);
#462=ORIENTED_EDGE('',*,*,#327,.T.);
#463=ORIENTED_EDGE('',*,*,#328,.T.);
#464=ORIENTED_EDGE('',*,*,#329,.F.);
#465=ORIENTED_EDGE('',*,*,#317,.T.);
#466=ORIENTED_EDGE('',*,*,#324,.T.);
#467=ORIENTED_EDGE('',*,*,#329,.T.);
#468=ORIENTED_EDGE('',*,*,#330,.T.);
#469=ORIENTED_EDGE('',*,*,#331,.T.);
#470=ORIENTED_EDGE('',*,*,#332,.T.);
#471=ORIENTED_EDGE('',*,*,#325,.T.);
#472=ORIENTED_EDGE('',*,*,#319,.T.);
#473=ORIENTED_EDGE('',*,*,#318,.F.);
#474=ORIENTED_EDGE('',*,*,#326,.F.);
#475=ORIENTED_EDGE('',*,*,#333,.F.);
#476=ORIENTED_EDGE('',*,*,#334,.T.);
#477=ORIENTED_EDGE('',*,*,#335,.T.);
#478=ORIENTED_EDGE('',*,*,#336,.T.);
#479=ORIENTED_EDGE('',*,*,#337,.F.);
#480=ORIENTED_EDGE('',*,*,#328,.F.);
#481=ORIENTED_EDGE('',*,*,#327,.F.);
#482=ORIENTED_EDGE('',*,*,#330,.F.);
#483=ORIENTED_EDGE('',*,*,#337,.T.);
#484=ORIENTED_EDGE('',*,*,#338,.T.);
#485=ORIENTED_EDGE('',*,*,#339,.T.);
#486=ORIENTED_EDGE('',*,*,#340,.T.);
#487=ORIENTED_EDGE('',*,*,#333,.T.);
#488=ORIENTED_EDGE('',*,*,#332,.F.);
#489=ORIENTED_EDGE('',*,*,#331,.F.);
#490=ORIENTED_EDGE('',*,*,#314,.T.);
#491=ORIENTED_EDGE('',*,*,#313,.T.);
#492=ORIENTED_EDGE('',*,*,#341,.T.);
#493=ORIENTED_EDGE('',*,*,#342,.T.);
#494=ORIENTED_EDGE('',*,*,#343,.T.);
#495=ORIENTED_EDGE('',*,*,#344,.T.);
#496=ORIENTED_EDGE('',*,*,#345,.F.);
#497=ORIENTED_EDGE('',*,*,#336,.F.);
#498=ORIENTED_EDGE('',*,*,#335,.F.);
#499=ORIENTED_EDGE('',*,*,#334,.F.);
#500=ORIENTED_EDGE('',*,*,#340,.F.);
#501=ORIENTED_EDGE('',*,*,#339,.F.);
#502=ORIENTED_EDGE('',*,*,#346,.T.);
#503=ORIENTED_EDGE('',*,*,#346,.F.);
#504=ORIENTED_EDGE('',*,*,#338,.F.);
#505=ORIENTED_EDGE('',*,*,#345,.T.);
#506=ORIENTED_EDGE('',*,*,#347,.T.);
#507=ORIENTED_EDGE('',*,*,#348,.T.);
#508=ORIENTED_EDGE('',*,*,#310,.T.);
#509=ORIENTED_EDGE('',*,*,#311,.F.);
#510=ORIENTED_EDGE('',*,*,#348,.F.);
#511=ORIENTED_EDGE('',*,*,#347,.F.);
#512=ORIENTED_EDGE('',*,*,#344,.F.);
#513=ORIENTED_EDGE('',*,*,#343,.F.);
#514=ORIENTED_EDGE('',*,*,#342,.F.);
#515=ORIENTED_EDGE('',*,*,#341,.F.);
#516=ORIENTED_EDGE('',*,*,#312,.T.);
#517=CYLINDRICAL_SURFACE('',#560,2.5);
#518=CYLINDRICAL_SURFACE('',#565,5.5);
#519=CYLINDRICAL_SURFACE('',#581,2.5);
#520=CYLINDRICAL_SURFACE('',#586,5.5);
#521=ADVANCED_FACE('',(#69),#517,.F.);
#522=ADVANCED_FACE('',(#70),#53,.F.);
#523=ADVANCED_FACE('',(#71),#518,.T.);
#524=ADVANCED_FACE('',(#72,#17),#21,.T.);
#525=ADVANCED_FACE('',(#73,#18),#22,.F.);
#526=ADVANCED_FACE('',(#74),#54,.F.);
#527=ADVANCED_FACE('',(#75),#55,.F.);
#528=ADVANCED_FACE('',(#76),#56,.F.);
#529=ADVANCED_FACE('',(#77),#57,.F.);
#530=ADVANCED_FACE('',(#78),#58,.F.);
#531=ADVANCED_FACE('',(#79),#59,.F.);
#532=ADVANCED_FACE('',(#80),#60,.F.);
#533=ADVANCED_FACE('',(#81),#519,.F.);
#534=ADVANCED_FACE('',(#82),#61,.F.);
#535=ADVANCED_FACE('',(#83),#520,.T.);
#536=ADVANCED_FACE('',(#84,#19),#23,.T.);
#537=ADVANCED_FACE('',(#85,#20),#24,.F.);
#538=ADVANCED_FACE('',(#86),#62,.F.);
#539=ADVANCED_FACE('',(#87),#63,.F.);
#540=ADVANCED_FACE('',(#88),#64,.F.);
#541=ADVANCED_FACE('',(#89),#65,.F.);
#542=ADVANCED_FACE('',(#90),#66,.F.);
#543=ADVANCED_FACE('',(#91),#67,.F.);
#544=ADVANCED_FACE('',(#92),#68,.F.);
#545=CLOSED_SHELL('',(#521,#522,#523,#524,#525,#526,#527,#528,#529,#530,
#531,#532));
#546=CLOSED_SHELL('',(#533,#534,#535,#536,#537,#538,#539,#540,#541,#542,
#543,#544));
#547=DERIVED_UNIT_ELEMENT(#549,1.);
#548=DERIVED_UNIT_ELEMENT(#5100,-3.);
#549=(
MASS_UNIT()
NAMED_UNIT(*)
SI_UNIT(.KILO.,.GRAM.)
);
#550=DERIVED_UNIT((#547,#548));
#551=MEASURE_REPRESENTATION_ITEM('density measure',
POSITIVE_RATIO_MEASURE(7850.),#550);
#552=PROPERTY_DEFINITION_REPRESENTATION(#557,#554);
#553=PROPERTY_DEFINITION_REPRESENTATION(#558,#555);
#554=REPRESENTATION('material name',(#556),#5097);
#555=REPRESENTATION('density',(#551),#5097);
#556=DESCRIPTIVE_REPRESENTATION_ITEM('Acero','Acero');
#557=PROPERTY_DEFINITION('material property','material name',#5107);
#558=PROPERTY_DEFINITION('material property','density of part',#5107);
#559=AXIS2_PLACEMENT_3D('',#712,#602,#603);
#560=AXIS2_PLACEMENT_3D('',#713,#604,#605);
#561=AXIS2_PLACEMENT_3D('',#715,#606,#607);
#562=AXIS2_PLACEMENT_3D('',#718,#609,#610);
#563=AXIS2_PLACEMENT_3D('',#921,#612,#613);
#564=AXIS2_PLACEMENT_3D('',#922,#614,#615);
#565=AXIS2_PLACEMENT_3D('',#923,#616,#617);
#566=AXIS2_PLACEMENT_3D('',#925,#618,#619);
#567=AXIS2_PLACEMENT_3D('',#948,#621,#622);
#568=AXIS2_PLACEMENT_3D('',#975,#624,#625);
#569=AXIS2_PLACEMENT_3D('',#1031,#626,#627);
#570=AXIS2_PLACEMENT_3D('',#1032,#628,#629);
#571=AXIS2_PLACEMENT_3D('',#1139,#630,#631);
#572=AXIS2_PLACEMENT_3D('',#1143,#633,#634);
#573=AXIS2_PLACEMENT_3D('',#1235,#636,#637);
#574=AXIS2_PLACEMENT_3D('',#1236,#638,#639);
#575=AXIS2_PLACEMENT_3D('',#1311,#640,#641);
#576=AXIS2_PLACEMENT_3D('',#1315,#643,#644);
#577=AXIS2_PLACEMENT_3D('',#1407,#646,#647);
#578=AXIS2_PLACEMENT_3D('',#1408,#648,#649);
#579=AXIS2_PLACEMENT_3D('',#2634,#650,#651);
#580=AXIS2_PLACEMENT_3D('',#2640,#654,#655);
#581=AXIS2_PLACEMENT_3D('',#2904,#658,#659);
#582=AXIS2_PLACEMENT_3D('',#2906,#660,#661);
#583=AXIS2_PLACEMENT_3D('',#2909,#663,#664);
#584=AXIS2_PLACEMENT_3D('',#3112,#666,#667);
#585=AXIS2_PLACEMENT_3D('',#3113,#668,#669);
#586=AXIS2_PLACEMENT_3D('',#3114,#670,#671);
#587=AXIS2_PLACEMENT_3D('',#3116,#672,#673);
#588=AXIS2_PLACEMENT_3D('',#3139,#675,#676);
#589=AXIS2_PLACEMENT_3D('',#3166,#678,#679);
#590=AXIS2_PLACEMENT_3D('',#3222,#680,#681);
#591=AXIS2_PLACEMENT_3D('',#3223,#682,#683);
#592=AXIS2_PLACEMENT_3D('',#3330,#684,#685);
#593=AXIS2_PLACEMENT_3D('',#3334,#687,#688);
#594=AXIS2_PLACEMENT_3D('',#3426,#690,#691);
#595=AXIS2_PLACEMENT_3D('',#3427,#692,#693);
#596=AXIS2_PLACEMENT_3D('',#3502,#694,#695);
#597=AXIS2_PLACEMENT_3D('',#3506,#697,#698);
#598=AXIS2_PLACEMENT_3D('',#3598,#700,#701);
#599=AXIS2_PLACEMENT_3D('',#3599,#702,#703);
#600=AXIS2_PLACEMENT_3D('',#4825,#704,#705);
#601=AXIS2_PLACEMENT_3D('',#4831,#708,#709);
#602=DIRECTION('axis',(0.,0.,1.));
#603=DIRECTION('refdir',(1.,0.,0.));
#604=DIRECTION('center_axis',(0.,1.,0.));
#605=DIRECTION('ref_axis',(0.,0.,-1.));
#606=DIRECTION('center_axis',(0.,-1.,0.));
#607=DIRECTION('ref_axis',(0.,0.,-1.));
#608=DIRECTION('',(0.,1.,0.));
#609=DIRECTION('center_axis',(0.,-1.,0.));
#610=DIRECTION('ref_axis',(0.,0.,-1.));
#611=DIRECTION('',(0.970305375161799,0.241883192744185,0.));
#612=DIRECTION('center_axis',(0.,0.,1.));
#613=DIRECTION('ref_axis',(1.,0.,0.));
#614=DIRECTION('center_axis',(0.,0.,-1.));
#615=DIRECTION('ref_axis',(1.,0.,0.));
#616=DIRECTION('center_axis',(0.,-1.,0.));
#617=DIRECTION('ref_axis',(0.,0.,1.));
#618=DIRECTION('center_axis',(0.,-1.,0.));
#619=DIRECTION('ref_axis',(0.,0.,-1.));
#620=DIRECTION('',(0.,1.,0.));
#621=DIRECTION('center_axis',(0.,0.,1.));
#622=DIRECTION('ref_axis',(0.00165816408166989,-0.999998625244994,0.));
#623=DIRECTION('',(0.,1.,0.));
#624=DIRECTION('center_axis',(0.,-1.,0.));
#625=DIRECTION('ref_axis',(0.,0.,-1.));
#626=DIRECTION('center_axis',(0.,1.,0.));
#627=DIRECTION('ref_axis',(0.,0.,-1.));
#628=DIRECTION('center_axis',(0.,1.,0.));
#629=DIRECTION('ref_axis',(0.,0.,-1.));
#630=DIRECTION('center_axis',(0.,0.,1.));
#631=DIRECTION('ref_axis',(1.,0.,0.));
#632=DIRECTION('',(-0.807556502714251,-0.589790212638297,0.));
#633=DIRECTION('center_axis',(0.,0.,1.));
#634=DIRECTION('ref_axis',(1.,0.,0.));
#635=DIRECTION('',(0.871357763128292,0.490648192329351,0.));
#636=DIRECTION('center_axis',(0.,0.,-1.));
#637=DIRECTION('ref_axis',(1.,0.,0.));
#638=DIRECTION('center_axis',(0.,0.,1.));
#639=DIRECTION('ref_axis',(1.,0.,0.));
#640=DIRECTION('center_axis',(0.,0.,1.));
#641=DIRECTION('ref_axis',(1.,0.,0.));
#642=DIRECTION('',(-0.868953993707959,-0.494892874083865,0.));
#643=DIRECTION('center_axis',(0.,0.,1.));
#644=DIRECTION('ref_axis',(1.,0.,0.));
#645=DIRECTION('',(0.914379789279763,0.404857506978315,0.));
#646=DIRECTION('center_axis',(0.,0.,-1.));
#647=DIRECTION('ref_axis',(1.,0.,0.));
#648=DIRECTION('center_axis',(0.,0.,1.));
#649=DIRECTION('ref_axis',(1.,0.,0.));
#650=DIRECTION('center_axis',(0.,0.,1.));
#651=DIRECTION('ref_axis',(1.,0.,0.));
#652=DIRECTION('',(-0.929049434171869,-0.369955603910699,0.));
#653=DIRECTION('',(-0.929049434171869,-0.369955603910699,0.));
#654=DIRECTION('center_axis',(0.,0.,1.));
#655=DIRECTION('ref_axis',(1.,0.,0.));
#656=DIRECTION('',(0.970305375161799,0.241883192744185,0.));
#657=DIRECTION('',(0.970305375161799,0.241883192744185,0.));
#658=DIRECTION('center_axis',(0.,1.,0.));
#659=DIRECTION('ref_axis',(0.,0.,1.));
#660=DIRECTION('center_axis',(0.,-1.,0.));
#661=DIRECTION('ref_axis',(0.,0.,1.));
#662=DIRECTION('',(0.,1.,0.));
#663=DIRECTION('center_axis',(0.,-1.,0.));
#664=DIRECTION('ref_axis',(0.,0.,1.));
#665=DIRECTION('',(-0.970305375161799,0.241883192744185,0.));
#666=DIRECTION('center_axis',(0.,0.,-1.));
#667=DIRECTION('ref_axis',(-1.,0.,0.));
#668=DIRECTION('center_axis',(0.,0.,1.));
#669=DIRECTION('ref_axis',(-1.,0.,0.));
#670=DIRECTION('center_axis',(0.,-1.,0.));
#671=DIRECTION('ref_axis',(0.,0.,-1.));
#672=DIRECTION('center_axis',(0.,-1.,0.));
#673=DIRECTION('ref_axis',(0.,0.,1.));
#674=DIRECTION('',(0.,1.,0.));
#675=DIRECTION('center_axis',(0.,0.,-1.));
#676=DIRECTION('ref_axis',(0.00165816408166989,0.999998625244994,0.));
#677=DIRECTION('',(0.,1.,0.));
#678=DIRECTION('center_axis',(0.,-1.,0.));
#679=DIRECTION('ref_axis',(0.,0.,1.));
#680=DIRECTION('center_axis',(0.,1.,0.));
#681=DIRECTION('ref_axis',(0.,0.,1.));
#682=DIRECTION('center_axis',(0.,1.,0.));
#683=DIRECTION('ref_axis',(0.,0.,1.));
#684=DIRECTION('center_axis',(0.,0.,-1.));
#685=DIRECTION('ref_axis',(-1.,0.,0.));
#686=DIRECTION('',(0.807556502714251,-0.589790212638297,0.));
#687=DIRECTION('center_axis',(0.,0.,-1.));
#688=DIRECTION('ref_axis',(-1.,0.,0.));
#689=DIRECTION('',(-0.871357763128292,0.490648192329351,0.));
#690=DIRECTION('center_axis',(0.,0.,1.));
#691=DIRECTION('ref_axis',(-1.,0.,0.));
#692=DIRECTION('center_axis',(0.,0.,-1.));
#693=DIRECTION('ref_axis',(-1.,0.,0.));
#694=DIRECTION('center_axis',(0.,0.,-1.));
#695=DIRECTION('ref_axis',(-1.,0.,0.));
#696=DIRECTION('',(0.868953993707959,-0.494892874083865,0.));
#697=DIRECTION('center_axis',(0.,0.,-1.));
#698=DIRECTION('ref_axis',(-1.,0.,0.));
#699=DIRECTION('',(-0.914379789279763,0.404857506978315,0.));
#700=DIRECTION('center_axis',(0.,0.,1.));
#701=DIRECTION('ref_axis',(-1.,0.,0.));
#702=DIRECTION('center_axis',(0.,0.,-1.));
#703=DIRECTION('ref_axis',(-1.,0.,0.));
#704=DIRECTION('center_axis',(0.,0.,-1.));
#705=DIRECTION('ref_axis',(-1.,0.,0.));
#706=DIRECTION('',(0.929049434171869,-0.369955603910699,0.));
#707=DIRECTION('',(0.929049434171869,-0.369955603910699,0.));
#708=DIRECTION('center_axis',(0.,0.,-1.));
#709=DIRECTION('ref_axis',(-1.,0.,0.));
#710=DIRECTION('',(-0.970305375161799,0.241883192744185,0.));
#711=DIRECTION('',(-0.970305375161799,0.241883192744185,0.));
#712=CARTESIAN_POINT('',(0.,0.,0.));
#713=CARTESIAN_POINT('Origin',(0.,-3.92677778474323,0.));
#714=CARTESIAN_POINT('',(3.06161699786838E-16,-3.5,2.5));
#715=CARTESIAN_POINT('Origin',(0.,-3.5,0.));
#716=CARTESIAN_POINT('',(3.06161699786838E-16,3.5,2.5));
#717=CARTESIAN_POINT('',(3.06161699786838E-16,-3.92677778474323,2.5));
#718=CARTESIAN_POINT('Origin',(0.,3.5,0.));
#719=CARTESIAN_POINT('Ctrl Pts',(5.56676214992956,0.499999691723221,-91.5995419895645));
#720=CARTESIAN_POINT('Ctrl Pts',(5.17555622809644,-0.169581944936114,-98.3809404472444));
#721=CARTESIAN_POINT('Ctrl Pts',(-0.162221885951781,-1.83479097246806,-99.9904702236222));
#722=CARTESIAN_POINT('Ctrl Pts',(-5.50000000000001,-3.5,-101.6));
#723=CARTESIAN_POINT('Ctrl Pts',(5.33681509055755,0.497460305323099,-91.5995450944003));
#724=CARTESIAN_POINT('Ctrl Pts',(4.90549718760398,-0.0920644877838229,-98.3349719395534));
#725=CARTESIAN_POINT('Ctrl Pts',(-0.29725140619801,-1.79603224389191,-99.9674859697767));
#726=CARTESIAN_POINT('Ctrl Pts',(-5.50000000000001,-3.5,-101.6));
#727=CARTESIAN_POINT('Ctrl Pts',(4.72372177127395,0.480124415213748,-91.5996016320129));
#728=CARTESIAN_POINT('Ctrl Pts',(4.45023414880909,-0.170472253364174,-97.4979068441153));
#729=CARTESIAN_POINT('Ctrl Pts',(-0.524882925595456,-1.83523612668209,-99.5489534220577));
#730=CARTESIAN_POINT('Ctrl Pts',(-5.50000000000001,-3.5,-101.6));
#731=CARTESIAN_POINT('Ctrl Pts',(3.50012061081777,0.389100210201232,-91.5996580088677));
#732=CARTESIAN_POINT('Ctrl Pts',(3.24886306369669,-0.0963041138824066,-96.663221841863));
#733=CARTESIAN_POINT('Ctrl Pts',(-1.12556846815165,-1.7981520569412,-99.1316109209315));
#734=CARTESIAN_POINT('Ctrl Pts',(-5.50000000000001,-3.5,-101.6));
#735=CARTESIAN_POINT('Ctrl Pts',(1.90651630012877,0.149877037202139,-91.5997453280359));
#736=CARTESIAN_POINT('Ctrl Pts',(1.78971794798355,-0.253470873130758,-95.3704218038013));
#737=CARTESIAN_POINT('Ctrl Pts',(-1.85514102600822,-1.87673543656538,-98.4852109019006));
#738=CARTESIAN_POINT('Ctrl Pts',(-5.50000000000001,-3.5,-101.6));
#739=CARTESIAN_POINT('Ctrl Pts',(0.118070784998597,-0.289653466089644,-91.5998206887792));
#740=CARTESIAN_POINT('Ctrl Pts',(0.0670508288382884,-0.560668047662642,
-94.2546716902204));
#741=CARTESIAN_POINT('Ctrl Pts',(-2.71647458558086,-2.03033402383132,-97.9273358451102));
#742=CARTESIAN_POINT('Ctrl Pts',(-5.50000000000001,-3.5,-101.6));
#743=CARTESIAN_POINT('Ctrl Pts',(-1.04226778465388,-0.690957355836404,-91.5998621591935));
#744=CARTESIAN_POINT('Ctrl Pts',(-1.05184596806621,-0.912202579201298,-93.6406833242934));
#745=CARTESIAN_POINT('Ctrl Pts',(-3.27592298403311,-2.20610128960065,-97.6203416621467));
#746=CARTESIAN_POINT('Ctrl Pts',(-5.50000000000001,-3.5,-101.6));
#747=CARTESIAN_POINT('Ctrl Pts',(-2.11199600371979,-1.11693574887034,-91.5998959186416));
#748=CARTESIAN_POINT('Ctrl Pts',(-2.10542519893552,-1.28337074323643,-93.1408593255447));
#749=CARTESIAN_POINT('Ctrl Pts',(-3.80271259946776,-2.39168537161821,-97.3704296627724));
#750=CARTESIAN_POINT('Ctrl Pts',(-5.50000000000001,-3.5,-101.6));
#751=CARTESIAN_POINT('Ctrl Pts',(-3.11199576268283,-1.51514839689497,-91.5999232333991));
#752=CARTESIAN_POINT('Ctrl Pts',(-3.10899884348018,-1.6237107280239,-92.7364519060477));
#753=CARTESIAN_POINT('Ctrl Pts',(-4.30449942174009,-2.56185536401195,-97.1682259530238));
#754=CARTESIAN_POINT('Ctrl Pts',(-5.50000000000001,-3.5,-101.6));
#755=CARTESIAN_POINT('Ctrl Pts',(-4.42449609453123,-2.03780005723245,-91.5999495277474));
#756=CARTESIAN_POINT('Ctrl Pts',(-4.41659221649567,-2.10653515363533,-92.3471521073415));
#757=CARTESIAN_POINT('Ctrl Pts',(-4.95829610824784,-2.80326757681767,-96.9735760536707));
#758=CARTESIAN_POINT('Ctrl Pts',(-5.50000000000001,-3.5,-101.6));
#759=CARTESIAN_POINT('Ctrl Pts',(-5.42449603717543,-2.43601031871848,-91.5999634857811));
#760=CARTESIAN_POINT('Ctrl Pts',(-5.41744637781909,-2.48220892883123,-92.1404970644006));
#761=CARTESIAN_POINT('Ctrl Pts',(-5.45872318890955,-2.99110446441562,-96.8702485322003));
#762=CARTESIAN_POINT('Ctrl Pts',(-5.50000000000001,-3.5,-101.6));
#763=CARTESIAN_POINT('Ctrl Pts',(-6.11199605779658,-2.70977954652593,-91.5999704880004));
#764=CARTESIAN_POINT('Ctrl Pts',(-6.10464449781039,-2.74532550315916,-92.0368260199341));
#765=CARTESIAN_POINT('Ctrl Pts',(-5.80232224890519,-3.12266275157958,-96.8184130099671));
#766=CARTESIAN_POINT('Ctrl Pts',(-5.50000000000001,-3.5,-101.6));
#767=CARTESIAN_POINT('Ctrl Pts',(-6.61199593434265,-2.90888434820411,-91.5999741122308));
#768=CARTESIAN_POINT('Ctrl Pts',(-6.60647478085696,-2.93803434537938,-91.9831676377512));
#769=CARTESIAN_POINT('Ctrl Pts',(-6.05323739042848,-3.21901717268969,-96.7915838188756));
#770=CARTESIAN_POINT('Ctrl Pts',(-5.50000000000001,-3.5,-101.6));
#771=CARTESIAN_POINT('Ctrl Pts',(-6.98699617299557,-3.058212753752,-91.5999758962541));
#772=CARTESIAN_POINT('Ctrl Pts',(-6.97794283777051,-3.08546323749907,-91.9567543607));
#773=CARTESIAN_POINT('Ctrl Pts',(-6.23897141888525,-3.29273161874953,-96.77837718035));
#774=CARTESIAN_POINT('Ctrl Pts',(-5.50000000000001,-3.5,-101.6));
#775=CARTESIAN_POINT('Ctrl Pts',(-7.23699574098494,-3.15776520318936,-91.5999766644097));
#776=CARTESIAN_POINT('Ctrl Pts',(-7.23433960229726,-3.18109770393726,-91.9453814676743));
#777=CARTESIAN_POINT('Ctrl Pts',(-6.36716980114863,-3.34054885196863,-96.7726907338371));
#778=CARTESIAN_POINT('Ctrl Pts',(-5.50000000000001,-3.5,-101.6));
#779=CARTESIAN_POINT('Ctrl Pts',(-7.42449707678812,-3.23242894510163,-91.5999771188873));
#780=CARTESIAN_POINT('Ctrl Pts',(-7.40206273733047,-3.26163512309461,-91.9386527206815));
#781=CARTESIAN_POINT('Ctrl Pts',(-6.45103136866524,-3.38081756154731,-96.7693263603407));
#782=CARTESIAN_POINT('Ctrl Pts',(-5.50000000000001,-3.5,-101.6));
#783=CARTESIAN_POINT('Ctrl Pts',(-7.54949374865575,-3.28220624416982,-91.5999770857973));
#784=CARTESIAN_POINT('Ctrl Pts',(-7.576337319519,-3.29354593407216,-91.9391426329856));
#785=CARTESIAN_POINT('Ctrl Pts',(-6.5381686597595,-3.39677296703608,-96.7695713164928));
#786=CARTESIAN_POINT('Ctrl Pts',(-5.50000000000001,-3.5,-101.6));
#787=CARTESIAN_POINT('Ctrl Pts',(-7.6352768267227,-3.31636349602555,-91.5999772719181));
#788=CARTESIAN_POINT('Ctrl Pts',(-7.61576838897607,-3.34358902991103,-91.9363870297538));
#789=CARTESIAN_POINT('Ctrl Pts',(-6.55788419448804,-3.42179451495551,-96.7681935148769));
#790=CARTESIAN_POINT('Ctrl Pts',(-5.50000000000001,-3.5,-101.6));
#791=CARTESIAN_POINT('Ctrl Pts',(-7.67444219705471,-3.35308201324925,-91.5999774151613));
#792=CARTESIAN_POINT('Ctrl Pts',(-7.61356642522662,-3.39462105760739,-91.9342662494079));
#793=CARTESIAN_POINT('Ctrl Pts',(-6.55678321261331,-3.4473105288037,-96.7671331247039));
#794=CARTESIAN_POINT('Ctrl Pts',(-5.50000000000001,-3.5,-101.6));
#795=CARTESIAN_POINT('Ctrl Pts',(-7.67963254760397,-3.43382255778349,-91.5999774591943));
#796=CARTESIAN_POINT('Ctrl Pts',(-7.60813559541571,-3.4077674336727,-91.9336143206306));
#797=CARTESIAN_POINT('Ctrl Pts',(-6.55406779770786,-3.45388371683635,-96.7668071603153));
#798=CARTESIAN_POINT('Ctrl Pts',(-5.50000000000001,-3.5,-101.6));
#799=CARTESIAN_POINT('Ctrl Pts',(-7.62835887588203,-3.49606079768415,-91.5999772473544));
#800=CARTESIAN_POINT('Ctrl Pts',(-7.6219168168426,-3.45553698012368,-91.9367507062521));
#801=CARTESIAN_POINT('Ctrl Pts',(-6.5609584084213,-3.47776849006184,-96.7683753531261));
#802=CARTESIAN_POINT('Ctrl Pts',(-5.50000000000001,-3.5,-101.6));
#803=CARTESIAN_POINT('Ctrl Pts',(-7.57512578138369,-3.50309149429163,-91.5999772291768));
#804=CARTESIAN_POINT('Ctrl Pts',(-7.56967581748252,-3.50467767122054,-91.9370198340658));
#805=CARTESIAN_POINT('Ctrl Pts',(-6.53483790874126,-3.50233883561027,-96.7685099170329));
#806=CARTESIAN_POINT('Ctrl Pts',(-5.50000000000001,-3.5,-101.6));
#807=CARTESIAN_POINT('Ctrl Pts',(-7.47789529578919,-3.47884973921279,-91.5999771856785));
#808=CARTESIAN_POINT('Ctrl Pts',(-7.4737436115374,-3.53393872701205,-91.9376638453402));
#809=CARTESIAN_POINT('Ctrl Pts',(-6.4868718057687,-3.51696936350603,-96.7688319226701));
#810=CARTESIAN_POINT('Ctrl Pts',(-5.50000000000001,-3.5,-101.6));
#811=CARTESIAN_POINT('Ctrl Pts',(-7.33206203917144,-3.44249948913118,-91.5999770882654));
#812=CARTESIAN_POINT('Ctrl Pts',(-7.32677362839612,-3.43976615960133,-91.9391060920002));
#813=CARTESIAN_POINT('Ctrl Pts',(-6.41338681419806,-3.46988307980066,-96.7695530460001));
#814=CARTESIAN_POINT('Ctrl Pts',(-5.50000000000001,-3.5,-101.6));
#815=CARTESIAN_POINT('Ctrl Pts',(-7.11331198962373,-3.38796660671735,-91.5999767345644));
#816=CARTESIAN_POINT('Ctrl Pts',(-7.10875570018215,-3.40965611495239,-91.9443427950828));
#817=CARTESIAN_POINT('Ctrl Pts',(-6.30437785009108,-3.45482805747619,-96.7721713975414));
#818=CARTESIAN_POINT('Ctrl Pts',(-5.50000000000001,-3.5,-101.6));
#819=CARTESIAN_POINT('Ctrl Pts',(-6.89456198638873,-3.33343572263478,-91.5999762053709));
#820=CARTESIAN_POINT('Ctrl Pts',(-6.89005188242323,-3.34995981427184,-91.9521777472452));
#821=CARTESIAN_POINT('Ctrl Pts',(-6.19502594121162,-3.42497990713592,-96.7760888736226));
#822=CARTESIAN_POINT('Ctrl Pts',(-5.50000000000001,-3.5,-101.6));
#823=CARTESIAN_POINT('Ctrl Pts',(-6.67581197239845,-3.27890429003049,-91.5999754940187));
#824=CARTESIAN_POINT('Ctrl Pts',(-6.67150712757105,-3.29838458392959,-91.9627096406271));
#825=CARTESIAN_POINT('Ctrl Pts',(-6.08575356378553,-3.39919229196479,-96.7813548203135));
#826=CARTESIAN_POINT('Ctrl Pts',(-5.50000000000001,-3.5,-101.6));
#827=CARTESIAN_POINT('Ctrl Pts',(-6.31122862213766,-3.18801878028901,-91.5999740101697));
#828=CARTESIAN_POINT('Ctrl Pts',(-6.30717103517291,-3.20929792434557,-91.9846787004235));
#829=CARTESIAN_POINT('Ctrl Pts',(-5.90358551758646,-3.35464896217279,-96.7923393502117));
#830=CARTESIAN_POINT('Ctrl Pts',(-5.50000000000001,-3.5,-101.6));
#831=CARTESIAN_POINT('Ctrl Pts',(-5.94664527135758,-3.09713315721155,-91.5999719314328));
#832=CARTESIAN_POINT('Ctrl Pts',(-5.94284228314587,-3.12188916881963,-92.0154553459058));
#833=CARTESIAN_POINT('Ctrl Pts',(-5.72142114157294,-3.31094458440981,-96.8077276729529));
#834=CARTESIAN_POINT('Ctrl Pts',(-5.50000000000001,-3.5,-101.6));
#835=CARTESIAN_POINT('Ctrl Pts',(-5.50914524710353,-2.98807037284464,-91.5999687249049));
#836=CARTESIAN_POINT('Ctrl Pts',(-5.50569690455621,-3.01754163696785,-92.0629294513955));
#837=CARTESIAN_POINT('Ctrl Pts',(-5.50284845227811,-3.25877081848392,-96.8314647256978));
#838=CARTESIAN_POINT('Ctrl Pts',(-5.50000000000001,-3.5,-101.6));
#839=CARTESIAN_POINT('Ctrl Pts',(-4.92581187630192,-2.8426532487252,-91.599963734211));
#840=CARTESIAN_POINT('Ctrl Pts',(-4.92291234507289,-2.87957081539882,-92.1368189470226));
#841=CARTESIAN_POINT('Ctrl Pts',(-5.21145617253645,-3.18978540769941,-96.8684094735113));
#842=CARTESIAN_POINT('Ctrl Pts',(-5.50000000000001,-3.5,-101.6));
#843=CARTESIAN_POINT('Ctrl Pts',(-4.19664513286546,-2.66088160899261,-91.5999553923605));
#844=CARTESIAN_POINT('Ctrl Pts',(-4.19487483859776,-2.71058040102564,-92.2603238410231));
#845=CARTESIAN_POINT('Ctrl Pts',(-4.84743741929888,-3.10529020051282,-96.9301619205115));
#846=CARTESIAN_POINT('Ctrl Pts',(-5.50000000000001,-3.5,-101.6));
#847=CARTESIAN_POINT('Ctrl Pts',(-3.24872831521086,-2.42457799913044,-91.5999412575964));
#848=CARTESIAN_POINT('Ctrl Pts',(-3.24918393033164,-2.49797297608493,-92.4695954581294));
#849=CARTESIAN_POINT('Ctrl Pts',(-4.37459196516582,-2.99898648804246,-97.0347977290647));
#850=CARTESIAN_POINT('Ctrl Pts',(-5.50000000000001,-3.5,-101.6));
#851=CARTESIAN_POINT('Ctrl Pts',(-2.08206126061897,-2.13374212886505,-91.5999195950678));
#852=CARTESIAN_POINT('Ctrl Pts',(-2.08824875089196,-2.24604617418759,-92.7903190566894));
#853=CARTESIAN_POINT('Ctrl Pts',(-3.79412437544598,-2.87302308709379,-97.1951595283447));
#854=CARTESIAN_POINT('Ctrl Pts',(-5.50000000000001,-3.5,-101.6));
#855=CARTESIAN_POINT('Ctrl Pts',(-1.13414451629218,-1.89743670995364,-91.5998959789612));
#856=CARTESIAN_POINT('Ctrl Pts',(-1.1414721910001,-2.06022254690326,-93.1399662678399));
#857=CARTESIAN_POINT('Ctrl Pts',(-3.32073609550005,-2.78011127345163,-97.3699831339199));
#858=CARTESIAN_POINT('Ctrl Pts',(-5.50000000000001,-3.5,-101.6));
#859=CARTESIAN_POINT('Ctrl Pts',(-0.0505226140242759,-1.62730073936807,
-91.5998638226034));
#860=CARTESIAN_POINT('Ctrl Pts',(-0.0738332994406479,-1.86211072620692,
-93.6160557836204));
#861=CARTESIAN_POINT('Ctrl Pts',(-2.78691664972032,-2.68105536310346,-97.6080278918102));
#862=CARTESIAN_POINT('Ctrl Pts',(-5.50000000000001,-3.5,-101.6));
#863=CARTESIAN_POINT('Ctrl Pts',(0.957675301092092,-1.40843028586511,-91.5998300448828));
#864=CARTESIAN_POINT('Ctrl Pts',(0.907981770966321,-1.72108183130817,-94.1161503187763));
#865=CARTESIAN_POINT('Ctrl Pts',(-2.29600911451684,-2.61054091565409,-97.8580751593881));
#866=CARTESIAN_POINT('Ctrl Pts',(-5.50000000000001,-3.5,-101.6));
#867=CARTESIAN_POINT('Ctrl Pts',(2.48719605637661,-1.1730470434405,-91.5997691029422));
#868=CARTESIAN_POINT('Ctrl Pts',(2.3855760079659,-1.6146029972477,-95.0184234891912));
#869=CARTESIAN_POINT('Ctrl Pts',(-1.55721199601705,-2.55730149862385,-98.3092117445956));
#870=CARTESIAN_POINT('Ctrl Pts',(-5.50000000000001,-3.5,-101.6));
#871=CARTESIAN_POINT('Ctrl Pts',(3.80806974269412,-1.05168987879746,-91.5997089726658));
#872=CARTESIAN_POINT('Ctrl Pts',(3.59912511836737,-1.5798510359874,-95.9086796106333));
#873=CARTESIAN_POINT('Ctrl Pts',(-0.950437440816317,-2.5399255179937,-98.7543398053166));
#874=CARTESIAN_POINT('Ctrl Pts',(-5.50000000000001,-3.5,-101.6));
#875=CARTESIAN_POINT('Ctrl Pts',(4.83844513856891,-1.0067171654875,-91.5996610929194));
#876=CARTESIAN_POINT('Ctrl Pts',(4.61688879888333,-1.4939065832902,-96.6175610533973));
#877=CARTESIAN_POINT('Ctrl Pts',(-0.441555600558336,-2.4969532916451,-99.1087805266987));
#878=CARTESIAN_POINT('Ctrl Pts',(-5.50000000000001,-3.5,-101.6));
#879=CARTESIAN_POINT('Ctrl Pts',(5.35405332714232,-0.999965428404154,-91.5996346601921));
#880=CARTESIAN_POINT('Ctrl Pts',(5.00045905463176,-1.51182007349601,-97.0089096155811));
#881=CARTESIAN_POINT('Ctrl Pts',(-0.249770472684118,-2.505910036748,-99.3044548077905));
#882=CARTESIAN_POINT('Ctrl Pts',(-5.50000000000001,-3.5,-101.6));
#883=CARTESIAN_POINT('Ctrl Pts',(5.7720562371591,-0.999971777669964,-91.599616716729));
#884=CARTESIAN_POINT('Ctrl Pts',(5.50575496664462,-1.41781630249471,-97.2745707551719));
#885=CARTESIAN_POINT('Ctrl Pts',(0.00287748332231108,-2.45890815124736,
-99.4372853775859));
#886=CARTESIAN_POINT('Ctrl Pts',(-5.50000000000001,-3.5,-101.6));
#887=CARTESIAN_POINT('Ctrl Pts',(6.16480151310365,-0.837134975754036,-91.5996027312682));
#888=CARTESIAN_POINT('Ctrl Pts',(6.14416550648349,-1.07050899780594,-97.4816318697434));
#889=CARTESIAN_POINT('Ctrl Pts',(0.322082753241746,-2.28525449890297,-99.5408159348717));
#890=CARTESIAN_POINT('Ctrl Pts',(-5.50000000000001,-3.5,-101.6));
#891=CARTESIAN_POINT('Ctrl Pts',(6.4075218946846,-0.245397935667097,-91.5995648634951));
#892=CARTESIAN_POINT('Ctrl Pts',(5.74279668515466,-0.473032970608295,-98.0422814900098));
#893=CARTESIAN_POINT('Ctrl Pts',(0.121398342577327,-1.98651648530415,-99.8211407450049));
#894=CARTESIAN_POINT('Ctrl Pts',(-5.50000000000001,-3.5,-101.6));
#895=CARTESIAN_POINT('Ctrl Pts',(6.15830408503458,0.343683457236364,-91.5995605800157));
#896=CARTESIAN_POINT('Ctrl Pts',(6.01600372100114,-0.682858933659227,-98.1057003529772));
#897=CARTESIAN_POINT('Ctrl Pts',(0.25800186050057,-2.09142946682961,-99.8528501764886));
#898=CARTESIAN_POINT('Ctrl Pts',(-5.50000000000001,-3.5,-101.6));
#899=CARTESIAN_POINT('Ctrl Pts',(5.76378610937294,0.502175496730144,-91.5995393292693));
#900=CARTESIAN_POINT('Ctrl Pts',(5.40694906080591,-0.236000695303424,-98.4203273279453));
#901=CARTESIAN_POINT('Ctrl Pts',(-0.0465254695970441,-1.86800034765171,
-100.010163663973));
#902=CARTESIAN_POINT('Ctrl Pts',(-5.50000000000001,-3.5,-101.6));
#903=CARTESIAN_POINT('Ctrl Pts',(5.56676214992956,0.499999691723221,-91.5995419895645));
#904=CARTESIAN_POINT('Ctrl Pts',(5.17555622809644,-0.169581944936114,-98.3809404472444));
#905=CARTESIAN_POINT('Ctrl Pts',(-0.162221885951781,-1.83479097246806,-99.9904702236222));
#906=CARTESIAN_POINT('Ctrl Pts',(-5.50000000000001,-3.5,-101.6));
#907=CARTESIAN_POINT('',(-6.75122608878445,-3.2977053345421,-91.6));
#908=CARTESIAN_POINT('',(-0.550811681216301,-1.75203108432006,-91.6));
#909=CARTESIAN_POINT('',(-7.55081168072558,-3.49703053751618,-91.6));
#910=CARTESIAN_POINT('',(-5.5,-3.5,-101.6));
#911=CARTESIAN_POINT('Ctrl Pts',(-6.75122608878445,-3.2977053345421,-91.6));
#912=CARTESIAN_POINT('Ctrl Pts',(-6.74682112440458,-3.31613682688172,-91.9594384520942));
#913=CARTESIAN_POINT('Ctrl Pts',(-6.12341056220229,-3.40806841344086,-96.7797192260471));
#914=CARTESIAN_POINT('Ctrl Pts',(-5.5,-3.5,-101.6));
#915=CARTESIAN_POINT('',(5.56673572008482,0.499954466402781,-91.6));
#916=CARTESIAN_POINT('Ctrl Pts',(5.56673572008482,0.499954466402781,-91.6));
#917=CARTESIAN_POINT('Ctrl Pts',(5.17531588435113,-0.169656924181382,-98.3810129194241));
#918=CARTESIAN_POINT('Ctrl Pts',(-0.162342057824436,-1.83482846209069,-99.9905064597121));
#919=CARTESIAN_POINT('Ctrl Pts',(-5.5,-3.5,-101.6));
#920=CARTESIAN_POINT('',(5.575,-1.,-91.6));
#921=CARTESIAN_POINT('Origin',(5.575,-0.25,-91.6));
#922=CARTESIAN_POINT('Origin',(5.575,-26.3254953815837,-91.6));
#923=CARTESIAN_POINT('Origin',(0.,3.5,0.));
#924=CARTESIAN_POINT('',(6.73555739531044E-16,-3.5,-5.5));
#925=CARTESIAN_POINT('Origin',(0.,-3.5,0.));
#926=CARTESIAN_POINT('',(2.58111921144849E-14,-0.885812742306294,-5.5));
#927=CARTESIAN_POINT('',(6.73555739531044E-16,3.5,-5.5));
#928=CARTESIAN_POINT('',(5.49997442119343,1.49200335306848,0.));
#929=CARTESIAN_POINT('Ctrl Pts',(5.5,1.49200321841365,-5.60738905200835E-11));
#930=CARTESIAN_POINT('Ctrl Pts',(5.49999999999997,1.49200321840757,-0.00334736543117943));
#931=CARTESIAN_POINT('Ctrl Pts',(5.49999723957565,1.4914631728658,-0.00670321688607701));
#932=CARTESIAN_POINT('Ctrl Pts',(5.49998347832409,1.48937434810859,-0.0138977233657804));
#933=CARTESIAN_POINT('Ctrl Pts',(5.49997334752525,1.48800168293511,-0.0174128978957361));
#934=CARTESIAN_POINT('Ctrl Pts',(5.49984300388404,1.47312931222614,-0.0522464728308689));
#935=CARTESIAN_POINT('Ctrl Pts',(5.4997832674395,1.42276439145184,-0.140224326049431));
#936=CARTESIAN_POINT('Ctrl Pts',(5.46315548674204,1.02715243307612,-0.881283135091274));
#937=CARTESIAN_POINT('Ctrl Pts',(5.34046517354361,0.819058041141644,-1.37891407665014));
#938=CARTESIAN_POINT('Ctrl Pts',(4.95100506540177,0.420098711795333,-2.52363143855072));
#939=CARTESIAN_POINT('Ctrl Pts',(4.62988206285381,0.411209310690085,-2.97884022686909));
#940=CARTESIAN_POINT('Ctrl Pts',(4.20308891479694,0.356602377914625,-3.58179831276991));
#941=CARTESIAN_POINT('Ctrl Pts',(3.86510832213548,0.303420003667387,-3.94356291619168));
#942=CARTESIAN_POINT('Ctrl Pts',(2.9395003800393,0.112546356683909,-4.70187702258958));
#943=CARTESIAN_POINT('Ctrl Pts',(2.32521503582348,-0.0503553411179828,-5.03090528486467));
#944=CARTESIAN_POINT('Ctrl Pts',(1.12472836104994,-0.445209589552679,-5.41462501237921));
#945=CARTESIAN_POINT('Ctrl Pts',(0.559692404745567,-0.657536914501313,-5.49999999999999));
#946=CARTESIAN_POINT('Ctrl Pts',(5.10008701937181E-14,-0.885812742306293,
-5.5));
#947=CARTESIAN_POINT('',(5.5,1.51133387303939,1.15516625117719E-18));
#948=CARTESIAN_POINT('Origin',(4.2500063665398,1.50000001055678,0.));
#949=CARTESIAN_POINT('',(4.58673884151164,2.87850726836756,-3.03509914167041));
#950=CARTESIAN_POINT('Ctrl Pts',(4.58673884151164,2.87850726836756,-3.03509914167041));
#951=CARTESIAN_POINT('Ctrl Pts',(4.74351634291954,2.83844915946179,-2.79817197006343));
#952=CARTESIAN_POINT('Ctrl Pts',(4.88065043758412,2.76149037445857,-2.5502351897929));
#953=CARTESIAN_POINT('Ctrl Pts',(5.11221878050089,2.57042521219881,-2.04787533812332));
#954=CARTESIAN_POINT('Ctrl Pts',(5.20755326754061,2.45364119640949,-1.78994488070794));
#955=CARTESIAN_POINT('Ctrl Pts',(5.41874503379401,2.09571350787417,-1.06140061448129));
#956=CARTESIAN_POINT('Ctrl Pts',(5.47948927242136,1.84557663642341,-0.619746355472027));
#957=CARTESIAN_POINT('Ctrl Pts',(5.49947247393473,1.57138915175396,-0.123866276390969));
#958=CARTESIAN_POINT('Ctrl Pts',(5.49987389724501,1.52740700738312,-0.0468953211359708));
#959=CARTESIAN_POINT('Ctrl Pts',(5.49999484738751,1.51266642325361,-0.0107397303297741));
#960=CARTESIAN_POINT('Ctrl Pts',(5.5,1.51133387303939,-0.0052401227009654));
#961=CARTESIAN_POINT('Ctrl Pts',(5.5,1.51133387303939,1.15516625117719E-18));
#962=CARTESIAN_POINT('',(2.00211240670326E-15,2.03457619198796,-5.5));
#963=CARTESIAN_POINT('Ctrl Pts',(4.58673884151164,2.87850726836756,-3.03509914167041));
#964=CARTESIAN_POINT('Ctrl Pts',(4.3675369238854,2.93588576018538,-3.36636408649747));
#965=CARTESIAN_POINT('Ctrl Pts',(4.11238646928789,2.9821598797419,-3.67411866543665));
#966=CARTESIAN_POINT('Ctrl Pts',(3.56042943202643,3.02693598256727,-4.20808066370333));
#967=CARTESIAN_POINT('Ctrl Pts',(3.27262945169103,3.02902815860385,-4.43550735286648));
#968=CARTESIAN_POINT('Ctrl Pts',(2.46538307947907,2.97084218670314,-4.95207036555075));
#969=CARTESIAN_POINT('Ctrl Pts',(1.92860796063771,2.87222764853931,-5.18148841794842));
#970=CARTESIAN_POINT('Ctrl Pts',(0.905342671296615,2.53524445383377,-5.4474129087863));
#971=CARTESIAN_POINT('Ctrl Pts',(0.434422326906593,2.32016231880748,-5.5));
#972=CARTESIAN_POINT('Ctrl Pts',(3.33066907387547E-15,2.03457619198796,
-5.5));
#973=CARTESIAN_POINT('',(6.73555739531044E-16,3.5,-5.5));
#974=CARTESIAN_POINT('',(6.73555739531044E-16,3.5,-5.5));
#975=CARTESIAN_POINT('Origin',(0.,3.5,0.));
#976=CARTESIAN_POINT('',(-5.22522384064014,-3.42918459135548,-1.71669327930353));
#977=CARTESIAN_POINT('Ctrl Pts',(3.33066907387547E-15,2.03457619198796,
-5.5));
#978=CARTESIAN_POINT('Ctrl Pts',(-0.00734593184927001,2.02974702899431,
-5.5));
#979=CARTESIAN_POINT('Ctrl Pts',(-0.0146813694395658,2.02489761784659,-5.49998528281271));
#980=CARTESIAN_POINT('Ctrl Pts',(-0.640391810583192,1.60891124736495,-5.49748171750002));
#981=CARTESIAN_POINT('Ctrl Pts',(-1.02845985746337,1.14109657976094,-5.41096644015191));
#982=CARTESIAN_POINT('Ctrl Pts',(-2.08257176052144,0.0316883567958222,-5.15168114182287));
#983=CARTESIAN_POINT('Ctrl Pts',(-2.70163659523631,-0.548644910497577,-4.82492018441566));
#984=CARTESIAN_POINT('Ctrl Pts',(-3.63980926627604,-1.43523125505588,-4.16318675904561));
#985=CARTESIAN_POINT('Ctrl Pts',(-4.08169165340321,-1.84586813899796,-3.74092868307955));
#986=CARTESIAN_POINT('Ctrl Pts',(-4.67882201862731,-2.39977319997031,-2.91625082830654));
#987=CARTESIAN_POINT('Ctrl Pts',(-4.8777210224937,-2.58382859272978,-2.57368379419412));
#988=CARTESIAN_POINT('Ctrl Pts',(-5.15381108220989,-2.83931207718718,-1.94117225108598));
#989=CARTESIAN_POINT('Ctrl Pts',(-5.24896742292294,-2.92735336954962,-1.6686797980673));
#990=CARTESIAN_POINT('Ctrl Pts',(-5.42496983257316,-3.09022601978269,-0.99207711451781));
#991=CARTESIAN_POINT('Ctrl Pts',(-5.47434828198204,-3.13030064583872,-0.63533191036774));
#992=CARTESIAN_POINT('Ctrl Pts',(-5.49621155624124,-3.20806489159297,-0.21593332640494));
#993=CARTESIAN_POINT('Ctrl Pts',(-5.4982278122536,-3.22008984760346,-0.150847941903202));
#994=CARTESIAN_POINT('Ctrl Pts',(-5.4995715776556,-3.23547555686919,-0.0720026639733199));
#995=CARTESIAN_POINT('Ctrl Pts',(-5.49981505999003,-3.23789110887701,-0.0496467840242831));
#996=CARTESIAN_POINT('Ctrl Pts',(-5.49993274480332,-3.24621016226669,-0.0272492774364054));
#997=CARTESIAN_POINT('Ctrl Pts',(-5.49993802773766,-3.24677447023773,-0.0261176651414974));
#998=CARTESIAN_POINT('Ctrl Pts',(-5.49994198523687,-3.24746864556899,-0.0252625300350562));
#999=CARTESIAN_POINT('Ctrl Pts',(-5.49994285335393,-3.24765214689827,-0.0250724686490748));
#1000=CARTESIAN_POINT('Ctrl Pts',(-5.49994387056041,-3.24798686358027,-0.0248481039694489));
#1001=CARTESIAN_POINT('Ctrl Pts',(-5.49994417891973,-3.24812914406522,-0.0247796252920059));
#1002=CARTESIAN_POINT('Ctrl Pts',(-5.49994444340578,-3.24840524908207,-0.0247208441500872));
#1003=CARTESIAN_POINT('Ctrl Pts',(-5.49994445059608,-3.24852838808085,-0.0247192415042993));
#1004=CARTESIAN_POINT('Ctrl Pts',(-5.49994423433358,-3.24878326500067,-0.0247673138265486));
#1005=CARTESIAN_POINT('Ctrl Pts',(-5.49994400309497,-3.24890692265034,-0.0248186903126191));
#1006=CARTESIAN_POINT('Ctrl Pts',(-5.49994321833908,-3.24920249909084,-0.0249921237205321));
#1007=CARTESIAN_POINT('Ctrl Pts',(-5.49994254580042,-3.24936567584451,-0.0251399393658879));
#1008=CARTESIAN_POINT('Ctrl Pts',(-5.49994035671228,-3.24980205873035,-0.025615940726071));
#1009=CARTESIAN_POINT('Ctrl Pts',(-5.49993835324428,-3.25007405539446,-0.0260445007593194));
#1010=CARTESIAN_POINT('Ctrl Pts',(-5.49992400386531,-3.25167536688013,-0.0290228837010488));
#1011=CARTESIAN_POINT('Ctrl Pts',(-5.49990073052668,-3.2532795843173,-0.0344303570883402));
#1012=CARTESIAN_POINT('Ctrl Pts',(-5.4996904304139,-3.25943335091578,-0.060657814934539));
#1013=CARTESIAN_POINT('Ctrl Pts',(-5.49938698530296,-3.26516111722255,-0.0890723780503342));
#1014=CARTESIAN_POINT('Ctrl Pts',(-5.48653081036924,-3.37976343387726,-0.661117922317536));
#1015=CARTESIAN_POINT('Ctrl Pts',(-5.39734231928313,-3.44691242274454,-1.10562946825629));
#1016=CARTESIAN_POINT('Ctrl Pts',(-5.27346898997699,-3.45172404671272,-1.57026942515032));
#1017=CARTESIAN_POINT('Ctrl Pts',(-5.24103446788219,-3.43743964066321,-1.6685693264713));
#1018=CARTESIAN_POINT('Ctrl Pts',(-5.22522384064014,-3.42918459135548,-1.71669327930353));
#1019=CARTESIAN_POINT('Ctrl Pts',(5.10702591327572E-14,-0.885812742306294,
-5.5));
#1020=CARTESIAN_POINT('Ctrl Pts',(-0.171332061964475,-0.955692140245006,
-5.5));
#1021=CARTESIAN_POINT('Ctrl Pts',(-0.342167817631226,-1.02705518644697,
-5.49199282063236));
#1022=CARTESIAN_POINT('Ctrl Pts',(-1.26097999107796,-1.41906749193799,-5.40610206884935));
#1023=CARTESIAN_POINT('Ctrl Pts',(-1.98586894771316,-1.75783516805423,-5.18332774451469));
#1024=CARTESIAN_POINT('Ctrl Pts',(-2.91398783326414,-2.22231709953369,-4.67487976657116));
#1025=CARTESIAN_POINT('Ctrl Pts',(-3.17359253076132,-2.35740253492208,-4.50277400964702));
#1026=CARTESIAN_POINT('Ctrl Pts',(-3.74500034410172,-2.65670849709843,-4.04968839748013));
#1027=CARTESIAN_POINT('Ctrl Pts',(-4.04649459419195,-2.81416607012759,-3.74976292337961));
#1028=CARTESIAN_POINT('Ctrl Pts',(-4.70748060854268,-3.15895398734025,-2.91432897575934));
#1029=CARTESIAN_POINT('Ctrl Pts',(-5.01976303420546,-3.32180407952133,-2.34206923728201));
#1030=CARTESIAN_POINT('Ctrl Pts',(-5.22522384064014,-3.42918459135548,-1.71669327930353));
#1031=CARTESIAN_POINT('Origin',(0.,3.5,0.));
#1032=CARTESIAN_POINT('Origin',(0.,-3.5,0.));
#1033=CARTESIAN_POINT('Ctrl Pts',(4.43829031172954,2.73573733394633,0.));
#1034=CARTESIAN_POINT('Ctrl Pts',(4.43829031172954,2.73573733394633,-5.87107369846031));
#1035=CARTESIAN_POINT('Ctrl Pts',(7.31249999999993,5.5,-23.2578526030794));
#1036=CARTESIAN_POINT('Ctrl Pts',(7.31249999999993,5.5,-35.));
#1037=CARTESIAN_POINT('Ctrl Pts',(3.9835833823905,2.80502140194274,0.));
#1038=CARTESIAN_POINT('Ctrl Pts',(3.9835833823905,2.80502140194274,-5.84413757797571));
#1039=CARTESIAN_POINT('Ctrl Pts',(5.95662728200701,5.5,-23.2802236235962));
#1040=CARTESIAN_POINT('Ctrl Pts',(5.95662728200701,5.5,-35.));
#1041=CARTESIAN_POINT('Ctrl Pts',(3.35214728696486,2.82463147872383,0.));
#1042=CARTESIAN_POINT('Ctrl Pts',(3.35214728696486,2.82463147872383,-5.80373339724882));
#1043=CARTESIAN_POINT('Ctrl Pts',(3.76559169366514,5.34048907867454,-23.3137801543714));
#1044=CARTESIAN_POINT('Ctrl Pts',(3.76559169366514,5.34048907867454,-35.));
#1045=CARTESIAN_POINT('Ctrl Pts',(2.54947668003542,2.73320051506506,0.));
#1046=CARTESIAN_POINT('Ctrl Pts',(2.54947668003542,2.73320051506506,-6.05990572680579));
#1047=CARTESIAN_POINT('Ctrl Pts',(0.768900430906004,4.71670025056911,-23.3039655031323));
#1048=CARTESIAN_POINT('Ctrl Pts',(0.768900430906004,4.71670025056911,-35.));
#1049=CARTESIAN_POINT('Ctrl Pts',(1.96058851731577,2.60461031892772,0.));
#1050=CARTESIAN_POINT('Ctrl Pts',(1.96058851731577,2.60461031892772,-6.47723528126501));
#1051=CARTESIAN_POINT('Ctrl Pts',(-1.41908541641003,4.06154698637997,-23.2732810185709));
#1052=CARTESIAN_POINT('Ctrl Pts',(-1.41908541641003,4.06154698637997,-35.));
#1053=CARTESIAN_POINT('Ctrl Pts',(1.3783078460653,2.41477504235397,0.));
#1054=CARTESIAN_POINT('Ctrl Pts',(1.3783078460653,2.41477504235397,-7.19287658097488));
#1055=CARTESIAN_POINT('Ctrl Pts',(-3.45770310293487,3.25389406643655,-23.2227850391781));
#1056=CARTESIAN_POINT('Ctrl Pts',(-3.45770310293487,3.25389406643655,-35.));
#1057=CARTESIAN_POINT('Ctrl Pts',(0.794653479402689,2.1558011055307,0.));
#1058=CARTESIAN_POINT('Ctrl Pts',(0.794653479402689,2.1558011055307,-8.28137028511799));
#1059=CARTESIAN_POINT('Ctrl Pts',(-5.31605442173087,2.34189415834089,-23.1591493419661));
#1060=CARTESIAN_POINT('Ctrl Pts',(-5.31605442173087,2.34189415834089,-35.));
#1061=CARTESIAN_POINT('Ctrl Pts',(0.20036057979356,1.80945985987098,0.));
#1062=CARTESIAN_POINT('Ctrl Pts',(0.20036057979356,1.80945985987098,-9.81452409365925));
#1063=CARTESIAN_POINT('Ctrl Pts',(-6.96324116586036,1.37369992969505,-23.0933961806786));
#1064=CARTESIAN_POINT('Ctrl Pts',(-6.96324116586036,1.37369992969505,-35.));
#1065=CARTESIAN_POINT('Ctrl Pts',(-0.213450325745014,1.49865407377228,0.));
#1066=CARTESIAN_POINT('Ctrl Pts',(-0.213450325745014,1.49865407377228,-11.1876436961021));
#1067=CARTESIAN_POINT('Ctrl Pts',(-7.93166654735282,0.709621812989429,-23.0483899768516));
#1068=CARTESIAN_POINT('Ctrl Pts',(-7.93166654735282,0.709621812989429,-35.));
#1069=CARTESIAN_POINT('Ctrl Pts',(-0.739035052139661,1.0355274768846,0.));
#1070=CARTESIAN_POINT('Ctrl Pts',(-0.739035052139661,1.0355274768846,-13.0627219709278));
#1071=CARTESIAN_POINT('Ctrl Pts',(-9.0237006188055,-0.0879335345875854,
-23.0086741180302));
#1072=CARTESIAN_POINT('Ctrl Pts',(-9.0237006188055,-0.0879335345875854,
-35.));
#1073=CARTESIAN_POINT('Ctrl Pts',(-1.41143573778902,0.443031870275395,0.));
#1074=CARTESIAN_POINT('Ctrl Pts',(-1.41143573778902,0.443031870275395,-15.6213905361385));
#1075=CARTESIAN_POINT('Ctrl Pts',(-9.9191992846941,-0.741951360952168,-22.9857945326073));
#1076=CARTESIAN_POINT('Ctrl Pts',(-9.9191992846941,-0.741951360952168,-35.));
#1077=CARTESIAN_POINT('Ctrl Pts',(-2.64931131899882,-0.647740133752697,
0.));
#1078=CARTESIAN_POINT('Ctrl Pts',(-2.64931131899882,-0.647740133752697,
-19.6158078474644));
#1079=CARTESIAN_POINT('Ctrl Pts',(-11.113026214228,-1.61385002842195,-22.9923870786448));
#1080=CARTESIAN_POINT('Ctrl Pts',(-11.113026214228,-1.61385002842195,-35.));
#1081=CARTESIAN_POINT('Ctrl Pts',(-4.09035602791509,-1.91753755838765,0.));
#1082=CARTESIAN_POINT('Ctrl Pts',(-4.09035602791509,-1.91753755838765,-22.8089194135147));
#1083=CARTESIAN_POINT('Ctrl Pts',(-12.2114101094402,-2.41604290153776,-23.0266183852249));
#1084=CARTESIAN_POINT('Ctrl Pts',(-12.2114101094402,-2.41604290153776,-35.));
#1085=CARTESIAN_POINT('Ctrl Pts',(-5.01187891617249,-2.72955080336976,0.));
#1086=CARTESIAN_POINT('Ctrl Pts',(-5.01187891617249,-2.72955080336976,-23.8583116208952));
#1087=CARTESIAN_POINT('Ctrl Pts',(-12.9769507961026,-2.9751473144826,-23.0261961456212));
#1088=CARTESIAN_POINT('Ctrl Pts',(-12.9769507961026,-2.9751473144826,-35.));
#1089=CARTESIAN_POINT('Ctrl Pts',(-5.46456944261224,-3.12844561979924,0.));
#1090=CARTESIAN_POINT('Ctrl Pts',(-5.46456944261224,-3.12844561979924,-23.9339702251126));
#1091=CARTESIAN_POINT('Ctrl Pts',(-13.4177171942992,-3.29705631632018,-23.0364505393856));
#1092=CARTESIAN_POINT('Ctrl Pts',(-13.4177171942992,-3.29705631632018,-35.));
#1093=CARTESIAN_POINT('Ctrl Pts',(-5.50830229623571,-3.19982205596985,0.));
#1094=CARTESIAN_POINT('Ctrl Pts',(-5.50830229623571,-3.19982205596985,-23.9380427955513));
#1095=CARTESIAN_POINT('Ctrl Pts',(-13.4351131202081,-3.33662234361765,-23.0376360227447));
#1096=CARTESIAN_POINT('Ctrl Pts',(-13.4351131202081,-3.33662234361765,-35.));
#1097=CARTESIAN_POINT('Ctrl Pts',(-5.4951089597024,-3.31421717372204,0.));
#1098=CARTESIAN_POINT('Ctrl Pts',(-5.4951089597024,-3.31421717372204,-23.9429093827511));
#1099=CARTESIAN_POINT('Ctrl Pts',(-13.439180272896,-3.38684106459701,-23.0365990565309));
#1100=CARTESIAN_POINT('Ctrl Pts',(-13.439180272896,-3.38684106459701,-35.));
#1101=CARTESIAN_POINT('Ctrl Pts',(-5.45237997871677,-3.39071409231554,0.));
#1102=CARTESIAN_POINT('Ctrl Pts',(-5.45237997871677,-3.39071409231554,-23.9475383910193));
#1103=CARTESIAN_POINT('Ctrl Pts',(-13.4297102536449,-3.42287190354939,-23.0341252452742));
#1104=CARTESIAN_POINT('Ctrl Pts',(-13.4297102536449,-3.42287190354939,-35.));
#1105=CARTESIAN_POINT('Ctrl Pts',(-5.37973494457551,-3.43899890337206,0.));
#1106=CARTESIAN_POINT('Ctrl Pts',(-5.37973494457551,-3.43899890337206,-23.9532899616465));
#1107=CARTESIAN_POINT('Ctrl Pts',(-13.4110588550547,-3.4550102918138,-23.0301240659314));
#1108=CARTESIAN_POINT('Ctrl Pts',(-13.4110588550547,-3.4550102918138,-35.0000000000001));
#1109=CARTESIAN_POINT('Ctrl Pts',(-5.31434733730838,-3.45172083456614,0.));
#1110=CARTESIAN_POINT('Ctrl Pts',(-5.31434733730838,-3.45172083456615,-23.9563020471026));
#1111=CARTESIAN_POINT('Ctrl Pts',(-13.3864621636637,-3.47755567697977,-23.0270747731438));
#1112=CARTESIAN_POINT('Ctrl Pts',(-13.3864621636637,-3.47755567697977,-35.));
#1113=CARTESIAN_POINT('Ctrl Pts',(-5.27461052861867,-3.44930868977056,0.));
#1114=CARTESIAN_POINT('Ctrl Pts',(-5.27461052861867,-3.44930868977056,-23.955472098405));
#1115=CARTESIAN_POINT('Ctrl Pts',(-13.3606426899051,-3.49097017576912,-23.0260122995966));
#1116=CARTESIAN_POINT('Ctrl Pts',(-13.3606426899051,-3.49097017576912,-35.));
#1117=CARTESIAN_POINT('Ctrl Pts',(-5.24975828406631,-3.44376252999808,0.));
#1118=CARTESIAN_POINT('Ctrl Pts',(-5.24975828406631,-3.44376252999808,-23.9533261680373));
#1119=CARTESIAN_POINT('Ctrl Pts',(-13.3379425850614,-3.49852074838876,-23.0258862214445));
#1120=CARTESIAN_POINT('Ctrl Pts',(-13.3379425850614,-3.49852074838876,-35.));
#1121=CARTESIAN_POINT('Ctrl Pts',(-5.22852012488179,-3.43703711274941,0.));
#1122=CARTESIAN_POINT('Ctrl Pts',(-5.22852012488179,-3.43703711274941,-23.9500263764568));
#1123=CARTESIAN_POINT('Ctrl Pts',(-13.3093638302863,-3.50081528990351,-23.0262764737373));
#1124=CARTESIAN_POINT('Ctrl Pts',(-13.3093638302863,-3.50081528990351,-35.));
#1125=CARTESIAN_POINT('Ctrl Pts',(-5.21648779227943,-3.4318356598566,0.));
#1126=CARTESIAN_POINT('Ctrl Pts',(-5.21648779227943,-3.4318356598566,-23.9458843459559));
#1127=CARTESIAN_POINT('Ctrl Pts',(-13.2863102388585,-3.498586476246,-23.0274877143439));
#1128=CARTESIAN_POINT('Ctrl Pts',(-13.2863102388585,-3.498586476246,-35.));
#1129=CARTESIAN_POINT('Ctrl Pts',(-5.21093249851061,-3.42907255562603,0.));
#1130=CARTESIAN_POINT('Ctrl Pts',(-5.21093249851061,-3.42907255562603,-23.9438133307055));
#1131=CARTESIAN_POINT('Ctrl Pts',(-13.2691551417107,-3.49224428881558,-23.0280933346473));
#1132=CARTESIAN_POINT('Ctrl Pts',(-13.2691551417107,-3.49224428881558,-35.));
#1133=CARTESIAN_POINT('',(7.31249999999993,5.50000000000001,-35.));
#1134=CARTESIAN_POINT('Ctrl Pts',(7.31249999999993,5.50000000000001,-35.));
#1135=CARTESIAN_POINT('Ctrl Pts',(7.31249999999993,5.5,-24.8745244124275));
#1136=CARTESIAN_POINT('Ctrl Pts',(5.17525526736355,3.44451120015472,-10.5517353836211));
#1137=CARTESIAN_POINT('Ctrl Pts',(4.58673884151164,2.87850726836756,-3.03509914167041));
#1138=CARTESIAN_POINT('',(-8.38622377733011,0.377640825376166,-35.));
#1139=CARTESIAN_POINT('Origin',(7.31249999999993,-21.1174708229813,-35.));
#1140=CARTESIAN_POINT('',(-13.3862237765793,-3.27405543716033,-35.));
#1141=CARTESIAN_POINT('',(-13.3862237765799,-3.27405543716072,-35.));
#1142=CARTESIAN_POINT('',(-13.2691551417107,-3.49224428881558,-35.));
#1143=CARTESIAN_POINT('Origin',(-13.3125000000001,-3.375,-35.));
#1144=CARTESIAN_POINT('Ctrl Pts',(-5.22522384064014,-3.42918459135548,-1.71669327930353));
#1145=CARTESIAN_POINT('Ctrl Pts',(-5.60118659258317,-3.43213191853997,-23.9066606762041));
#1146=CARTESIAN_POINT('Ctrl Pts',(-13.2691551417107,-3.49224428881558,-23.3215863861037));
#1147=CARTESIAN_POINT('Ctrl Pts',(-13.2691551417107,-3.49224428881558,-35.));
#1148=CARTESIAN_POINT('Ctrl Pts',(-5.21093249851061,-3.42907255562603,0.));
#1149=CARTESIAN_POINT('Ctrl Pts',(-5.21093249851061,-3.42907255562603,-23.9438133307055));
#1150=CARTESIAN_POINT('Ctrl Pts',(-13.2691551417107,-3.49224428881558,-23.0280933346473));
#1151=CARTESIAN_POINT('Ctrl Pts',(-13.2691551417107,-3.49224428881558,-35.));
#1152=CARTESIAN_POINT('Ctrl Pts',(-4.99280660809282,-3.32058062060148,0.));
#1153=CARTESIAN_POINT('Ctrl Pts',(-4.99280660809282,-3.32058062060148,-24.0233608240767));
#1154=CARTESIAN_POINT('Ctrl Pts',(-12.8626758734076,-3.26336204704126,-23.0459204061025));
#1155=CARTESIAN_POINT('Ctrl Pts',(-12.8626758734076,-3.26336204704126,-35.));
#1156=CARTESIAN_POINT('Ctrl Pts',(-4.6564993664744,-3.15330738524153,0.));
#1157=CARTESIAN_POINT('Ctrl Pts',(-4.6564993664744,-3.15330738524153,-24.1824558108191));
#1158=CARTESIAN_POINT('Ctrl Pts',(-11.9642692355369,-2.75748304819533,-23.0815745490131));
#1159=CARTESIAN_POINT('Ctrl Pts',(-11.9642692355369,-2.75748304819533,-35.));
#1160=CARTESIAN_POINT('Ctrl Pts',(-4.20179484901,-2.92714545247128,0.));
#1161=CARTESIAN_POINT('Ctrl Pts',(-4.20179484901,-2.92714545247128,-24.2483744761815));
#1162=CARTESIAN_POINT('Ctrl Pts',(-10.320621574052,-1.83197025877733,-23.1544216475989));
#1163=CARTESIAN_POINT('Ctrl Pts',(-10.320621574052,-1.83197025877733,-35.));
#1164=CARTESIAN_POINT('Ctrl Pts',(-3.75114897447919,-2.7030022164481,0.));
#1165=CARTESIAN_POINT('Ctrl Pts',(-3.75114897447919,-2.7030022164481,-24.0962588301056));
#1166=CARTESIAN_POINT('Ctrl Pts',(-8.635008004818,-0.882827110340462,-23.2077007308161));
#1167=CARTESIAN_POINT('Ctrl Pts',(-8.635008004818,-0.882827110340462,-35.));
#1168=CARTESIAN_POINT('Ctrl Pts',(-3.41895978968448,-2.53777722924654,0.));
#1169=CARTESIAN_POINT('Ctrl Pts',(-3.41895978968448,-2.53777722924654,-23.7805525608309));
#1170=CARTESIAN_POINT('Ctrl Pts',(-7.69398735670747,-0.352952815903201,
-23.223254504907));
#1171=CARTESIAN_POINT('Ctrl Pts',(-7.69398735670747,-0.352952815903201,
-35.));
#1172=CARTESIAN_POINT('Ctrl Pts',(-2.63975122137027,-2.1502127580955,0.));
#1173=CARTESIAN_POINT('Ctrl Pts',(-2.63975122137027,-2.1502127580955,-22.8815692491773));
#1174=CARTESIAN_POINT('Ctrl Pts',(-6.10269181781885,0.543081296209832,-23.2474934916452));
#1175=CARTESIAN_POINT('Ctrl Pts',(-6.10269181781885,0.543081296209832,-35.));
#1176=CARTESIAN_POINT('Ctrl Pts',(-1.45823308107348,-1.60371001441531,0.));
#1177=CARTESIAN_POINT('Ctrl Pts',(-1.45823308107348,-1.60371001441531,-20.3249601068751));
#1178=CARTESIAN_POINT('Ctrl Pts',(-3.70965456563203,1.64381267928125,-23.2633414737803));
#1179=CARTESIAN_POINT('Ctrl Pts',(-3.70965456563203,1.64381267928125,-35.));
#1180=CARTESIAN_POINT('Ctrl Pts',(0.428004756843222,-0.865200470019666,
0.));
#1181=CARTESIAN_POINT('Ctrl Pts',(0.428004756843222,-0.865200470019666,
-14.6119541461476));
#1182=CARTESIAN_POINT('Ctrl Pts',(-0.0383486799264096,2.68554565100712,
-23.2776514727636));
#1183=CARTESIAN_POINT('Ctrl Pts',(-0.0383486799264096,2.68554565100712,
-35.));
#1184=CARTESIAN_POINT('Ctrl Pts',(2.41980758143097,-0.224985910061236,0.));
#1185=CARTESIAN_POINT('Ctrl Pts',(2.41980758143097,-0.224985910061236,-8.94380457425827));
#1186=CARTESIAN_POINT('Ctrl Pts',(3.63062387887045,3.1533237661246,-23.2759088640234));
#1187=CARTESIAN_POINT('Ctrl Pts',(3.63062387887045,3.1533237661246,-35.));
#1188=CARTESIAN_POINT('Ctrl Pts',(3.80876407148631,0.125087096156177,0.));
#1189=CARTESIAN_POINT('Ctrl Pts',(3.80876407148631,0.125087096156177,-6.46217317360999));
#1190=CARTESIAN_POINT('Ctrl Pts',(6.02682551876072,3.10895864760474,-23.2698821901442));
#1191=CARTESIAN_POINT('Ctrl Pts',(6.02682551876072,3.10895864760474,-35.));
#1192=CARTESIAN_POINT('Ctrl Pts',(4.6375810987122,0.305025601223731,0.));
#1193=CARTESIAN_POINT('Ctrl Pts',(4.6375810987122,0.305025601223731,-5.76520711217246));
#1194=CARTESIAN_POINT('Ctrl Pts',(7.40586519631299,2.98684082171361,-23.262701838712));
#1195=CARTESIAN_POINT('Ctrl Pts',(7.40586519631299,2.98684082171361,-35.));
#1196=CARTESIAN_POINT('Ctrl Pts',(4.88779301470965,0.398004694513048,0.));
#1197=CARTESIAN_POINT('Ctrl Pts',(4.88779301470965,0.398004694513048,-5.59820316006203));
#1198=CARTESIAN_POINT('Ctrl Pts',(7.77660612129451,3.05089630580778,-23.2603949069869));
#1199=CARTESIAN_POINT('Ctrl Pts',(7.77660612129451,3.05089630580778,-35.));
#1200=CARTESIAN_POINT('Ctrl Pts',(5.22975383656658,0.679439967188673,0.));
#1201=CARTESIAN_POINT('Ctrl Pts',(5.22975383656658,0.679439967188673,-5.44884900292163));
#1202=CARTESIAN_POINT('Ctrl Pts',(8.1996371095498,3.3262630609022,-23.2582005432566));
#1203=CARTESIAN_POINT('Ctrl Pts',(8.1996371095498,3.3262630609022,-35.));
#1204=CARTESIAN_POINT('Ctrl Pts',(5.46615764047162,1.09595769628407,0.));
#1205=CARTESIAN_POINT('Ctrl Pts',(5.46615764047162,1.09595769628407,-5.3859186194722));
#1206=CARTESIAN_POINT('Ctrl Pts',(8.47291163877638,3.71379740406141,-23.2579001586519));
#1207=CARTESIAN_POINT('Ctrl Pts',(8.47291163877638,3.71379740406141,-35.));
#1208=CARTESIAN_POINT('Ctrl Pts',(5.52898175433107,1.58789044303322,0.));
#1209=CARTESIAN_POINT('Ctrl Pts',(5.52898175433107,1.58789044303322,-5.39582158645451));
#1210=CARTESIAN_POINT('Ctrl Pts',(8.58760802972899,4.1634130770834,-23.2574610270841));
#1211=CARTESIAN_POINT('Ctrl Pts',(8.58760802972899,4.1634130770834,-35.));
#1212=CARTESIAN_POINT('Ctrl Pts',(5.40164345499783,2.05657918112187,0.));
#1213=CARTESIAN_POINT('Ctrl Pts',(5.40164345499783,2.05657918112187,-5.46469622109445));
#1214=CARTESIAN_POINT('Ctrl Pts',(8.53490460316238,4.62502382176615,-23.2554030965591));
#1215=CARTESIAN_POINT('Ctrl Pts',(8.53490460316238,4.62502382176615,-35.));
#1216=CARTESIAN_POINT('Ctrl Pts',(5.13142879835868,2.42056859337485,0.));
#1217=CARTESIAN_POINT('Ctrl Pts',(5.13142879835868,2.42056859337485,-5.57763277655271));
#1218=CARTESIAN_POINT('Ctrl Pts',(8.31208561003274,5.05345313091821,-23.2525740669353));
#1219=CARTESIAN_POINT('Ctrl Pts',(8.31208561003274,5.05345313091821,-35.));
#1220=CARTESIAN_POINT('Ctrl Pts',(4.78957643110397,2.64959916391395,0.));
#1221=CARTESIAN_POINT('Ctrl Pts',(4.78957643110397,2.64959916391395,-5.71922720483449));
#1222=CARTESIAN_POINT('Ctrl Pts',(7.91537663729057,5.38811688840973,-23.2509199304893));
#1223=CARTESIAN_POINT('Ctrl Pts',(7.91537663729057,5.38811688840973,-35.));
#1224=CARTESIAN_POINT('Ctrl Pts',(4.55284617161689,2.71828236356056,0.));
#1225=CARTESIAN_POINT('Ctrl Pts',(4.55284617161689,2.71828236356056,-5.82045820058504));
#1226=CARTESIAN_POINT('Ctrl Pts',(7.53438853813957,5.50000000000001,-23.255541712216));
#1227=CARTESIAN_POINT('Ctrl Pts',(7.53438853813957,5.50000000000001,-35.));
#1228=CARTESIAN_POINT('Ctrl Pts',(4.43829031172954,2.73573733394634,0.));
#1229=CARTESIAN_POINT('Ctrl Pts',(4.43829031172954,2.73573733394634,-5.87107369846031));
#1230=CARTESIAN_POINT('Ctrl Pts',(7.31249999999993,5.50000000000001,-23.2578526030794));
#1231=CARTESIAN_POINT('Ctrl Pts',(7.31249999999993,5.50000000000001,-35.));
#1232=CARTESIAN_POINT('',(-7.26915514259757,-0.113736311825762,-35.));
#1233=CARTESIAN_POINT('',(-7.26915514171067,-0.113736311326352,-35.));
#1234=CARTESIAN_POINT('',(7.20224046031055,3.00487236240316,-35.));
#1235=CARTESIAN_POINT('Origin',(4.9970496665231,-21.8976803895336,-35.));
#1236=CARTESIAN_POINT('Origin',(7.31249999999993,4.25,-35.));
#1237=CARTESIAN_POINT('Ctrl Pts',(7.31249999999993,5.5,-35.));
#1238=CARTESIAN_POINT('Ctrl Pts',(7.31249999999993,5.5,-45.0297285306537));
#1239=CARTESIAN_POINT('Ctrl Pts',(7.06248713439068,4.37494210475841,-55.0152490911575));
#1240=CARTESIAN_POINT('Ctrl Pts',(6.81248070183435,3.24991315825489,-65.0007707891717));
#1241=CARTESIAN_POINT('Ctrl Pts',(5.91407164169352,5.5,-35.));
#1242=CARTESIAN_POINT('Ctrl Pts',(5.91407164169352,5.5,-45.0510535174152));
#1243=CARTESIAN_POINT('Ctrl Pts',(5.75518762602384,4.37494210475841,-55.025910761472));
#1244=CARTESIAN_POINT('Ctrl Pts',(5.59630769858089,3.24991315825489,-65.0007699661266));
#1245=CARTESIAN_POINT('Ctrl Pts',(3.10987833684244,5.27892567368559,-35.));
#1246=CARTESIAN_POINT('Ctrl Pts',(3.10987833684244,5.27892567368559,-45.0937034909384));
#1247=CARTESIAN_POINT('Ctrl Pts',(3.14010712817577,4.18564982070658,-55.0472341021012));
#1248=CARTESIAN_POINT('Ctrl Pts',(3.17033514169547,3.09240209868548,-65.0007683200366));
#1249=CARTESIAN_POINT('Ctrl Pts',(-0.997760810812317,4.28655237715878,-35.));
#1250=CARTESIAN_POINT('Ctrl Pts',(-0.997760810812317,4.28655237715878,-44.8960695904214));
#1251=CARTESIAN_POINT('Ctrl Pts',(-0.700204307934999,3.33894530150922,-54.9484247797861));
#1252=CARTESIAN_POINT('Ctrl Pts',(-0.402655461450567,2.39136260863066,-65.0007759477836));
#1253=CARTESIAN_POINT('Ctrl Pts',(-4.88894465325203,2.66284772195536,-35.));
#1254=CARTESIAN_POINT('Ctrl Pts',(-4.88894465325203,2.66284772195536,-44.1785508062179));
#1255=CARTESIAN_POINT('Ctrl Pts',(-4.37612579846412,1.94850926556572,-54.589693081277));
#1256=CARTESIAN_POINT('Ctrl Pts',(-3.86332013896044,1.23418918973851,-65.0008036406637));
#1257=CARTESIAN_POINT('Ctrl Pts',(-7.26672201681123,1.19525690445691,-35.));
#1258=CARTESIAN_POINT('Ctrl Pts',(-7.26672201681123,1.19525690445691,-43.1811559447263));
#1259=CARTESIAN_POINT('Ctrl Pts',(-6.6655926179762,0.680149209534647,-54.0910341463135));
#1260=CARTESIAN_POINT('Ctrl Pts',(-6.06447868673408,0.165054768790503,-65.0008421354555));
#1261=CARTESIAN_POINT('Ctrl Pts',(-8.81331334032803,0.0657205531357635,
-35.));
#1262=CARTESIAN_POINT('Ctrl Pts',(-8.81331334032803,0.0657205531357635,
-42.2533409827213));
#1263=CARTESIAN_POINT('Ctrl Pts',(-8.17532909478172,-0.304035590260589,
-53.6271624755646));
#1264=CARTESIAN_POINT('Ctrl Pts',(-7.53736126513623,-0.673782219503233,
-65.0008779447876));
#1265=CARTESIAN_POINT('Ctrl Pts',(-9.65652141524319,-0.55010740209836,-35.));
#1266=CARTESIAN_POINT('Ctrl Pts',(-9.65652141524319,-0.55010740209836,-41.6905825986588));
#1267=CARTESIAN_POINT('Ctrl Pts',(-9.00846928488478,-0.846327082655348,
-53.3458050039422));
#1268=CARTESIAN_POINT('Ctrl Pts',(-8.3604338294828,-1.14253914121708,-65.0008996646376));
#1269=CARTESIAN_POINT('Ctrl Pts',(-10.9022951800789,-1.45994488243828,-35.));
#1270=CARTESIAN_POINT('Ctrl Pts',(-10.9022951800789,-1.45994488243828,-40.8620785784157));
#1271=CARTESIAN_POINT('Ctrl Pts',(-10.2582554505897,-1.65827681751828,-52.9315849710363));
#1272=CARTESIAN_POINT('Ctrl Pts',(-9.61423229281428,-1.85660364934159,-65.0009316410305));
#1273=CARTESIAN_POINT('Ctrl Pts',(-12.1409061624108,-2.36455110155772,-35.));
#1274=CARTESIAN_POINT('Ctrl Pts',(-12.1409061624108,-2.36455110155772,-40.2158047732602));
#1275=CARTESIAN_POINT('Ctrl Pts',(-11.5083808834827,-2.46984387275859,-52.6084730122563));
#1276=CARTESIAN_POINT('Ctrl Pts',(-10.8758718799914,-2.57513393468301,-65.0009565841864));
#1277=CARTESIAN_POINT('Ctrl Pts',(-12.9693691948586,-2.96961017349647,-35.));
#1278=CARTESIAN_POINT('Ctrl Pts',(-12.9693691948586,-2.96961017349647,-40.017752296694));
#1279=CARTESIAN_POINT('Ctrl Pts',(-12.3417462196743,-3.01107806218331,-52.5094544180722));
#1280=CARTESIAN_POINT('Ctrl Pts',(-11.7141393937862,-3.05254488386458,-65.0009642280887));
#1281=CARTESIAN_POINT('Ctrl Pts',(-13.410135800066,-3.29151932652203,-35.));
#1282=CARTESIAN_POINT('Ctrl Pts',(-13.410135800066,-3.29151932652203,-40.0037455852665));
#1283=CARTESIAN_POINT('Ctrl Pts',(-12.7823319736431,-3.29744208498263,-52.5024516029661));
#1284=CARTESIAN_POINT('Ctrl Pts',(-12.1545443011699,-3.3033646910454,-65.0009647686825));
#1285=CARTESIAN_POINT('Ctrl Pts',(-13.4448337900217,-3.34392746451783,-35.));
#1286=CARTESIAN_POINT('Ctrl Pts',(-13.4448337900217,-3.34392746451783,-40.0027900119032));
#1287=CARTESIAN_POINT('Ctrl Pts',(-12.818394493935,-3.34642418645715,-52.5019738531662));
#1288=CARTESIAN_POINT('Ctrl Pts',(-12.1919713166872,-3.34892084415361,-65.0009648055632));
#1289=CARTESIAN_POINT('Ctrl Pts',(-13.4332861142111,-3.43770050601482,-35.0000000000001));
#1290=CARTESIAN_POINT('Ctrl Pts',(-13.4332861142111,-3.43770050601482,-40.0025968355111));
#1291=CARTESIAN_POINT('Ctrl Pts',(-12.8103625480797,-3.4375918547836,-52.501877272426));
#1292=CARTESIAN_POINT('Ctrl Pts',(-12.1874550103244,-3.43748320634807,-65.0009648130188));
#1293=CARTESIAN_POINT('Ctrl Pts',(-13.3624290685934,-3.50191459391851,-34.9999999999999));
#1294=CARTESIAN_POINT('Ctrl Pts',(-13.3624290685934,-3.50191459391851,-40.0032428480372));
#1295=CARTESIAN_POINT('Ctrl Pts',(-12.7439754497567,-3.50063988350586,-52.5022002537553));
#1296=CARTESIAN_POINT('Ctrl Pts',(-12.1255377442805,-3.49936520589264,-65.0009647880858));
#1297=CARTESIAN_POINT('Ctrl Pts',(-13.2978474378327,-3.50285637914766,-35.));
#1298=CARTESIAN_POINT('Ctrl Pts',(-13.2978474378327,-3.50285637914766,-40.0039507424369));
#1299=CARTESIAN_POINT('Ctrl Pts',(-12.683064257999,-3.50288901527977,-52.5025541736331));
#1300=CARTESIAN_POINT('Ctrl Pts',(-12.0682968970821,-3.50292165057212,-65.0009647607644));
#1301=CARTESIAN_POINT('Ctrl Pts',(-13.2691390574404,-3.49223834121077,-35.));
#1302=CARTESIAN_POINT('Ctrl Pts',(-13.2691390574404,-3.49223834121077,-40.0043047097427));
#1303=CARTESIAN_POINT('Ctrl Pts',(-12.6559427888986,-3.49376737097662,-52.5027311436241));
#1304=CARTESIAN_POINT('Ctrl Pts',(-12.042762298441,-3.49529636139918,-65.0009647471029));
#1305=CARTESIAN_POINT('',(6.81249999839828,3.25000000000013,-64.9999999999988));
#1306=CARTESIAN_POINT('Ctrl Pts',(6.81250000000002,3.2500000000004,-64.9999999999964));
#1307=CARTESIAN_POINT('Ctrl Pts',(7.06249999999999,4.37500000000027,-55.0147352317366));
#1308=CARTESIAN_POINT('Ctrl Pts',(7.31249999999993,5.50000000000001,-45.0294704634768));
#1309=CARTESIAN_POINT('Ctrl Pts',(7.31249999999993,5.50000000000001,-35.));
#1310=CARTESIAN_POINT('',(-7.13067544931762,-0.442107026582321,-65.));
#1311=CARTESIAN_POINT('Origin',(6.81249999999993,-24.9241285407387,-65.));
#1312=CARTESIAN_POINT('',(-12.1306636538107,-3.28973595840772,-65.));
#1313=CARTESIAN_POINT('',(-12.1306754483345,-3.28974267570785,-65.));
#1314=CARTESIAN_POINT('',(-12.0428239364306,-3.49530051453111,-65.));
#1315=CARTESIAN_POINT('Origin',(-12.0750000000001,-3.3875,-65.));
#1316=CARTESIAN_POINT('Ctrl Pts',(-13.2691551417107,-3.49224428881558,-35.));
#1317=CARTESIAN_POINT('Ctrl Pts',(-13.2691551417107,-3.49224428881558,-40.0041757495493));
#1318=CARTESIAN_POINT('Ctrl Pts',(-12.6559895390706,-3.49377240167334,-52.5020878747746));
#1319=CARTESIAN_POINT('Ctrl Pts',(-12.0428239364306,-3.49530051453111,-65.));
#1320=CARTESIAN_POINT('Ctrl Pts',(-13.2707459233461,-3.49314003355653,-35.));
#1321=CARTESIAN_POINT('Ctrl Pts',(-13.2707459233461,-3.49314003355653,-40.0057396398326));
#1322=CARTESIAN_POINT('Ctrl Pts',(-12.657168786493,-3.4946301932985,-52.5127580473104));
#1323=CARTESIAN_POINT('Ctrl Pts',(-12.0438613267116,-3.49611969809117,-65.0164795214913));
#1324=CARTESIAN_POINT('Ctrl Pts',(-12.7287522060436,-3.18795168394731,-35.));
#1325=CARTESIAN_POINT('Ctrl Pts',(-12.7287522060436,-3.18795168394731,-40.2222504287037));
#1326=CARTESIAN_POINT('Ctrl Pts',(-12.0717566440391,-3.20285186734348,-52.6208707017577));
#1327=CARTESIAN_POINT('Ctrl Pts',(-11.4150498422062,-3.21774550186815,-65.0163368442395));
#1328=CARTESIAN_POINT('Ctrl Pts',(-11.740600709439,-2.63153873157283,-35.));
#1329=CARTESIAN_POINT('Ctrl Pts',(-11.740600709439,-2.63153873157283,-40.6550599561584));
#1330=CARTESIAN_POINT('Ctrl Pts',(-10.9061887979837,-2.62738288758172,-52.8369901253078));
#1331=CARTESIAN_POINT('Ctrl Pts',(-10.0721436240542,-2.62322887015124,-65.0160516294738));
#1332=CARTESIAN_POINT('Ctrl Pts',(-10.3422794973962,-1.84416550324301,-35.));
#1333=CARTESIAN_POINT('Ctrl Pts',(-10.3422794973962,-1.84416550324301,-41.3048060568923));
#1334=CARTESIAN_POINT('Ctrl Pts',(-9.12599465208571,-1.75512389004419,-53.1614348148005));
#1335=CARTESIAN_POINT('Ctrl Pts',(-7.91024438362933,-1.66612141207397,-65.0156234568711));
#1336=CARTESIAN_POINT('Ctrl Pts',(-8.91727040529647,-1.04176473896741,-35.));
#1337=CARTESIAN_POINT('Ctrl Pts',(-8.91727040529647,-1.04176473896741,-41.9444942508206));
#1338=CARTESIAN_POINT('Ctrl Pts',(-7.37516978882037,-0.8942645561138,-53.4808571818092));
#1339=CARTESIAN_POINT('Ctrl Pts',(-5.83374695049748,-0.746829201975301,
-65.0152019122728));
#1340=CARTESIAN_POINT('Ctrl Pts',(-7.8740315623484,-0.454332946746297,-35.));
#1341=CARTESIAN_POINT('Ctrl Pts',(-7.8740315623484,-0.454332946746297,-42.3507003850085));
#1342=CARTESIAN_POINT('Ctrl Pts',(-6.24159833744297,-0.329651467625986,
-53.6836924476581));
#1343=CARTESIAN_POINT('Ctrl Pts',(-4.60988259333264,-0.205024788031565,
-65.0149342287308));
#1344=CARTESIAN_POINT('Ctrl Pts',(-6.28273582092958,0.441701279408341,-35.));
#1345=CARTESIAN_POINT('Ctrl Pts',(-6.28273582092958,0.441701279408341,-42.8662517549837));
#1346=CARTESIAN_POINT('Ctrl Pts',(-4.69725921921557,0.449777509085029,-53.9411282429021));
#1347=CARTESIAN_POINT('Ctrl Pts',(-3.11247946010157,0.457850189128199,-65.0145944883742));
#1348=CARTESIAN_POINT('Ctrl Pts',(-4.14080363421359,1.47067456867644,-35.));
#1349=CARTESIAN_POINT('Ctrl Pts',(-4.14080363421359,1.47067456867644,-43.4674708422195));
#1350=CARTESIAN_POINT('Ctrl Pts',(-2.72716475114125,1.27083596579413,-54.2413414182562));
#1351=CARTESIAN_POINT('Ctrl Pts',(-1.31414718521336,1.07108519520872,-65.0141982943207));
#1352=CARTESIAN_POINT('Ctrl Pts',(-0.486150950696734,2.59797616184566,-35.));
#1353=CARTESIAN_POINT('Ctrl Pts',(-0.486150950696734,2.59797616184566,-44.2217072743243));
#1354=CARTESIAN_POINT('Ctrl Pts',(0.41616186822394,2.07309640756257,-54.6179623856493));
#1355=CARTESIAN_POINT('Ctrl Pts',(1.31807810607235,1.5484473464176,-65.0137012642101));
#1356=CARTESIAN_POINT('Ctrl Pts',(3.40905554848106,3.15428641924974,-35.));
#1357=CARTESIAN_POINT('Ctrl Pts',(3.40905554848106,3.15428641924974,-44.7773603590706));
#1358=CARTESIAN_POINT('Ctrl Pts',(3.67529161394162,2.39559469615665,-54.8954226002509));
#1359=CARTESIAN_POINT('Ctrl Pts',(3.94141066434698,1.63723643034219,-65.0133350974456));
#1360=CARTESIAN_POINT('Ctrl Pts',(5.97079947077877,3.1139199110725,-35.));
#1361=CARTESIAN_POINT('Ctrl Pts',(5.97079947077877,3.1139199110725,-44.9764777376499));
#1362=CARTESIAN_POINT('Ctrl Pts',(5.84440974666836,2.27677136561866,-54.9948500165798));
#1363=CARTESIAN_POINT('Ctrl Pts',(5.71807557288513,1.43999076048534,-65.0132038821814));
#1364=CARTESIAN_POINT('Ctrl Pts',(7.37785152164561,2.98932151106671,-35.));
#1365=CARTESIAN_POINT('Ctrl Pts',(7.37785152164561,2.98932151106671,-45.0296378638248));
#1366=CARTESIAN_POINT('Ctrl Pts',(7.06564933062749,2.11542976153185,-55.0213950325648));
#1367=CARTESIAN_POINT('Ctrl Pts',(6.75358435751993,1.24192210154976,-65.0131688504828));
#1368=CARTESIAN_POINT('Ctrl Pts',(7.73948181860871,3.03343869512669,-35.));
#1369=CARTESIAN_POINT('Ctrl Pts',(7.73948181860871,3.03343869512669,-45.0407510038879));
#1370=CARTESIAN_POINT('Ctrl Pts',(7.38019914901858,2.13936274168516,-55.0269442759893));
#1371=CARTESIAN_POINT('Ctrl Pts',(7.02107438997052,1.24567974908035,-65.0131615270959));
#1372=CARTESIAN_POINT('Ctrl Pts',(8.20827351621197,3.32302460039355,-35.));
#1373=CARTESIAN_POINT('Ctrl Pts',(8.20827351621197,3.32302460039355,-45.0532312999833));
#1374=CARTESIAN_POINT('Ctrl Pts',(7.79979258108929,2.36125623357918,-55.0331761960991));
#1375=CARTESIAN_POINT('Ctrl Pts',(7.3914911799418,1.39991057951165,-65.0131533027743));
#1376=CARTESIAN_POINT('Ctrl Pts',(8.51149085154169,3.77826777370653,-35.));
#1377=CARTESIAN_POINT('Ctrl Pts',(8.51149085154169,3.77826777370653,-45.0607342300213));
#1378=CARTESIAN_POINT('Ctrl Pts',(8.0922958881643,2.73478467255091,-55.0369227146295));
#1379=CARTESIAN_POINT('Ctrl Pts',(7.67328516775074,1.69176019908901,-65.0131483584598));
#1380=CARTESIAN_POINT('Ctrl Pts',(8.59726680106994,4.30872730981836,-35.));
#1381=CARTESIAN_POINT('Ctrl Pts',(8.59726680106994,4.30872730981836,-45.0631774735631));
#1382=CARTESIAN_POINT('Ctrl Pts',(8.21168909718313,3.19028029946697,-55.0381427256328));
#1383=CARTESIAN_POINT('Ctrl Pts',(7.82628086093109,2.07232486465939,-65.0131467484001));
#1384=CARTESIAN_POINT('Ctrl Pts',(8.46753116173998,4.81020147395026,-35.));
#1385=CARTESIAN_POINT('Ctrl Pts',(8.46753116173998,4.81020147395026,-45.0603531127162));
#1386=CARTESIAN_POINT('Ctrl Pts',(8.13882699555242,3.65120098986442,-55.0367324072378));
#1387=CARTESIAN_POINT('Ctrl Pts',(7.81026730016031,2.49270990522973,-65.0131486096102));
#1388=CARTESIAN_POINT('Ctrl Pts',(8.16288174068911,5.20911562238773,-35.));
#1389=CARTESIAN_POINT('Ctrl Pts',(8.16288174068911,5.20911562238773,-45.0533025580269));
#1390=CARTESIAN_POINT('Ctrl Pts',(7.89491733034265,4.04557040244755,-55.0332117781423));
#1391=CARTESIAN_POINT('Ctrl Pts',(7.62707069468692,2.88253657944342,-65.0131532558164));
#1392=CARTESIAN_POINT('Ctrl Pts',(7.75157733697554,5.44922083952816,-35.));
#1393=CARTESIAN_POINT('Ctrl Pts',(7.75157733697554,5.44922083952816,-45.0432605140007));
#1394=CARTESIAN_POINT('Ctrl Pts',(7.51362526645931,4.31119504252627,-55.0281973765903));
#1395=CARTESIAN_POINT('Ctrl Pts',(7.27577777972523,3.17366942626146,-65.0131598733676));
#1396=CARTESIAN_POINT('Ctrl Pts',(7.45001567045742,5.50121730109082,-35.));
#1397=CARTESIAN_POINT('Ctrl Pts',(7.45001567045742,5.50121730109082,-45.036884260646));
#1398=CARTESIAN_POINT('Ctrl Pts',(7.20734921924818,4.37551384411572,-55.0250134536126));
#1399=CARTESIAN_POINT('Ctrl Pts',(6.96478942386762,3.25030515201004,-65.0131640752197));
#1400=CARTESIAN_POINT('Ctrl Pts',(7.30236334244043,5.4999567611417,-35.));
#1401=CARTESIAN_POINT('Ctrl Pts',(7.30236334244043,5.4999567611417,-45.0336571992017));
#1402=CARTESIAN_POINT('Ctrl Pts',(7.05159683471929,4.37395751854818,-55.0234020504089));
#1403=CARTESIAN_POINT('Ctrl Pts',(6.80094054293261,3.24845317082664,-65.0131662018031));
#1404=CARTESIAN_POINT('',(-4.04282468447694,0.046837873637803,-65.));
#1405=CARTESIAN_POINT('',(-4.04282393643057,0.0468382048490551,-65.));
#1406=CARTESIAN_POINT('',(6.62470919224234,1.26779095271155,-65.));
#1407=CARTESIAN_POINT('Origin',(3.2446111891791,-16.4119980021867,-65.));
#1408=CARTESIAN_POINT('Origin',(6.81249999999993,2.25,-65.));
#1409=CARTESIAN_POINT('Ctrl Pts',(-4.20973322058355,-0.0242295030794966,
-64.9302462333169));
#1410=CARTESIAN_POINT('Ctrl Pts',(-4.15377745641302,-0.140014800261538,
-67.5631236795112));
#1411=CARTESIAN_POINT('Ctrl Pts',(-3.96735198875026,-0.593563824361554,
-70.0879876642944));
#1412=CARTESIAN_POINT('Ctrl Pts',(-2.74599000831614,-0.846668587826513,
-78.1866575228735));
#1413=CARTESIAN_POINT('Ctrl Pts',(-1.70879750799284,-1.31457507432317,-84.8934403546043));
#1414=CARTESIAN_POINT('Ctrl Pts',(-0.67160080758189,-1.78247666195198,-91.600254930633));
#1415=CARTESIAN_POINT('Ctrl Pts',(-4.16979461524293,-0.00596944073824278,
-64.9299070719803));
#1416=CARTESIAN_POINT('Ctrl Pts',(-4.11242725221131,-0.127418889696264,
-67.5754451008266));
#1417=CARTESIAN_POINT('Ctrl Pts',(-4.02402829666745,-0.360391330511082,
-70.1262470218956));
#1418=CARTESIAN_POINT('Ctrl Pts',(-2.71084624016426,-0.833716899320618,
-78.1995881286238));
#1419=CARTESIAN_POINT('Ctrl Pts',(-1.67649268329027,-1.30434899575324,-84.8999057502527));
#1420=CARTESIAN_POINT('Ctrl Pts',(-0.642132767503706,-1.77498115357368,
-91.600254684808));
#1421=CARTESIAN_POINT('Ctrl Pts',(-4.12970450153497,0.0121737016695595,
-64.9295668916054));
#1422=CARTESIAN_POINT('Ctrl Pts',(-4.0720017146117,-0.112502529340264,-67.5878730434371));
#1423=CARTESIAN_POINT('Ctrl Pts',(-4.03143203291309,-0.238970947577783,
-70.1581002080362));
#1424=CARTESIAN_POINT('Ctrl Pts',(-2.67566406737973,-0.820814576643514,
-78.2124893270956));
#1425=CARTESIAN_POINT('Ctrl Pts',(-1.64420448522715,-1.29418088803397,-84.9063563694003));
#1426=CARTESIAN_POINT('Ctrl Pts',(-0.612737506937139,-1.76754967334221,
-91.6002544396151));
#1427=CARTESIAN_POINT('Ctrl Pts',(-4.08946774066871,0.0302089159280141,
-64.92922622415));
#1428=CARTESIAN_POINT('Ctrl Pts',(-4.0321511044003,-0.0960619954076973,
-67.6003649709357));
#1429=CARTESIAN_POINT('Ctrl Pts',(-4.00593717355106,-0.192108253163671,
-70.1856650528553));
#1430=CARTESIAN_POINT('Ctrl Pts',(-2.6404417228369,-0.807964969521263,-78.2253636340237));
#1431=CARTESIAN_POINT('Ctrl Pts',(-1.61193147257744,-1.28407163007644,-84.9127934946342));
#1432=CARTESIAN_POINT('Ctrl Pts',(-0.583413537069884,-1.76018147776247,
-91.6002541949254));
#1433=CARTESIAN_POINT('Ctrl Pts',(-4.04195659258656,0.0513135708223518,
-64.9288254321416));
#1434=CARTESIAN_POINT('Ctrl Pts',(-3.98552611709751,-0.0758608236806312,
-67.6150887779177));
#1435=CARTESIAN_POINT('Ctrl Pts',(-3.95649523055634,-0.180930778289074,
-70.2155451788523));
#1436=CARTESIAN_POINT('Ctrl Pts',(-2.59894823012206,-0.792911505373736,
-78.2404834456686));
#1437=CARTESIAN_POINT('Ctrl Pts',(-1.57397380237132,-1.27224690636313,-84.9203533388789));
#1438=CARTESIAN_POINT('Ctrl Pts',(-0.548991790007566,-1.75158533245101,
-91.6002539075596));
#1439=CARTESIAN_POINT('Ctrl Pts',(-3.9942561632052,0.0722937558693568,-64.928425438713));
#1440=CARTESIAN_POINT('Ctrl Pts',(-3.93872897975377,-0.0557542641769281,
-67.6297833904629));
#1441=CARTESIAN_POINT('Ctrl Pts',(-3.90684501375109,-0.169987007874211,
-70.2453523687272));
#1442=CARTESIAN_POINT('Ctrl Pts',(-2.55739445021602,-0.77794029295123,-78.2555729907662));
#1443=CARTESIAN_POINT('Ctrl Pts',(-1.53603333839596,-1.26050612345632,-84.9278980498235));
#1444=CARTESIAN_POINT('Ctrl Pts',(-0.514664744205665,-1.74307481353496,
-91.6002536207691));
#1445=CARTESIAN_POINT('Ctrl Pts',(-3.98709076015807,0.0754405038575579,
-64.928365400278));
#1446=CARTESIAN_POINT('Ctrl Pts',(-3.93170343988224,-0.0527292317983305,
-67.6319892841806));
#1447=CARTESIAN_POINT('Ctrl Pts',(-3.89920713133565,-0.168755669009658,
-70.2498025867207));
#1448=CARTESIAN_POINT('Ctrl Pts',(-2.551154774048,-0.7756945787942,-78.257837660557));
#1449=CARTESIAN_POINT('Ctrl Pts',(-1.53033785796102,-1.2587454201606,-84.9290303752074));
#1450=CARTESIAN_POINT('Ctrl Pts',(-0.509513478980515,-1.74179908690516,
-91.600253577727));
#1451=CARTESIAN_POINT('Ctrl Pts',(-3.93690453497489,0.0974512291189151,
-64.927945436025));
#1452=CARTESIAN_POINT('Ctrl Pts',(-3.88239006352529,-0.0318128051296745,
-67.6474123111334));
#1453=CARTESIAN_POINT('Ctrl Pts',(-3.85074760277381,-0.148743973396752,
-70.2815911918731));
#1454=CARTESIAN_POINT('Ctrl Pts',(-2.50746731580278,-0.759988009524796,
-78.2736857571145));
#1455=CARTESIAN_POINT('Ctrl Pts',(-1.49047210491013,-1.2464338090058,-84.9369543642929));
#1456=CARTESIAN_POINT('Ctrl Pts',(-0.473469452797851,-1.7328824546222,-91.6002532765194));
#1457=CARTESIAN_POINT('Ctrl Pts',(-3.828915357193,0.144319952540213,-64.9270472928838));
#1458=CARTESIAN_POINT('Ctrl Pts',(-3.77630762777027,0.0127699308117123,
-67.6803962689711));
#1459=CARTESIAN_POINT('Ctrl Pts',(-3.74653064158432,-0.106027576256398,
-70.3495754714093));
#1460=CARTESIAN_POINT('Ctrl Pts',(-2.41370644483695,-0.726530066628732,
-78.3075787890405));
#1461=CARTESIAN_POINT('Ctrl Pts',(-1.40508386315718,-1.22025198223667,-84.9539007536707));
#1462=CARTESIAN_POINT('Ctrl Pts',(-0.396453887772913,-1.71397678918908,
-91.6002526323511));
#1463=CARTESIAN_POINT('Ctrl Pts',(-3.72729298798478,0.187499512424838,-64.9262119087783));
#1464=CARTESIAN_POINT('Ctrl Pts',(-3.67652680739757,0.0539141172478874,
-67.7110754135734));
#1465=CARTESIAN_POINT('Ctrl Pts',(-3.6485516099458,-0.0665019616034807,
-70.4128103813837));
#1466=CARTESIAN_POINT('Ctrl Pts',(-2.3259176190324,-0.695690285552557,-78.3391035087329));
#1467=CARTESIAN_POINT('Ctrl Pts',(-1.32545108539822,-1.19619511737569,-84.9696629957896));
#1468=CARTESIAN_POINT('Ctrl Pts',(-0.324977204450265,-1.6967028839411,-91.6002520331948));
#1469=CARTESIAN_POINT('Ctrl Pts',(-3.62484490146794,0.230091474826357,-64.925378380087));
#1470=CARTESIAN_POINT('Ctrl Pts',(-3.57596834310119,0.0945413649773445,
-67.7416864061055));
#1471=CARTESIAN_POINT('Ctrl Pts',(-3.54984148780013,-0.0273965913513678,
-70.4759060398375));
#1472=CARTESIAN_POINT('Ctrl Pts',(-2.23783177090253,-0.665275855327885,
-78.3705582235546));
#1473=CARTESIAN_POINT('Ctrl Pts',(-1.24586153902835,-1.17253141485552,-84.9853902357479));
#1474=CARTESIAN_POINT('Ctrl Pts',(-0.253884008370663,-1.67978995337381,
-91.600251435369));
#1475=CARTESIAN_POINT('Ctrl Pts',(-3.40356359587993,0.320052756523074,-64.9235940214274));
#1476=CARTESIAN_POINT('Ctrl Pts',(-3.35880959848988,0.180384997042906,-67.8072162042321));
#1477=CARTESIAN_POINT('Ctrl Pts',(-3.33671137884336,0.0553317056461642,
-70.610979274408));
#1478=CARTESIAN_POINT('Ctrl Pts',(-2.0484046273662,-0.601094117656135,-78.4378942560983));
#1479=CARTESIAN_POINT('Ctrl Pts',(-1.07536608292518,-1.12269574216921,-85.0190580006142));
#1480=CARTESIAN_POINT('Ctrl Pts',(-0.102320348513772,-1.64430044146918,
-91.6002501555857));
#1481=CARTESIAN_POINT('Ctrl Pts',(-3.22415663610036,0.390191969153806,-64.9221672424419));
#1482=CARTESIAN_POINT('Ctrl Pts',(-3.18277806189893,0.247310582758718,-67.8596140046932));
#1483=CARTESIAN_POINT('Ctrl Pts',(-3.16397171209573,0.119921471540769,-70.7189879474008));
#1484=CARTESIAN_POINT('Ctrl Pts',(-1.8959157106175,-0.55117224236063,-78.4917364051157));
#1485=CARTESIAN_POINT('Ctrl Pts',(-0.939013890865868,-1.08404698321917,
-85.0459788741391));
#1486=CARTESIAN_POINT('Ctrl Pts',(0.017895025032244,-1.61692487628566,-91.6002491322661));
#1487=CARTESIAN_POINT('Ctrl Pts',(-3.1035083946701,0.436103742605157,-64.9212129471722));
#1488=CARTESIAN_POINT('Ctrl Pts',(-3.0644191738408,0.291131202834464,-67.8946600400693));
#1489=CARTESIAN_POINT('Ctrl Pts',(-3.04784274832667,0.16227419016919,-70.7912308363896));
#1490=CARTESIAN_POINT('Ctrl Pts',(-1.79383775328667,-0.518523002790193,
-78.5277485236697));
#1491=CARTESIAN_POINT('Ctrl Pts',(-0.848118697602853,-1.05881585661367,
-85.0639847990081));
#1492=CARTESIAN_POINT('Ctrl Pts',(0.0976073888146934,-1.59911191476506,
-91.6002484478227));
#1493=CARTESIAN_POINT('Ctrl Pts',(-2.73849785462461,0.571213822606665,-64.9183531449325));
#1494=CARTESIAN_POINT('Ctrl Pts',(-2.70610396201098,0.419489320047144,-67.9996848587178));
#1495=CARTESIAN_POINT('Ctrl Pts',(-2.69601503074023,0.285807563031117,-71.007730278257));
#1496=CARTESIAN_POINT('Ctrl Pts',(-1.48605958608666,-0.423148521529298,
-78.6356685591275));
#1497=CARTESIAN_POINT('Ctrl Pts',(-0.57526673008065,-0.985045451062562,
-85.1179444139943));
#1498=CARTESIAN_POINT('Ctrl Pts',(0.335532948593163,-1.54694573441263,-91.6002463967031));
#1499=CARTESIAN_POINT('Ctrl Pts',(-2.36448018439937,0.698131780869787,-64.9154377534322));
#1500=CARTESIAN_POINT('Ctrl Pts',(-2.3387616635239,0.539377339405494,-68.1067510005556));
#1501=CARTESIAN_POINT('Ctrl Pts',(-2.33507441524768,0.40090965682031,-71.2284535342054));
#1502=CARTESIAN_POINT('Ctrl Pts',(-1.17417723999152,-0.334462225255371,
-78.7456865221417));
#1503=CARTESIAN_POINT('Ctrl Pts',(-0.302063319608616,-0.916473113531074,
-85.1729529851022));
#1504=CARTESIAN_POINT('Ctrl Pts',(0.570057186732367,-1.49848749934323,-91.6002443057105));
#1505=CARTESIAN_POINT('Ctrl Pts',(-2.1113138983419,0.7788478107647,-64.9134809342624));
#1506=CARTESIAN_POINT('Ctrl Pts',(-2.08999664653017,0.615326159901521,-68.1786141809366));
#1507=CARTESIAN_POINT('Ctrl Pts',(-2.09042136286281,0.473425544200561,-71.3765963301831));
#1508=CARTESIAN_POINT('Ctrl Pts',(-0.964416720103071,-0.278388153033072,
-78.8195308194171));
#1509=CARTESIAN_POINT('Ctrl Pts',(-0.119660404639441,-0.873058304389684,
-85.2098748581977));
#1510=CARTESIAN_POINT('Ctrl Pts',(0.725102324941668,-1.46773203954757,-91.6002429022316));
#1511=CARTESIAN_POINT('Ctrl Pts',(-1.34106145329657,1.00864372831309,-64.9074215996389));
#1512=CARTESIAN_POINT('Ctrl Pts',(-1.33285164649641,0.829097536510704,-68.4011391947259));
#1513=CARTESIAN_POINT('Ctrl Pts',(-1.34565371854128,0.676833452724837,-71.8354122667947));
#1514=CARTESIAN_POINT('Ctrl Pts',(-0.329888302458748,-0.121077774751961,
-79.0481922744168));
#1515=CARTESIAN_POINT('Ctrl Pts',(0.42849127017987,-0.750470306480326,-85.3242047334585));
#1516=CARTESIAN_POINT('Ctrl Pts',(1.18687671273126,-1.37986668143205,-91.6002385563102));
#1517=CARTESIAN_POINT('Ctrl Pts',(-0.541080007911939,1.19942289701751,-64.9011744378544));
#1518=CARTESIAN_POINT('Ctrl Pts',(-0.545071177725775,1.00148509379425,-68.6305630231531));
#1519=CARTESIAN_POINT('Ctrl Pts',(-0.568027169918025,0.834171160307593,
-72.3083578981549));
#1520=CARTESIAN_POINT('Ctrl Pts',(0.320112768388715,0.00525715195235907,
-79.283940803625));
#1521=CARTESIAN_POINT('Ctrl Pts',(0.980088589135748,-0.64965801545825,-85.442078118375));
#1522=CARTESIAN_POINT('Ctrl Pts',(1.64006961336826,-1.30457715107283,-91.6002340756925));
#1523=CARTESIAN_POINT('Ctrl Pts',(0.00321996921172485,1.30760100555688,
-64.8970231943106));
#1524=CARTESIAN_POINT('Ctrl Pts',(-0.00855814441979592,1.09591990147741,
-68.7830148629076));
#1525=CARTESIAN_POINT('Ctrl Pts',(-0.037825163685032,0.917493169871635,
-72.6226738586032));
#1526=CARTESIAN_POINT('Ctrl Pts',(0.759439383773719,0.0745222812256748,
-79.4405963251852));
#1527=CARTESIAN_POINT('Ctrl Pts',(1.34957682074651,-0.592444748460754,-85.5204052950832));
#1528=CARTESIAN_POINT('Ctrl Pts',(1.93971898143723,-1.25941579207824,-91.6002310983101));
#1529=CARTESIAN_POINT('Ctrl Pts',(1.66033567959029,1.57124663602375,-64.884648370311));
#1530=CARTESIAN_POINT('Ctrl Pts',(1.62563018226079,1.31426038946535,-69.2374735167027));
#1531=CARTESIAN_POINT('Ctrl Pts',(1.57947320717342,1.09527511444552,-73.5595598312915));
#1532=CARTESIAN_POINT('Ctrl Pts',(2.09080853114431,0.235809025855469,-79.9075842745712));
#1533=CARTESIAN_POINT('Ctrl Pts',(2.46260752798098,-0.451090063178528,-85.7538975276899));
#1534=CARTESIAN_POINT('Ctrl Pts',(2.83440970706754,-1.13799308776475,-91.6002222227744));
#1535=CARTESIAN_POINT('Ctrl Pts',(3.36180378223369,1.64577172181637,-64.8737619935695));
#1536=CARTESIAN_POINT('Ctrl Pts',(3.30551938002619,1.32547962932069,-69.6372736838739));
#1537=CARTESIAN_POINT('Ctrl Pts',(3.24560648309327,1.0359481212547,-74.3833885172101));
#1538=CARTESIAN_POINT('Ctrl Pts',(3.44877611588349,0.248413009163508,-80.3183989281528));
#1539=CARTESIAN_POINT('Ctrl Pts',(3.58697416472026,-0.404344674842174,-85.959303317835));
#1540=CARTESIAN_POINT('Ctrl Pts',(3.72517369529111,-1.05710543257385,-91.6002144148639));
#1541=CARTESIAN_POINT('Ctrl Pts',(4.49066541287909,1.60547920709493,-64.8673951137145));
#1542=CARTESIAN_POINT('Ctrl Pts',(4.42106317707064,1.23682298079622,-69.8711009555));
#1543=CARTESIAN_POINT('Ctrl Pts',(4.3520829931096,0.887395178552841,-74.8647539971007));
#1544=CARTESIAN_POINT('Ctrl Pts',(4.35429304086682,0.189584342583934,-80.5586585109182));
#1545=CARTESIAN_POINT('Ctrl Pts',(4.33971318163074,-0.415071866632947,-86.0794322055136));
#1546=CARTESIAN_POINT('Ctrl Pts',(4.3251337053027,-1.01973020032797,-91.6002098485096));
#1547=CARTESIAN_POINT('Ctrl Pts',(5.58521016485628,1.47810778303373,-64.8621482210048));
#1548=CARTESIAN_POINT('Ctrl Pts',(5.50381726094764,1.05664037201173,-70.0638002872231));
#1549=CARTESIAN_POINT('Ctrl Pts',(5.42503509478201,0.640949985011729,-75.2610470598031));
#1550=CARTESIAN_POINT('Ctrl Pts',(5.24567398445129,0.0666686573786572,-80.7566502865461));
#1551=CARTESIAN_POINT('Ctrl Pts',(5.09175585569388,-0.466675340905797,-86.1784273441847));
#1552=CARTESIAN_POINT('Ctrl Pts',(4.93783714668648,-1.00002027280328,-91.600206085494));
#1553=CARTESIAN_POINT('Ctrl Pts',(6.62850811056119,1.28017110548972,-64.8582454072104));
#1554=CARTESIAN_POINT('Ctrl Pts',(6.53726426980821,0.803133391074883,-70.2071403884772));
#1555=CARTESIAN_POINT('Ctrl Pts',(6.44869053870739,0.318966025456364,-75.5554560651989));
#1556=CARTESIAN_POINT('Ctrl Pts',(6.11811673592629,-0.109418680771491,-80.90391933143));
#1557=CARTESIAN_POINT('Ctrl Pts',(5.8469785144447,-0.554717996320566,-86.2520613053066));
#1558=CARTESIAN_POINT('Ctrl Pts',(5.57583893748266,-1.0000169261149,-91.6002032865108));
#1559=CARTESIAN_POINT('Ctrl Pts',(6.62989676763516,1.27991019846135,-64.8582402146082));
#1560=CARTESIAN_POINT('Ctrl Pts',(6.53863981787264,0.802798510061308,-70.2073310991299));
#1561=CARTESIAN_POINT('Ctrl Pts',(6.45005305223884,0.31854000090802,-75.5558477686002));
#1562=CARTESIAN_POINT('Ctrl Pts',(6.11927809530342,-0.109651044278564,-80.9041152694316));
#1563=CARTESIAN_POINT('Ctrl Pts',(5.84798393470044,-0.554833568672468,-86.2521592735606));
#1564=CARTESIAN_POINT('Ctrl Pts',(5.57668841758585,-1.00001570555855,-91.6002032827868));
#1565=CARTESIAN_POINT('Ctrl Pts',(6.63122876897617,1.27966376641261,-64.8582351700378));
#1566=CARTESIAN_POINT('Ctrl Pts',(6.54209341785987,0.802030550142729,-70.2075165405828));
#1567=CARTESIAN_POINT('Ctrl Pts',(6.45569130060828,0.317040173138851,-75.5562125773883));
#1568=CARTESIAN_POINT('Ctrl Pts',(6.12257474844533,-0.110332766978536,-80.9043054569621));
#1569=CARTESIAN_POINT('Ctrl Pts',(5.85005711344748,-0.55517321205341,-86.2522543664253));
#1570=CARTESIAN_POINT('Ctrl Pts',(5.57753809643829,-1.00001325876421,-91.6002032791721));
#1571=CARTESIAN_POINT('Ctrl Pts',(6.63670670819996,1.27865279940779,-64.8582143981974));
#1572=CARTESIAN_POINT('Ctrl Pts',(6.55038976440014,0.800265373541442,-70.2082795244006));
#1573=CARTESIAN_POINT('Ctrl Pts',(6.46691181271416,0.314339241019848,-75.5577711828275));
#1574=CARTESIAN_POINT('Ctrl Pts',(6.13009257943671,-0.111706480213467,-80.9050891759387));
#1575=CARTESIAN_POINT('Ctrl Pts',(5.8555159329008,-0.555852756678742,-86.2526462228335));
#1576=CARTESIAN_POINT('Ctrl Pts',(5.58093786686821,-0.999998620342618,-91.6002032642768));
#1577=CARTESIAN_POINT('Ctrl Pts',(6.64218220899778,1.27767603868735,-64.8581932990239));
#1578=CARTESIAN_POINT('Ctrl Pts',(6.55872730209301,0.798784468258099,-70.2090542757593));
#1579=CARTESIAN_POINT('Ctrl Pts',(6.47825706379388,0.3124456932955,-75.5593783642455));
#1580=CARTESIAN_POINT('Ctrl Pts',(6.13765557088053,-0.112792147289189,-80.9058854965186));
#1581=CARTESIAN_POINT('Ctrl Pts',(5.86099920720964,-0.556378510410669,-86.2530443802621));
#1582=CARTESIAN_POINT('Ctrl Pts',(5.58434138521407,-0.999964455075675,-91.600203249142));
#1583=CARTESIAN_POINT('Ctrl Pts',(6.64628750035904,1.27696336217355,-64.858177355207));
#1584=CARTESIAN_POINT('Ctrl Pts',(6.56499808119004,0.797807238562024,-70.2096395980448));
#1585=CARTESIAN_POINT('Ctrl Pts',(6.48682194752791,0.31140955655584,-75.560604754136));
#1586=CARTESIAN_POINT('Ctrl Pts',(6.14334747946147,-0.113471836644482,-80.9064873693306));
#1587=CARTESIAN_POINT('Ctrl Pts',(5.86512251586852,-0.556700030261942,-86.2533453146382));
#1588=CARTESIAN_POINT('Ctrl Pts',(5.58689606420344,-0.999927805462275,-91.6002032377028));
#1589=CARTESIAN_POINT('Ctrl Pts',(6.65586348879955,1.27534839304298,-64.8581400252209));
#1590=CARTESIAN_POINT('Ctrl Pts',(6.57965809082622,0.795776692769014,-70.2110097793906));
#1591=CARTESIAN_POINT('Ctrl Pts',(6.50690403627296,0.309724324103222,-75.563500592434));
#1592=CARTESIAN_POINT('Ctrl Pts',(6.15666109647058,-0.114807889186735,-80.9078968173805));
#1593=CARTESIAN_POINT('Ctrl Pts',(5.87476211859432,-0.557312383649096,-86.2540500341824));
#1594=CARTESIAN_POINT('Ctrl Pts',(5.59286158207406,-0.999816468235836,-91.600203210915));
#1595=CARTESIAN_POINT('Ctrl Pts',(6.66543262894804,1.27384884403501,-64.8581027493507));
#1596=CARTESIAN_POINT('Ctrl Pts',(6.59435370205361,0.794184654352114,-70.2123774444019));
#1597=CARTESIAN_POINT('Ctrl Pts',(6.52713588308667,0.309366253061527,-75.5664419653683));
#1598=CARTESIAN_POINT('Ctrl Pts',(6.17001930136108,-0.115710404226643,-80.9093047427679));
#1599=CARTESIAN_POINT('Ctrl Pts',(5.88442919425608,-0.557677727529828,-86.2547539929553));
#1600=CARTESIAN_POINT('Ctrl Pts',(5.59883745592701,-0.999644665625027,-91.600203184156));
#1601=CARTESIAN_POINT('Ctrl Pts',(6.67089790770503,1.27302776150327,-64.8580813024462));
#1602=CARTESIAN_POINT('Ctrl Pts',(6.60277378352129,0.793481468007484,-70.2131642073164));
#1603=CARTESIAN_POINT('Ctrl Pts',(6.53876180347472,0.30968855010617,-75.5681466581132));
#1604=CARTESIAN_POINT('Ctrl Pts',(6.17767828783232,-0.116020126595524,-80.9101149307492));
#1605=CARTESIAN_POINT('Ctrl Pts',(5.88996770935289,-0.557773575070251,-86.2551590848274));
#1606=CARTESIAN_POINT('Ctrl Pts',(5.60225545753912,-0.99952665762866,-91.6002031687576));
#1607=CARTESIAN_POINT('Ctrl Pts',(6.68729152564553,1.2707074572764,-64.8580198392293));
#1608=CARTESIAN_POINT('Ctrl Pts',(6.62784545151578,0.790668824754135,-70.2154185184056));
#1609=CARTESIAN_POINT('Ctrl Pts',(6.57328602916675,0.309399408501387,-75.5730713296834));
#1610=CARTESIAN_POINT('Ctrl Pts',(6.20046871746572,-0.117692489528809,-80.9124372045373));
#1611=CARTESIAN_POINT('Ctrl Pts',(5.90649456579314,-0.558402817936723,-86.2563202160875));
#1612=CARTESIAN_POINT('Ctrl Pts',(5.61251861603282,-0.999112835764193,-91.6002031246205));
#1613=CARTESIAN_POINT('Ctrl Pts',(6.70366161924906,1.26873721504648,-64.8579598183761));
#1614=CARTESIAN_POINT('Ctrl Pts',(6.65288396401512,0.78858643175136,-70.2176192763452));
#1615=CARTESIAN_POINT('Ctrl Pts',(6.6077874040529,0.310860227903131,-75.5779415149432));
#1616=CARTESIAN_POINT('Ctrl Pts',(6.22324588323604,-0.118682778633017,-80.914705620627));
#1617=CARTESIAN_POINT('Ctrl Pts',(5.92302775467941,-0.558600961287654,-86.2574544193102));
#1618=CARTESIAN_POINT('Ctrl Pts',(5.62280770305336,-0.998518907328349,-91.600203081507));
#1619=CARTESIAN_POINT('Ctrl Pts',(6.71456271758481,1.26757815082674,-64.857920420867));
#1620=CARTESIAN_POINT('Ctrl Pts',(6.66955065029497,0.787510084355175,-70.2190631352326));
#1621=CARTESIAN_POINT('Ctrl Pts',(6.63082565863948,0.313022505499591,-75.5812051019098));
#1622=CARTESIAN_POINT('Ctrl Pts',(6.2384153050932,-0.119042855947283,-80.9161953015156));
#1623=CARTESIAN_POINT('Ctrl Pts',(5.93404728920129,-0.558542625094821,-86.2581992573324));
#1624=CARTESIAN_POINT('Ctrl Pts',(5.62967726542599,-0.998042224696293,-91.6002030531942));
#1625=CARTESIAN_POINT('Ctrl Pts',(6.74722308296789,1.26455842662578,-64.8578037786809));
#1626=CARTESIAN_POINT('Ctrl Pts',(6.71947826156329,0.785356701239317,-70.2233429577316));
#1627=CARTESIAN_POINT('Ctrl Pts',(6.69879495071932,0.315878790419464,-75.5903923376487));
#1628=CARTESIAN_POINT('Ctrl Pts',(6.28385640414578,-0.119233457966308,-80.920600750456));
#1629=CARTESIAN_POINT('Ctrl Pts',(5.96708547435237,-0.557800822242939,-86.2604019693465));
#1630=CARTESIAN_POINT('Ctrl Pts',(5.65031230575961,-0.996368107726148,-91.6002029694644));
#1631=CARTESIAN_POINT('Ctrl Pts',(6.77973946478405,1.26290413305763,-64.8576919028974));
#1632=CARTESIAN_POINT('Ctrl Pts',(6.76903495544377,0.78604961717658,-70.2274468325816));
#1633=CARTESIAN_POINT('Ctrl Pts',(6.76585585070653,0.324180507747237,-75.59930354579));
#1634=CARTESIAN_POINT('Ctrl Pts',(6.32900002451355,-0.116780578388559,-80.924827217916));
#1635=CARTESIAN_POINT('Ctrl Pts',(6.00000806958535,-0.555368591067765,-86.2625151922351));
#1636=CARTESIAN_POINT('Ctrl Pts',(5.67101365472622,-0.993956657872289,-91.6002028891363));
#1637=CARTESIAN_POINT('Ctrl Pts',(6.80133835330808,1.26239803935848,-64.8576189041313));
#1638=CARTESIAN_POINT('Ctrl Pts',(6.80184209401003,0.787740432773442,-70.230124214963));
#1639=CARTESIAN_POINT('Ctrl Pts',(6.8099990525899,0.331996510747432,-75.6051546178821));
#1640=CARTESIAN_POINT('Ctrl Pts',(6.35889738770261,-0.114002783509439,-80.9275853633262));
#1641=CARTESIAN_POINT('Ctrl Pts',(6.02186633956348,-0.553009694416186,-86.2638942582726));
#1642=CARTESIAN_POINT('Ctrl Pts',(5.68483268994321,-0.99201676479698,-91.600202836715));
#1643=CARTESIAN_POINT('Ctrl Pts',(6.86585437137088,1.26263883963238,-64.8574059516043));
#1644=CARTESIAN_POINT('Ctrl Pts',(6.89943995551529,0.796409356456082,-70.2379332949102));
#1645=CARTESIAN_POINT('Ctrl Pts',(6.94035440799901,0.362355420078027,-75.622354696459));
#1646=CARTESIAN_POINT('Ctrl Pts',(6.44786158535259,-0.102311601264766,-80.9356328192258));
#1647=CARTESIAN_POINT('Ctrl Pts',(6.08708666831736,-0.543750210115402,-86.267917968232));
#1648=CARTESIAN_POINT('Ctrl Pts',(5.72630874733951,-0.985189348721404,-91.6002026837653));
#1649=CARTESIAN_POINT('Ctrl Pts',(6.92940659794202,1.26806508161754,-64.8572019979327));
#1650=CARTESIAN_POINT('Ctrl Pts',(6.99388602305435,0.815512456645742,-70.2454098446203));
#1651=CARTESIAN_POINT('Ctrl Pts',(7.06290556762188,0.411473212448173,-75.6390660340357));
#1652=CARTESIAN_POINT('Ctrl Pts',(6.53394995312027,-0.080888339342769,-80.9433427013756));
#1653=CARTESIAN_POINT('Ctrl Pts',(6.15084262798484,-0.528100574944436,-86.2717728947254));
#1654=CARTESIAN_POINT('Ctrl Pts',(5.76773197665225,-0.97531384023233,-91.6002025372313));
#1655=CARTESIAN_POINT('Ctrl Pts',(6.97123084573981,1.27390382700863,-64.8570702056774));
#1656=CARTESIAN_POINT('Ctrl Pts',(7.05511012849084,0.832621243303221,-70.2502398753744));
#1657=CARTESIAN_POINT('Ctrl Pts',(7.14024507008591,0.45224104553372,-75.6499791658));
#1658=CARTESIAN_POINT('Ctrl Pts',(6.58972169863321,-0.0625030615470914,
-80.948325926926));
#1659=CARTESIAN_POINT('Ctrl Pts',(6.1924758382504,-0.51492749238402,-86.2742644993517));
#1660=CARTESIAN_POINT('Ctrl Pts',(5.79522648224183,-0.967353344496401,-91.6002024425201));
#1661=CARTESIAN_POINT('Ctrl Pts',(7.0535780474222,1.28985966790069,-64.8568041636204));
#1662=CARTESIAN_POINT('Ctrl Pts',(7.17327524562919,0.874853082892355,-70.2599901872104));
#1663=CARTESIAN_POINT('Ctrl Pts',(7.28475468916911,0.546524501291048,-75.6719916494874));
#1664=CARTESIAN_POINT('Ctrl Pts',(6.69721328545619,-0.0182378883696062,
-80.9583851199936));
#1665=CARTESIAN_POINT('Ctrl Pts',(6.27349187259457,-0.483449253020484,-86.2792940792436));
#1666=CARTESIAN_POINT('Ctrl Pts',(5.84976672368025,-0.948662888048893,-91.600202251335));
#1667=CARTESIAN_POINT('Ctrl Pts',(7.1329126902966,1.31401845367947,-64.8565450819423));
#1668=CARTESIAN_POINT('Ctrl Pts',(7.28171237879678,0.93224423532327,-70.2694828109189));
#1669=CARTESIAN_POINT('Ctrl Pts',(7.40508652793131,0.667696381783599,-75.693671583039));
#1670=CARTESIAN_POINT('Ctrl Pts',(6.79538237899702,0.040328331747834,-80.9681836846312));
#1671=CARTESIAN_POINT('Ctrl Pts',(6.34918648373468,-0.442062537339058,-86.284193348063));
#1672=CARTESIAN_POINT('Ctrl Pts',(5.90298685953519,-0.924456712796876,-91.6002020651034));
#1673=CARTESIAN_POINT('Ctrl Pts',(7.17172839919177,1.32805675397151,-64.8564182933656));
#1674=CARTESIAN_POINT('Ctrl Pts',(7.33305804953302,0.964648302859153,-70.2741280318785));
#1675=CARTESIAN_POINT('Ctrl Pts',(7.45820868122379,0.734532831094068,-75.7043046389105));
#1676=CARTESIAN_POINT('Ctrl Pts',(6.84168270373949,0.0731313167091192,-80.972979120284));
#1677=CARTESIAN_POINT('Ctrl Pts',(6.38542381056341,-0.418922660800272,-86.2865910595435));
#1678=CARTESIAN_POINT('Ctrl Pts',(5.92916126237168,-0.910980500473218,-91.6002019739612));
#1679=CARTESIAN_POINT('Ctrl Pts',(7.22851169275934,1.35194265214002,-64.8562334352635));
#1680=CARTESIAN_POINT('Ctrl Pts',(7.40605818407183,1.01756593659682,-70.2809004603613));
#1681=CARTESIAN_POINT('Ctrl Pts',(7.52753889485839,0.841750835436631,-75.719837386117));
#1682=CARTESIAN_POINT('Ctrl Pts',(6.90724423447182,0.126378162182676,-80.9799711900822));
#1683=CARTESIAN_POINT('Ctrl Pts',(6.43742760287416,-0.381176420677604,-86.2900870855208));
#1684=CARTESIAN_POINT('Ctrl Pts',(5.96760753951575,-0.888735743064464,-91.6002018410698));
#1685=CARTESIAN_POINT('Ctrl Pts',(7.28296341343946,1.37983363914226,-64.8560590830944));
#1686=CARTESIAN_POINT('Ctrl Pts',(7.47136353149237,1.07760466031366,-70.287288851958));
#1687=CARTESIAN_POINT('Ctrl Pts',(7.57784671799968,0.95962184627816,-75.7344069959805));
#1688=CARTESIAN_POINT('Ctrl Pts',(6.96524773657799,0.186393472512504,-80.986565042361));
#1689=CARTESIAN_POINT('Ctrl Pts',(6.48492105036249,-0.338559915278069,-86.2933840023514));
#1690=CARTESIAN_POINT('Ctrl Pts',(6.00459134759283,-0.863518965258635,-91.600201715747));
#1691=CARTESIAN_POINT('Ctrl Pts',(7.30084302498003,1.38956542150475,-64.8560022221499));
#1692=CARTESIAN_POINT('Ctrl Pts',(7.49227194320269,1.09833585919579,-70.2893724539594));
#1693=CARTESIAN_POINT('Ctrl Pts',(7.59250541450977,0.999879844937745,-75.7391420989223));
#1694=CARTESIAN_POINT('Ctrl Pts',(6.98373696937285,0.207077465650625,-80.9887153033438));
#1695=CARTESIAN_POINT('Ctrl Pts',(6.50024165364246,-0.323851899537133,-86.294459129624));
#1696=CARTESIAN_POINT('Ctrl Pts',(6.01674348098323,-0.854787237032634,-91.6002016748791));
#1697=CARTESIAN_POINT('Ctrl Pts',(7.32283949241686,1.40226072563079,-64.8559328287707));
#1698=CARTESIAN_POINT('Ctrl Pts',(7.51732749750832,1.12505536883906,-70.2919155767626));
#1699=CARTESIAN_POINT('Ctrl Pts',(7.60815393672708,1.0511902919143,-75.7448941414296));
#1700=CARTESIAN_POINT('Ctrl Pts',(7.00578543795443,0.233689120545761,-80.9913392130511));
#1701=CARTESIAN_POINT('Ctrl Pts',(6.51874272091216,-0.304887784205135,-86.2957710802524));
#1702=CARTESIAN_POINT('Ctrl Pts',(6.03169737380329,-0.843471050136002,-91.6002016250091));
#1703=CARTESIAN_POINT('Ctrl Pts',(7.34437741529974,1.41560291078647,-64.8558656776136));
#1704=CARTESIAN_POINT('Ctrl Pts',(7.54102599605562,1.15266808586193,-70.2943770285344));
#1705=CARTESIAN_POINT('Ctrl Pts',(7.62049056345193,1.10336750122509,-75.750413248099));
#1706=CARTESIAN_POINT('Ctrl Pts',(7.02649748740389,0.261131060760012,-80.993877846859));
#1707=CARTESIAN_POINT('Ctrl Pts',(6.53641772486476,-0.28526204558114,-86.2970403925441));
#1708=CARTESIAN_POINT('Ctrl Pts',(6.04633559253499,-0.8316618989598,-91.6002015767598));
#1709=CARTESIAN_POINT('Ctrl Pts',(7.34866648575234,1.41829705967072,-64.8558523384595));
#1710=CARTESIAN_POINT('Ctrl Pts',(7.54571134125359,1.15822522046236,-70.2948660024891));
#1711=CARTESIAN_POINT('Ctrl Pts',(7.62282578722822,1.11383394522275,-75.7515075125165));
#1712=CARTESIAN_POINT('Ctrl Pts',(7.03058636474101,0.266651504775107,-80.9943821087821));
#1713=CARTESIAN_POINT('Ctrl Pts',(6.53991954357481,-0.281311055387439,-86.2972925225663));
#1714=CARTESIAN_POINT('Ctrl Pts',(6.04925040600089,-0.829280439593258,-91.6002015671758));
#1715=CARTESIAN_POINT('Ctrl Pts',(7.3550720641842,1.42237660508634,-64.8558324684301));
#1716=CARTESIAN_POINT('Ctrl Pts',(7.55265772678583,1.16661109801017,-70.2955944142588));
#1717=CARTESIAN_POINT('Ctrl Pts',(7.62613078106471,1.1295748375997,-75.7531342251206));
#1718=CARTESIAN_POINT('Ctrl Pts',(7.03663927023913,0.274978519301592,-80.9951332237047));
#1719=CARTESIAN_POINT('Ctrl Pts',(6.54512229079428,-0.275346743604506,-86.2976680785917));
#1720=CARTESIAN_POINT('Ctrl Pts',(6.05360307700029,-0.82567894575135,-91.6002015529001));
#1721=CARTESIAN_POINT('Ctrl Pts',(7.36143522159815,1.42651326394401,-64.8558128095751));
#1722=CARTESIAN_POINT('Ctrl Pts',(7.5594815048054,1.17506968215248,-70.2963151409476));
#1723=CARTESIAN_POINT('Ctrl Pts',(7.62914005185336,1.14536914402924,-75.7547383649227));
#1724=CARTESIAN_POINT('Ctrl Pts',(7.04257139553895,0.283372449992862,-80.9958763006288));
#1725=CARTESIAN_POINT('Ctrl Pts',(6.55024975772828,-0.269327103151439,-86.2980396155743));
#1726=CARTESIAN_POINT('Ctrl Pts',(6.05792597057912,-0.822033710161759,-91.6002015387772));
#1727=CARTESIAN_POINT('Ctrl Pts',(7.36355161049822,1.42789837216189,-64.8558062731753));
#1728=CARTESIAN_POINT('Ctrl Pts',(7.56173713624657,1.17790491365155,-70.2965550549632));
#1729=CARTESIAN_POINT('Ctrl Pts',(7.63036037718617,1.15027497724398,-75.7552455861132));
#1730=CARTESIAN_POINT('Ctrl Pts',(7.04453533577901,0.286177725519534,-80.9961230936697));
#1731=CARTESIAN_POINT('Ctrl Pts',(6.55195053172925,-0.267314487096553,-86.298163011312));
#1732=CARTESIAN_POINT('Ctrl Pts',(6.05936360130192,-0.820813783406623,-91.6002015340867));
#1733=CARTESIAN_POINT('Ctrl Pts',(7.36777459317176,1.43068161212915,-64.8557932763384));
#1734=CARTESIAN_POINT('Ctrl Pts',(7.56624243436041,1.18355989782948,-70.2970310229731));
#1735=CARTESIAN_POINT('Ctrl Pts',(7.63173544090325,1.1615542333819,-75.7563547055766));
#1736=CARTESIAN_POINT('Ctrl Pts',(7.04843636265431,0.291802534156543,-80.9966148643519));
#1737=CARTESIAN_POINT('Ctrl Pts',(6.55533528225084,-0.263277273588788,-86.2984088962156));
#1738=CARTESIAN_POINT('Ctrl Pts',(6.06223214485192,-0.818364257777143,-91.6002015247401));
#1739=CARTESIAN_POINT('Ctrl Pts',(7.37197875387783,1.43348957517465,-64.855780347097));
#1740=CARTESIAN_POINT('Ctrl Pts',(7.57067181724184,1.18927655945603,-70.2975056286371));
#1741=CARTESIAN_POINT('Ctrl Pts',(7.63397994798319,1.17139398482868,-75.7573536140426));
#1742=CARTESIAN_POINT('Ctrl Pts',(7.05228357804279,0.297455377687799,-80.9971029841629));
#1743=CARTESIAN_POINT('Ctrl Pts',(6.5586863697232,-0.259216412023131,-86.298652954524));
#1744=CARTESIAN_POINT('Ctrl Pts',(6.06508715227476,-0.815895437357034,-91.6002015154629));
#1745=CARTESIAN_POINT('Ctrl Pts',(7.37407610242797,1.434899724875,-64.8557739001029));
#1746=CARTESIAN_POINT('Ctrl Pts',(7.57286792674187,1.19214956678845,-70.2977425430853));
#1747=CARTESIAN_POINT('Ctrl Pts',(7.63530059570409,1.17598170095594,-75.7578274374477));
#1748=CARTESIAN_POINT('Ctrl Pts',(7.05419372433706,0.300288662533704,-80.9973461245809));
#1749=CARTESIAN_POINT('Ctrl Pts',(6.56035348067466,-0.257180147909966,-86.2987745236666));
#1750=CARTESIAN_POINT('Ctrl Pts',(6.06651124687041,-0.814656215811269,-91.6002015108418));
#1751=CARTESIAN_POINT('Ctrl Pts',(7.38453852326214,1.4419820408546,-64.8557418115919));
#1752=CARTESIAN_POINT('Ctrl Pts',(7.58379747538705,1.20652499209055,-70.2989208292007));
#1753=CARTESIAN_POINT('Ctrl Pts',(7.64092777242765,1.20017927624699,-75.7602706137821));
#1754=CARTESIAN_POINT('Ctrl Pts',(7.06367714932501,0.314488610044046,-80.9985571909905));
#1755=CARTESIAN_POINT('Ctrl Pts',(6.56864678676488,-0.246970054839996,-86.2993800525075));
#1756=CARTESIAN_POINT('Ctrl Pts',(6.07361454915171,-0.808436114195005,-91.6002014878244));
#1757=CARTESIAN_POINT('Ctrl Pts',(7.39488001166841,1.44921990379092,-64.8557103368534));
#1758=CARTESIAN_POINT('Ctrl Pts',(7.59438214172727,1.22108198710954,-70.3000767528064));
#1759=CARTESIAN_POINT('Ctrl Pts',(7.64588347854924,1.22441171315581,-75.7626506250901));
#1760=CARTESIAN_POINT('Ctrl Pts',(7.07282372628495,0.328852686712501,-80.9997449207362));
#1761=CARTESIAN_POINT('Ctrl Pts',(6.57672842771325,-0.236618073625338,-86.2999739129171));
#1762=CARTESIAN_POINT('Ctrl Pts',(6.08063137395379,-0.802096361992134,-91.6002014652505));
#1763=CARTESIAN_POINT('Ctrl Pts',(7.40307465051742,1.45510890556759,-64.8556855476899));
#1764=CARTESIAN_POINT('Ctrl Pts',(7.60262210929009,1.23281690058414,-70.3009872689361));
#1765=CARTESIAN_POINT('Ctrl Pts',(7.64943475299735,1.24375808862676,-75.7645135362919));
#1766=CARTESIAN_POINT('Ctrl Pts',(7.07991870922941,0.340421518853474,-81.000680242835));
#1767=CARTESIAN_POINT('Ctrl Pts',(6.58305412847689,-0.228259824364927,-86.3004415703227));
#1768=CARTESIAN_POINT('Ctrl Pts',(6.08618789089975,-0.79694879976637,-91.6002014474738));
#1769=CARTESIAN_POINT('Ctrl Pts',(7.47610317004079,1.50897341933025,-64.8554664306144));
#1770=CARTESIAN_POINT('Ctrl Pts',(7.67490305587385,1.33962606115076,-70.3090364143708));
#1771=CARTESIAN_POINT('Ctrl Pts',(7.67735816380084,1.41845235987223,-75.7808971481023));
#1772=CARTESIAN_POINT('Ctrl Pts',(7.14193379810254,0.445646141700292,-81.0089468987204));
#1773=CARTESIAN_POINT('Ctrl Pts',(6.63880217949341,-0.152146004012605,-86.3045748651323));
#1774=CARTESIAN_POINT('Ctrl Pts',(6.13566982449037,-0.749946702332021,-91.6002012903585));
#1775=CARTESIAN_POINT('Ctrl Pts',(7.54256089434811,1.57061812959895,-64.855280802487));
#1776=CARTESIAN_POINT('Ctrl Pts',(7.72865504981328,1.45216155179748,-70.3158656334803));
#1777=CARTESIAN_POINT('Ctrl Pts',(7.67237625971769,1.58661940063408,-75.793812971013));
#1778=CARTESIAN_POINT('Ctrl Pts',(7.18585885246934,0.555642758231044,-81.0159400250295));
#1779=CARTESIAN_POINT('Ctrl Pts',(6.68307167211729,-0.0706501971408786,
-86.3080713894962));
#1780=CARTESIAN_POINT('Ctrl Pts',(6.18028486289773,-0.696952381762058,-91.6002011574482));
#1781=CARTESIAN_POINT('Ctrl Pts',(7.59578017375112,1.63080351030896,-64.8551430094606));
#1782=CARTESIAN_POINT('Ctrl Pts',(7.76199004254023,1.55466099816454,-70.3209440705129));
#1783=CARTESIAN_POINT('Ctrl Pts',(7.64356459656198,1.72834014586822,-75.8025502901399));
#1784=CARTESIAN_POINT('Ctrl Pts',(7.21077642679529,0.655241127450801,-81.0211221714501));
#1785=CARTESIAN_POINT('Ctrl Pts',(6.71303642744106,0.00483499469635093,
-86.3106624244539));
#1786=CARTESIAN_POINT('Ctrl Pts',(6.2152979094705,-0.645580778021502,-91.6002010589575));
#1787=CARTESIAN_POINT('Ctrl Pts',(7.66598649314981,1.72802212494459,-64.854976177368));
#1788=CARTESIAN_POINT('Ctrl Pts',(7.79117857848221,1.70767372374066,-70.3271064836902));
#1789=CARTESIAN_POINT('Ctrl Pts',(7.57264851276511,1.92204257601024,-75.8118411021126));
#1790=CARTESIAN_POINT('Ctrl Pts',(7.22788032782477,0.802948624399035,-81.027382944571));
#1791=CARTESIAN_POINT('Ctrl Pts',(6.74382546950714,0.119912494912468,-86.3137927503738));
#1792=CARTESIAN_POINT('Ctrl Pts',(6.25977378786422,-0.563133579330979,-91.6002009399672));
#1793=CARTESIAN_POINT('Ctrl Pts',(7.72076730415755,1.83378473093958,-64.8548723252934));
#1794=CARTESIAN_POINT('Ctrl Pts',(7.78989517304216,1.85578747723348,-70.3309706779638));
#1795=CARTESIAN_POINT('Ctrl Pts',(7.4542698195396,2.08447328508734,-75.8149856195472));
#1796=CARTESIAN_POINT('Ctrl Pts',(7.2151069210032,0.94432756167273,-81.0312526196003));
#1797=CARTESIAN_POINT('Ctrl Pts',(6.75305948813818,0.234900734933981,-86.3157275207827));
#1798=CARTESIAN_POINT('Ctrl Pts',(6.29101713849065,-0.47453591479288,-91.6002008664225));
#1799=CARTESIAN_POINT('Ctrl Pts',(7.73726458920002,1.86988629091747,-64.8548451311643));
#1800=CARTESIAN_POINT('Ctrl Pts',(7.78588943582978,1.90434309707783,-70.331987745009));
#1801=CARTESIAN_POINT('Ctrl Pts',(7.4098395134697,2.13453477997353,-75.8153201298106));
#1802=CARTESIAN_POINT('Ctrl Pts',(7.20734205461364,0.990471100299755,-81.0322607939427));
#1803=CARTESIAN_POINT('Ctrl Pts',(6.75361640206811,0.27302669968425,-86.3162315849432));
#1804=CARTESIAN_POINT('Ctrl Pts',(6.29989647914866,-0.444427430420165,-91.600200847262));
#1805=CARTESIAN_POINT('Ctrl Pts',(7.75925863367368,1.92515364379368,-64.8548145328097));
#1806=CARTESIAN_POINT('Ctrl Pts',(7.77586544980987,1.97554757866286,-70.3331417538909));
#1807=CARTESIAN_POINT('Ctrl Pts',(7.33829644029213,2.20276131873128,-75.8147936066396));
#1808=CARTESIAN_POINT('Ctrl Pts',(7.19181465761355,1.05779200469898,-81.0333857230823));
#1809=CARTESIAN_POINT('Ctrl Pts',(6.75132108107399,0.329610979534298,-86.3167940135775));
#1810=CARTESIAN_POINT('Ctrl Pts',(6.31083420988777,-0.398579550908375,-91.6002008258829));
#1811=CARTESIAN_POINT('Ctrl Pts',(7.7770779310699,1.981855417563,-64.8548013661084));
#1812=CARTESIAN_POINT('Ctrl Pts',(7.75819423355097,2.04368616605349,-70.3336594113902));
#1813=CARTESIAN_POINT('Ctrl Pts',(7.25854807372509,2.25918552984635,-75.8125892475292));
#1814=CARTESIAN_POINT('Ctrl Pts',(7.16885337061201,1.12161054801235,-81.0338490867226));
#1815=CARTESIAN_POINT('Ctrl Pts',(6.74348206193814,0.384811212204812,-86.3170256579323));
#1816=CARTESIAN_POINT('Ctrl Pts',(6.31811840882891,-0.351997263690392,-91.6002008170777));
#1817=CARTESIAN_POINT('Ctrl Pts',(7.78254695392517,2.00090225167106,-64.8547988951722));
#1818=CARTESIAN_POINT('Ctrl Pts',(7.75152128100967,2.06602004824717,-70.3337618998018));
#1819=CARTESIAN_POINT('Ctrl Pts',(7.23129519661404,2.27663143888191,-75.8116743401959));
#1820=CARTESIAN_POINT('Ctrl Pts',(7.16044494723592,1.14245453725801,-81.0339307977268));
#1821=CARTESIAN_POINT('Ctrl Pts',(6.74028648546258,0.403029505304797,-86.3170665008275));
#1822=CARTESIAN_POINT('Ctrl Pts',(6.32013599013741,-0.336404529355784,-91.6002008155252));
#1823=CARTESIAN_POINT('Ctrl Pts',(7.78909869728473,2.02607575581703,-64.8547981431281));
#1824=CARTESIAN_POINT('Ctrl Pts',(7.74182601795178,2.09478577768696,-70.3338054099906));
#1825=CARTESIAN_POINT('Ctrl Pts',(7.19489829408905,2.29765650419492,-75.8102401769979));
#1826=CARTESIAN_POINT('Ctrl Pts',(7.1485128743218,1.16919681872451,-81.0339435700412));
#1827=CARTESIAN_POINT('Ctrl Pts',(6.7353725902465,0.426664980359531,-86.3170728702911));
#1828=CARTESIAN_POINT('Ctrl Pts',(6.32224067050898,-0.315875659469361,-91.6002008152831));
#1829=CARTESIAN_POINT('Ctrl Pts',(7.79481796183005,2.05145528246709,-64.854800629037));
#1830=CARTESIAN_POINT('Ctrl Pts',(7.73101712284587,2.12276622521224,-70.3337305073582));
#1831=CARTESIAN_POINT('Ctrl Pts',(7.15813853993833,2.31614758734256,-75.8085140290412));
#1832=CARTESIAN_POINT('Ctrl Pts',(7.13552997722768,1.1950617101845,-81.0338336616212));
#1833=CARTESIAN_POINT('Ctrl Pts',(6.72957461476696,0.449888128343317,-86.3170178993222));
#1834=CARTESIAN_POINT('Ctrl Pts',(6.32362799504071,-0.295294026544203,-91.6002008173726));
#1835=CARTESIAN_POINT('Ctrl Pts',(7.79613231465243,2.05750929780604,-64.8548014039198));
#1836=CARTESIAN_POINT('Ctrl Pts',(7.72838250326939,2.1293825357557,-70.3337059788358));
#1837=CARTESIAN_POINT('Ctrl Pts',(7.14937383523092,2.32040532426592,-75.8080867470206));
#1838=CARTESIAN_POINT('Ctrl Pts',(7.13238145866342,1.20116904590934,-81.0338005615655));
#1839=CARTESIAN_POINT('Ctrl Pts',(6.72814509875455,0.455393188410419,-86.3170013453028));
#1840=CARTESIAN_POINT('Ctrl Pts',(6.32391757045955,-0.290391186216698,-91.6002008180019));
#1841=CARTESIAN_POINT('Ctrl Pts',(7.79765246954551,2.06478714975368,-64.8548025526976));
#1842=CARTESIAN_POINT('Ctrl Pts',(7.7251501547449,2.13726584990191,-70.3336685338434));
#1843=CARTESIAN_POINT('Ctrl Pts',(7.13885076754976,2.32533902377592,-75.8075547231584));
#1844=CARTESIAN_POINT('Ctrl Pts',(7.12853708280682,1.20843519897402,-81.0337525518055));
#1845=CARTESIAN_POINT('Ctrl Pts',(6.72637212188044,0.461969077935089,-86.3169773356335));
#1846=CARTESIAN_POINT('Ctrl Pts',(6.32421609764209,-0.28450549129511,-91.6002008189145));
#1847=CARTESIAN_POINT('Ctrl Pts',(7.7991038886798,2.07208005056341,-64.8548039633935));
#1848=CARTESIAN_POINT('Ctrl Pts',(7.72183580762829,2.14507993826194,-70.333621500687));
#1849=CARTESIAN_POINT('Ctrl Pts',(7.12833334733072,2.33006057604133,-75.8069999953299));
#1850=CARTESIAN_POINT('Ctrl Pts',(7.12461653584693,1.2156243870982,-81.0336946279725));
#1851=CARTESIAN_POINT('Ctrl Pts',(6.72453164520928,0.468507457959048,-86.3169483689326));
#1852=CARTESIAN_POINT('Ctrl Pts',(6.32445579427012,-0.278617848251292,-91.6002008200156));
#1853=CARTESIAN_POINT('Ctrl Pts',(7.7993437707899,2.07329596781667,-64.8548042036523));
#1854=CARTESIAN_POINT('Ctrl Pts',(7.72128943834189,2.14637892408982,-70.3336135553942));
#1855=CARTESIAN_POINT('Ctrl Pts',(7.12619204924017,2.33090868031461,-75.8068994167051));
#1856=CARTESIAN_POINT('Ctrl Pts',(7.12396102220377,1.21682043575638,-81.0336846989668));
#1857=CARTESIAN_POINT('Ctrl Pts',(6.72422303282178,0.469596138863413,-86.316943403547));
#1858=CARTESIAN_POINT('Ctrl Pts',(6.32449410911177,-0.277636524716772,-91.6002008202044));
#1859=CARTESIAN_POINT('Ctrl Pts',(7.79982015210929,2.07572854903777,-64.8548047072166));
#1860=CARTESIAN_POINT('Ctrl Pts',(7.72015907763677,2.14897873090637,-70.3335964936337));
#1861=CARTESIAN_POINT('Ctrl Pts',(7.12346451340992,2.33232474575742,-75.8067269900272));
#1862=CARTESIAN_POINT('Ctrl Pts',(7.1226457991632,1.21920822368123,-81.0336642902355));
#1863=CARTESIAN_POINT('Ctrl Pts',(6.72360209296254,0.471771388118961,-86.3169331977583));
#1864=CARTESIAN_POINT('Ctrl Pts',(6.32456746880914,-0.275673787121953,-91.6002008205923));
#1865=CARTESIAN_POINT('Ctrl Pts',(7.80028843792,2.07816283909055,-64.854805231317));
#1866=CARTESIAN_POINT('Ctrl Pts',(7.71905293649293,2.15156501263869,-70.3335790072583));
#1867=CARTESIAN_POINT('Ctrl Pts',(7.11918393898439,2.33398545711778,-75.8065220860217));
#1868=CARTESIAN_POINT('Ctrl Pts',(7.12132236246234,1.22158733475194,-81.0336427828617));
#1869=CARTESIAN_POINT('Ctrl Pts',(6.72297375792301,0.473942383529616,-86.3169224423071));
#1870=CARTESIAN_POINT('Ctrl Pts',(6.32463428701919,-0.273710886240984,-91.6002008210012));
#1871=CARTESIAN_POINT('Ctrl Pts',(7.80052098354915,2.07938033391788,-64.8548055067159));
#1872=CARTESIAN_POINT('Ctrl Pts',(7.71847380891457,2.15286032648368,-70.3335695410752));
#1873=CARTESIAN_POINT('Ctrl Pts',(7.11816282156191,2.33461593119977,-75.8064404638251));
#1874=CARTESIAN_POINT('Ctrl Pts',(7.12065857419191,1.22277471709891,-81.0336317540404));
#1875=CARTESIAN_POINT('Ctrl Pts',(6.72265775035615,0.475026810588928,-86.3169169272592));
#1876=CARTESIAN_POINT('Ctrl Pts',(6.32466606037353,-0.272729399420314,-91.6002008212108));
#1877=CARTESIAN_POINT('Ctrl Pts',(7.80098211040312,2.08181615085444,-64.8548060696863));
#1878=CARTESIAN_POINT('Ctrl Pts',(7.71732105453116,2.15544520239562,-70.3335502526908));
#1879=CARTESIAN_POINT('Ctrl Pts',(7.11565750797607,2.3359499588042,-75.8062677587806));
#1880=CARTESIAN_POINT('Ctrl Pts',(7.11932695519171,1.22514510476499,-81.0336091476679));
#1881=CARTESIAN_POINT('Ctrl Pts',(6.72202207265088,0.477193509030669,-86.316905622705));
#1882=CARTESIAN_POINT('Ctrl Pts',(6.32472633485866,-0.270766361922021,-91.6002008216405));
#1883=CARTESIAN_POINT('Ctrl Pts',(7.80143556562425,2.08425356290403,-64.854806661911));
#1884=CARTESIAN_POINT('Ctrl Pts',(7.71615964704347,2.15802201057234,-70.3335298829724));
#1885=CARTESIAN_POINT('Ctrl Pts',(7.11315153931637,2.33726712529085,-75.8060934942396));
#1886=CARTESIAN_POINT('Ctrl Pts',(7.11798730175024,1.22750670233784,-81.0335854441857));
#1887=CARTESIAN_POINT('Ctrl Pts',(6.72137910490763,0.47935586731736,-86.3168937696075));
#1888=CARTESIAN_POINT('Ctrl Pts',(6.32478006352384,-0.268803214558023,-91.6002008220911));
#1889=CARTESIAN_POINT('Ctrl Pts',(7.80166037392985,2.08547266441493,-64.8548069653321));
#1890=CARTESIAN_POINT('Ctrl Pts',(7.71557679755778,2.15930838811696,-70.3335194279524));
#1891=CARTESIAN_POINT('Ctrl Pts',(7.11189841077766,2.33792148856291,-75.8060059728867));
#1892=CARTESIAN_POINT('Ctrl Pts',(7.11731548431497,1.22868529366222,-81.0335733183537));
#1893=CARTESIAN_POINT('Ctrl Pts',(6.72105580730271,0.480435954221637,-86.3168877060161));
#1894=CARTESIAN_POINT('Ctrl Pts',(6.32480529105822,-0.267821617871649,-91.6002008223216));
#1895=CARTESIAN_POINT('Ctrl Pts',(7.80366636252947,2.09644810772327,-64.8548097618578));
#1896=CARTESIAN_POINT('Ctrl Pts',(7.71031199032834,2.17086746199034,-70.3334229028559));
#1897=CARTESIAN_POINT('Ctrl Pts',(7.10061950967782,2.34377267165743,-75.8052147870975));
#1898=CARTESIAN_POINT('Ctrl Pts',(7.11125137211883,1.23927265892867,-81.0334617207244));
#1899=CARTESIAN_POINT('Ctrl Pts',(6.71812988437437,0.490146841335571,-86.3168319011489));
#1900=CARTESIAN_POINT('Ctrl Pts',(6.32501760475586,-0.258987080906449,-91.6002008244428));
#1901=CARTESIAN_POINT('Ctrl Pts',(7.80551666318839,2.10745505153317,-64.8548131496131));
#1902=CARTESIAN_POINT('Ctrl Pts',(7.70487618389325,2.18226083472287,-70.33330452259));
#1903=CARTESIAN_POINT('Ctrl Pts',(7.08933379675798,2.34928098689151,-75.8043922184113));
#1904=CARTESIAN_POINT('Ctrl Pts',(7.10502891378852,1.24967960842318,-81.0333279519357));
#1905=CARTESIAN_POINT('Ctrl Pts',(6.71505847430244,0.499768088741308,-86.316765010934));
#1906=CARTESIAN_POINT('Ctrl Pts',(6.32509728655132,-0.250151405951072,-91.6002008269855));
#1907=CARTESIAN_POINT('Ctrl Pts',(7.80703739499326,2.11726187365163,-64.8548166061803));
#1908=CARTESIAN_POINT('Ctrl Pts',(7.6999279008421,2.19226421437148,-70.33318283485));
#1909=CARTESIAN_POINT('Ctrl Pts',(7.07930992619346,2.35395929978861,-75.803637663046));
#1910=CARTESIAN_POINT('Ctrl Pts',(7.0993914884944,1.25879534493327,-81.0331923528293));
#1911=CARTESIAN_POINT('Ctrl Pts',(6.71222268115365,0.508252167718519,-86.3166972063846));
#1912=CARTESIAN_POINT('Ctrl Pts',(6.3250631616904,-0.242298868900027,-91.6002008295628));
#1913=CARTESIAN_POINT('Ctrl Pts',(7.81960907812117,2.2057227513958,-64.8548522253552));
#1914=CARTESIAN_POINT('Ctrl Pts',(7.6541595697187,2.2808165434781,-70.3319208628306));
#1915=CARTESIAN_POINT('Ctrl Pts',(6.9894343113116,2.39253897816205,-75.7966133493035));
#1916=CARTESIAN_POINT('Ctrl Pts',(7.04752159069123,1.33923246161034,-81.0318028965392));
#1917=CARTESIAN_POINT('Ctrl Pts',(6.68566136236635,0.5837898112547,-86.3160024351112));
#1918=CARTESIAN_POINT('Ctrl Pts',(6.32381071148302,-0.171659632155358,-91.6002008559726));
#1919=CARTESIAN_POINT('Ctrl Pts',(7.82203029420753,2.29576092564523,-64.8549235089326));
#1920=CARTESIAN_POINT('Ctrl Pts',(7.60039470607435,2.35852503246542,-70.3293398108693));
#1921=CARTESIAN_POINT('Ctrl Pts',(6.90301998476389,2.41285860759101,-75.7877637957654));
#1922=CARTESIAN_POINT('Ctrl Pts',(6.98853443782487,1.40791343750354,-81.0290767324033));
#1923=CARTESIAN_POINT('Ctrl Pts',(6.651287276484,0.653201799541204,-86.3146393246682));
#1924=CARTESIAN_POINT('Ctrl Pts',(6.31404975675443,-0.10151554520881,-91.6002009077873));
#1925=CARTESIAN_POINT('Ctrl Pts',(7.81604528173612,2.37609921437116,-64.8550138418884));
#1926=CARTESIAN_POINT('Ctrl Pts',(7.5473738958831,2.41834821755736,-70.3260481940334));
#1927=CARTESIAN_POINT('Ctrl Pts',(6.82884490751228,2.41688709253513,-75.7785029112891));
#1928=CARTESIAN_POINT('Ctrl Pts',(6.93168381302878,1.45892677252598,-81.0256424934256));
#1929=CARTESIAN_POINT('Ctrl Pts',(6.61529094960535,0.709108636152928,-86.3129221909541));
#1930=CARTESIAN_POINT('Ctrl Pts',(6.29890764728285,-0.0407142470658781,
-91.6002009730593));
#1931=CARTESIAN_POINT('Ctrl Pts',(7.7948366826349,2.49552034621127,-64.8551818941969));
#1932=CARTESIAN_POINT('Ctrl Pts',(7.46313970024074,2.49700446227639,-70.3199055605355));
#1933=CARTESIAN_POINT('Ctrl Pts',(6.72492453518903,2.40975428663212,-75.7630592083334));
#1934=CARTESIAN_POINT('Ctrl Pts',(6.84321136116815,1.52333334392356,-81.0192722369853));
#1935=CARTESIAN_POINT('Ctrl Pts',(6.55521378814865,0.785054644272897,-86.3097370561261));
#1936=CARTESIAN_POINT('Ctrl Pts',(6.26722548093873,0.0467725661427201,-91.6002010941331));
#1937=CARTESIAN_POINT('Ctrl Pts',(7.75560943969453,2.61119042326458,-64.8554006535576));
#1938=CARTESIAN_POINT('Ctrl Pts',(7.37374579743455,2.55457921579351,-70.3118859863197));
#1939=CARTESIAN_POINT('Ctrl Pts',(6.63571044858678,2.37633050888217,-75.7451606714078));
#1940=CARTESIAN_POINT('Ctrl Pts',(6.75228882787974,1.56527759839102,-81.0110029397751));
#1941=CARTESIAN_POINT('Ctrl Pts',(6.48787887389704,0.846177290020689,-86.3056024234496));
#1942=CARTESIAN_POINT('Ctrl Pts',(6.22347760880749,0.127074884635598,-91.6002012512994));
#1943=CARTESIAN_POINT('Ctrl Pts',(7.74054644753138,2.64920268079142,-64.8554787840089));
#1944=CARTESIAN_POINT('Ctrl Pts',(7.34360458905552,2.5715380314903,-70.309019578512));
#1945=CARTESIAN_POINT('Ctrl Pts',(6.60805393361729,2.36280703256308,-75.7389742935762));
#1946=CARTESIAN_POINT('Ctrl Pts',(6.72196726871266,1.576895656963,-81.0080516972337));
#1947=CARTESIAN_POINT('Ctrl Pts',(6.4647951269408,0.864925919508571,-86.3041268101609));
#1948=CARTESIAN_POINT('Ctrl Pts',(6.20763144821267,0.152954495798251,-91.6002013073906));
#1949=CARTESIAN_POINT('Ctrl Pts',(7.71500507813306,2.70521111896556,-64.8556031515041));
#1950=CARTESIAN_POINT('Ctrl Pts',(7.29823765354462,2.59379442053009,-70.3044538166023));
#1951=CARTESIAN_POINT('Ctrl Pts',(6.57024002320146,2.33953711906394,-75.7294115743375));
#1952=CARTESIAN_POINT('Ctrl Pts',(6.67686309434571,1.59098319190885,-81.003356910526));
#1953=CARTESIAN_POINT('Ctrl Pts',(6.42947489727392,0.890655973468474,-86.3017794326801));
#1954=CARTESIAN_POINT('Ctrl Pts',(6.18209477384411,0.190327655227455,-91.6002013966194));
#1955=CARTESIAN_POINT('Ctrl Pts',(7.68511221961025,2.75941206555143,-64.855737330708));
#1956=CARTESIAN_POINT('Ctrl Pts',(7.25318896276942,2.61151581941803,-70.2995228210029));
#1957=CARTESIAN_POINT('Ctrl Pts',(6.53907552985249,2.31316058935502,-75.7195661586155));
#1958=CARTESIAN_POINT('Ctrl Pts',(6.63294024870842,1.60037921767442,-80.9982966763146));
#1959=CARTESIAN_POINT('Ctrl Pts',(6.39352139322454,0.912883925471337,-86.2992493379474));
#1960=CARTESIAN_POINT('Ctrl Pts',(6.15411013865944,0.225388056651088,-91.6002014927937));
#1961=CARTESIAN_POINT('Ctrl Pts',(7.67466825385298,2.77726196158745,-64.855783094628));
#1962=CARTESIAN_POINT('Ctrl Pts',(7.23823906241394,2.61693226637541,-70.2978404713023));
#1963=CARTESIAN_POINT('Ctrl Pts',(6.52947270305781,2.3040997056082,-75.7162604299597));
#1964=CARTESIAN_POINT('Ctrl Pts',(6.61846467497318,1.60300760413454,-80.9965713505773));
#1965=CARTESIAN_POINT('Ctrl Pts',(6.38148923024703,0.919908966668778,-86.2983866832903));
#1966=CARTESIAN_POINT('Ctrl Pts',(6.14452121958489,0.236809918900935,-91.600201525585));
#1967=CARTESIAN_POINT('Ctrl Pts',(7.65828925913147,2.80368667867174,-64.8558532176438));
#1968=CARTESIAN_POINT('Ctrl Pts',(7.21596059110174,2.62434073708127,-70.2952617757208));
#1969=CARTESIAN_POINT('Ctrl Pts',(6.51633152713818,2.29021325590675,-75.7112767047284));
#1970=CARTESIAN_POINT('Ctrl Pts',(6.59705118511174,1.60622163585779,-80.9939285268994));
#1971=CARTESIAN_POINT('Ctrl Pts',(6.36340410114272,0.929878175417881,-86.2970652849409));
#1972=CARTESIAN_POINT('Ctrl Pts',(6.12976418666898,0.253534540610254,-91.6002015758142));
#1973=CARTESIAN_POINT('Ctrl Pts',(7.64085150936085,2.82954928613262,-64.8559254379547));
#1974=CARTESIAN_POINT('Ctrl Pts',(7.19397382612537,2.63070415658144,-70.2926045842465));
#1975=CARTESIAN_POINT('Ctrl Pts',(6.50518092448561,2.27606079496246,-75.7062724861248));
#1976=CARTESIAN_POINT('Ctrl Pts',(6.57616608255383,1.60838375447063,-80.9912080052309));
#1977=CARTESIAN_POINT('Ctrl Pts',(6.34531623763589,0.939008103919995,-86.2957050394299));
#1978=CARTESIAN_POINT('Ctrl Pts',(6.11447327641068,0.269632492163127,-91.60020162752));
#1979=CARTESIAN_POINT('Ctrl Pts',(7.63492188709622,2.83810564741559,-64.8559497378173));
#1980=CARTESIAN_POINT('Ctrl Pts',(7.18668134944668,2.63271081810382,-70.2917103708662));
#1981=CARTESIAN_POINT('Ctrl Pts',(6.50168936619681,2.27132292935951,-75.7046029900507));
#1982=CARTESIAN_POINT('Ctrl Pts',(6.56926745705064,1.60898985416827,-80.9902927846012));
#1983=CARTESIAN_POINT('Ctrl Pts',(6.33928956778636,0.941958896133456,-86.2952474344296));
#1984=CARTESIAN_POINT('Ctrl Pts',(6.10931846462619,0.274928045293464,-91.6002016449145));
#1985=CARTESIAN_POINT('Ctrl Pts',(7.6273643501643,2.84871789410722,-64.8559803874424));
#1986=CARTESIAN_POINT('Ctrl Pts',(7.17761635654762,2.63507807985415,-70.290582297336));
#1987=CARTESIAN_POINT('Ctrl Pts',(6.49761332841137,2.26538702379883,-75.7025154922206));
#1988=CARTESIAN_POINT('Ctrl Pts',(6.56072850651102,1.60960708174249,-80.9891386000163));
#1989=CARTESIAN_POINT('Ctrl Pts',(6.3317631788584,0.945532700077114,-86.2946703490434));
#1990=CARTESIAN_POINT('Ctrl Pts',(6.10280451243467,0.281458507629146,-91.6002016668508));
#1991=CARTESIAN_POINT('Ctrl Pts',(7.61962596148478,2.8592229140741,-64.8560113702249));
#1992=CARTESIAN_POINT('Ctrl Pts',(7.16862103673727,2.63727156065457,-70.2894417146638));
#1993=CARTESIAN_POINT('Ctrl Pts',(6.49390338125218,2.25944820473843,-75.7004284913506));
#1994=CARTESIAN_POINT('Ctrl Pts',(6.55230186497848,1.61005241420698,-80.9879721123049));
#1995=CARTESIAN_POINT('Ctrl Pts',(6.32425009656255,0.948964396066242,-86.294087112427));
#1996=CARTESIAN_POINT('Ctrl Pts',(6.09620486097041,0.28787664463232,-91.6002016890209));
#1997=CARTESIAN_POINT('Ctrl Pts',(7.61807104159541,2.86131958206301,-64.8560175777885));
#1998=CARTESIAN_POINT('Ctrl Pts',(7.16682620736449,2.63770443678898,-70.2892132678427));
#1999=CARTESIAN_POINT('Ctrl Pts',(6.49311118314218,2.25820858865305,-75.7000033199449));
#2000=CARTESIAN_POINT('Ctrl Pts',(6.55062109946092,1.61013464209062,-80.9877383267693));
#2001=CARTESIAN_POINT('Ctrl Pts',(6.32274805858016,0.949645063445362,-86.2939702210314));
#2002=CARTESIAN_POINT('Ctrl Pts',(6.09488152618218,0.289155768004795,-91.6002016934642));
#2003=CARTESIAN_POINT('Ctrl Pts',(7.61494684902114,2.86550426995183,-64.8560300280171));
#2004=CARTESIAN_POINT('Ctrl Pts',(7.16323684576496,2.63855196628336,-70.2887547231788));
#2005=CARTESIAN_POINT('Ctrl Pts',(6.49181592199747,2.25593716474878,-75.6991842802611));
#2006=CARTESIAN_POINT('Ctrl Pts',(6.54726882319765,1.61028548568933,-80.9872697865508));
#2007=CARTESIAN_POINT('Ctrl Pts',(6.31974523212351,0.950995079813251,-86.2937359540494));
#2008=CARTESIAN_POINT('Ctrl Pts',(6.09222809464967,0.291704985035504,-91.6002017023691));
#2009=CARTESIAN_POINT('Ctrl Pts',(7.61179377205291,2.86967135593562,-64.8560425214458));
#2010=CARTESIAN_POINT('Ctrl Pts',(7.15966493769437,2.63937642003179,-70.2882948873943));
#2011=CARTESIAN_POINT('Ctrl Pts',(6.49032026596751,2.25345942995716,-75.6983342545805));
#2012=CARTESIAN_POINT('Ctrl Pts',(6.54393535074714,1.61040926369129,-80.9867993259887));
#2013=CARTESIAN_POINT('Ctrl Pts',(6.31674509004625,0.952322510388411,-86.2935007265933));
#2014=CARTESIAN_POINT('Ctrl Pts',(6.0895612334299,0.294236100063252,-91.6002017113107));
#2015=CARTESIAN_POINT('Ctrl Pts',(7.61020998516979,2.87175043705904,-64.8560487744515));
#2016=CARTESIAN_POINT('Ctrl Pts',(7.15788625567123,2.63978509144786,-70.2880649811624));
#2017=CARTESIAN_POINT('Ctrl Pts',(6.48938895474072,2.25206647077119,-75.6978859928147));
#2018=CARTESIAN_POINT('Ctrl Pts',(6.54227338764471,1.61046442477015,-80.9865636199293));
#2019=CARTESIAN_POINT('Ctrl Pts',(6.31524573644327,0.95298059197482,-86.2933828747236));
#2020=CARTESIAN_POINT('Ctrl Pts',(6.08822446895442,0.295497121432765,-91.6002017157904));
#2021=CARTESIAN_POINT('Ctrl Pts',(7.60543757499607,2.87797471713763,-64.856067630327));
#2022=CARTESIAN_POINT('Ctrl Pts',(7.15252240906575,2.64096154797176,-70.2873694313306));
#2023=CARTESIAN_POINT('Ctrl Pts',(6.48838167772348,2.24925397905721,-75.6967472456141));
#2024=CARTESIAN_POINT('Ctrl Pts',(6.53730197205247,1.61060979113751,-80.9858550799882));
#2025=CARTESIAN_POINT('Ctrl Pts',(6.3107499671556,0.954937974243043,-86.2930286106204));
#2026=CARTESIAN_POINT('Ctrl Pts',(6.08420424471642,0.299266545733386,-91.6002017292568));
#2027=CARTESIAN_POINT('Ctrl Pts',(7.60060060690646,2.88415864463741,-64.8560865989332));
#2028=CARTESIAN_POINT('Ctrl Pts',(7.14718885493801,2.6420775498671,-70.2866697022131));
#2029=CARTESIAN_POINT('Ctrl Pts',(6.48742802336119,2.24641371266324,-75.6956036526394));
#2030=CARTESIAN_POINT('Ctrl Pts',(6.53237472235463,1.61069522738031,-80.9851423245522));
#2031=CARTESIAN_POINT('Ctrl Pts',(6.30626149062464,0.956844885980908,-86.2926722388267));
#2032=CARTESIAN_POINT('Ctrl Pts',(6.08015444072275,0.302994958148773,-91.6002017428032));
#2033=CARTESIAN_POINT('Ctrl Pts',(7.59734738611879,2.88826278276344,-64.8560992920607));
#2034=CARTESIAN_POINT('Ctrl Pts',(7.14364611904913,2.64280550760352,-70.2862014706667));
#2035=CARTESIAN_POINT('Ctrl Pts',(6.48680472030087,2.24452464233441,-75.6948381477033));
#2036=CARTESIAN_POINT('Ctrl Pts',(6.52910882725332,1.61073662326275,-80.9846653709146));
#2037=CARTESIAN_POINT('Ctrl Pts',(6.30327216295377,0.95809922493012,-86.2924337659694));
#2038=CARTESIAN_POINT('Ctrl Pts',(6.07744161390724,0.305462256528214,-91.6002017518681));
#2039=CARTESIAN_POINT('Ctrl Pts',(7.56781120273513,2.92503912952072,-64.8562139990647));
#2040=CARTESIAN_POINT('Ctrl Pts',(7.1119098699273,2.64892842473459,-70.2819698156165));
#2041=CARTESIAN_POINT('Ctrl Pts',(6.48164797875399,2.22711976390013,-75.6879461911557));
#2042=CARTESIAN_POINT('Ctrl Pts',(6.49992484866224,1.6106805859562,-80.9803554412412));
#2043=CARTESIAN_POINT('Ctrl Pts',(6.27641529780395,0.969091228824654,-86.2902788372204));
#2044=CARTESIAN_POINT('Ctrl Pts',(6.05291126115482,0.327502445316457,-91.6002018337815));
#2045=CARTESIAN_POINT('Ctrl Pts',(7.53597494187379,2.96027662491313,-64.8563324056506));
#2046=CARTESIAN_POINT('Ctrl Pts',(7.08130653355175,2.65378761585863,-70.2776020060813));
#2047=CARTESIAN_POINT('Ctrl Pts',(6.47765402030806,2.21011942323246,-75.6808012934841));
#2048=CARTESIAN_POINT('Ctrl Pts',(6.47236500046144,1.60941129176312,-80.9759061848742));
#2049=CARTESIAN_POINT('Ctrl Pts',(6.24986107821158,0.978728771531787,-86.2880542459474));
#2050=CARTESIAN_POINT('Ctrl Pts',(6.02736210978726,0.348046934941008,-91.6002019183429));
#2051=CARTESIAN_POINT('Ctrl Pts',(7.50591351022278,2.99025045937876,-64.8564399854618));
#2052=CARTESIAN_POINT('Ctrl Pts',(7.05494949866341,2.65721505323591,-70.2736338932939));
#2053=CARTESIAN_POINT('Ctrl Pts',(6.47509909685889,2.19544913149904,-75.6742800388717));
#2054=CARTESIAN_POINT('Ctrl Pts',(6.44912145254985,1.60746720851497,-80.9718634458219));
#2055=CARTESIAN_POINT('Ctrl Pts',(6.22653054181648,0.98627715291662,-86.2860329096268));
#2056=CARTESIAN_POINT('Ctrl Pts',(6.00394411506348,0.36508785470412,-91.6002019951783));
#2057=CARTESIAN_POINT('Ctrl Pts',(7.45827168760582,3.03298786819881,-64.8566039498756));
#2058=CARTESIAN_POINT('Ctrl Pts',(7.01662103857402,2.66118301692943,-70.2675869331271));
#2059=CARTESIAN_POINT('Ctrl Pts',(6.47288146452482,2.17397980889035,-75.6642550035976));
#2060=CARTESIAN_POINT('Ctrl Pts',(6.41610187411258,1.60354756033156,-80.9657009324001));
#2061=CARTESIAN_POINT('Ctrl Pts',(6.1920013418043,0.996162070506112,-86.2829517025697));
#2062=CARTESIAN_POINT('Ctrl Pts',(5.96790462543023,0.38877742347219,-91.6002021123015));
#2063=CARTESIAN_POINT('Ctrl Pts',(7.40696449733001,3.07208628503087,-64.8567704775679));
#2064=CARTESIAN_POINT('Ctrl Pts',(6.98002823044879,2.66362036916264,-70.2614466889453));
#2065=CARTESIAN_POINT('Ctrl Pts',(6.4732978280499,2.15381102085051,-75.6539560579017));
#2066=CARTESIAN_POINT('Ctrl Pts',(6.38580763918415,1.59846132634277,-80.9594408529277));
#2067=CARTESIAN_POINT('Ctrl Pts',(6.15826087253717,1.00404233476649,-86.2798217119599));
#2068=CARTESIAN_POINT('Ctrl Pts',(5.93071730002921,0.409624234235188,-91.600202231279));
#2069=CARTESIAN_POINT('Ctrl Pts',(7.38946366120976,3.08469783554846,-64.8568261933423));
#2070=CARTESIAN_POINT('Ctrl Pts',(6.96802063924594,2.66427811149096,-70.2593926264482));
#2071=CARTESIAN_POINT('Ctrl Pts',(6.47367878454368,2.14713689883048,-75.6504820332242));
#2072=CARTESIAN_POINT('Ctrl Pts',(6.37600997426043,1.59665511379963,-80.9573460995225));
#2073=CARTESIAN_POINT('Ctrl Pts',(6.14710662085724,1.00645478517236,-86.2787743513793));
#2074=CARTESIAN_POINT('Ctrl Pts',(5.91820626039654,0.416255362395058,-91.6002022710914));
#2075=CARTESIAN_POINT('Ctrl Pts',(7.35368388241611,3.10904468210478,-64.8569379153059));
#2076=CARTESIAN_POINT('Ctrl Pts',(6.94437124844213,2.66529454573911,-70.2552734319009));
#2077=CARTESIAN_POINT('Ctrl Pts',(6.47527316640137,2.1346417071324,-75.6435499249592));
#2078=CARTESIAN_POINT('Ctrl Pts',(6.35701120179333,1.59285917026761,-80.9531460303458));
#2079=CARTESIAN_POINT('Ctrl Pts',(6.12499333237397,1.01086889615811,-86.2766743494976));
#2080=CARTESIAN_POINT('Ctrl Pts',(5.89297805727705,0.428879539051557,-91.600202350917));
#2081=CARTESIAN_POINT('Ctrl Pts',(7.31638705334717,3.13157038153424,-64.8570498711812));
#2082=CARTESIAN_POINT('Ctrl Pts',(6.92145563228706,2.66579382387595,-70.2511468416522));
#2083=CARTESIAN_POINT('Ctrl Pts',(6.4778864007739,2.12252210600934,-75.6364880225012));
#2084=CARTESIAN_POINT('Ctrl Pts',(6.33919797766032,1.58877332267863,-80.9489359608545));
#2085=CARTESIAN_POINT('Ctrl Pts',(6.10329075493076,1.01449891004258,-86.2745693462447));
#2086=CARTESIAN_POINT('Ctrl Pts',(5.86738574937677,0.440225421655939,-91.6002024309326));
#2087=CARTESIAN_POINT('Ctrl Pts',(7.29736896661497,3.14236015978594,-64.857105392792));
#2088=CARTESIAN_POINT('Ctrl Pts',(6.91018932507472,2.66595629470859,-70.2491009843649));
#2089=CARTESIAN_POINT('Ctrl Pts',(6.47928710696224,2.11637160680891,-75.6329278642553));
#2090=CARTESIAN_POINT('Ctrl Pts',(6.33059327179538,1.58670185098772,-80.9468474791504));
#2091=CARTESIAN_POINT('Ctrl Pts',(6.09255091946629,1.01613958683406,-86.2735251203655));
#2092=CARTESIAN_POINT('Ctrl Pts',(5.85451060482248,0.44557825529525,-91.6002024706258));
#2093=CARTESIAN_POINT('Ctrl Pts',(7.23923914102819,3.17326585446208,-64.8572743922939));
#2094=CARTESIAN_POINT('Ctrl Pts',(6.87684222155612,2.66591928977031,-70.2428705241238));
#2095=CARTESIAN_POINT('Ctrl Pts',(6.48601298987927,2.10124797696528,-75.6223892553451));
#2096=CARTESIAN_POINT('Ctrl Pts',(6.30561314541284,1.58023837747475,-80.940493571372));
#2097=CARTESIAN_POINT('Ctrl Pts',(6.06064774010995,1.02045721089949,-86.2703482153664));
#2098=CARTESIAN_POINT('Ctrl Pts',(5.81568380729026,0.460676928563549,-91.6002025913867));
#2099=CARTESIAN_POINT('Ctrl Pts',(7.17797317531747,3.19960522930792,-64.8574380404665));
#2100=CARTESIAN_POINT('Ctrl Pts',(6.84515463309338,2.66527008858538,-70.2368395728733));
#2101=CARTESIAN_POINT('Ctrl Pts',(6.49479085867314,2.08821389827958,-75.6119757742734));
#2102=CARTESIAN_POINT('Ctrl Pts',(6.28332205093263,1.57387086824645,-80.9343386754047));
#2103=CARTESIAN_POINT('Ctrl Pts',(6.02983922807182,1.02338686770115,-86.2672708124045));
#2104=CARTESIAN_POINT('Ctrl Pts',(5.77635736338298,0.472903691396941,-91.6002027083653));
#2105=CARTESIAN_POINT('Ctrl Pts',(7.13582769138087,3.21499630592427,-64.8575463624134));
#2106=CARTESIAN_POINT('Ctrl Pts',(6.82454335886698,2.66470921587541,-70.2328489923266));
#2107=CARTESIAN_POINT('Ctrl Pts',(6.50131388767958,2.08063685435204,-75.6049491986689));
#2108=CARTESIAN_POINT('Ctrl Pts',(6.26943416600118,1.56986973112627,-80.9302632292777));
#2109=CARTESIAN_POINT('Ctrl Pts',(6.00972202395004,1.02482707647625,-86.2652331176545));
#2110=CARTESIAN_POINT('Ctrl Pts',(5.75001051664541,0.479785203521213,-91.6002027858224));
#2111=CARTESIAN_POINT('Ctrl Pts',(7.07080276813703,3.23462148672931,-64.8577058384044));
#2112=CARTESIAN_POINT('Ctrl Pts',(6.79425599026646,2.66381727211522,-70.2269761355879));
#2113=CARTESIAN_POINT('Ctrl Pts',(6.51213201112961,2.07106376583158,-75.5943943242011));
#2114=CARTESIAN_POINT('Ctrl Pts',(6.24992046264883,1.56446640985088,-80.92426099241));
#2115=CARTESIAN_POINT('Ctrl Pts',(5.98017482817151,1.02634753993366,-86.2622320385682));
#2116=CARTESIAN_POINT('Ctrl Pts',(5.71042936551748,0.488229388899462,-91.6002028998997));
#2117=CARTESIAN_POINT('Ctrl Pts',(7.003315466348,3.24873378727434,-64.8578675904358));
#2118=CARTESIAN_POINT('Ctrl Pts',(6.76430874712134,2.66322132309411,-70.221024017216));
#2119=CARTESIAN_POINT('Ctrl Pts',(6.52371306552989,2.06469780822681,-75.5832613526747));
#2120=CARTESIAN_POINT('Ctrl Pts',(6.23175471071861,1.56048424196393,-80.9181686173977));
#2121=CARTESIAN_POINT('Ctrl Pts',(5.95134742669167,1.02720138657474,-86.2591858862158));
#2122=CARTESIAN_POINT('Ctrl Pts',(5.67093987923321,0.493919194140301,-91.6002030156904));
#2123=CARTESIAN_POINT('Ctrl Pts',(6.98056017127284,3.25280773482105,-64.8579219837643));
#2124=CARTESIAN_POINT('Ctrl Pts',(6.75431915535473,2.66306859040829,-70.2190230027971));
#2125=CARTESIAN_POINT('Ctrl Pts',(6.52759094270137,2.06294523790307,-75.5794669127748));
#2126=CARTESIAN_POINT('Ctrl Pts',(6.22580255774205,1.55933600081918,-80.9161193672441));
#2127=CARTESIAN_POINT('Ctrl Pts',(5.94180001580843,1.02742429746711,-86.2581612723965));
#2128=CARTESIAN_POINT('Ctrl Pts',(5.65779706825355,0.495513239580801,-91.6002030546381));
#2129=CARTESIAN_POINT('Ctrl Pts',(6.94605931973749,3.25794670276981,-64.8580046173289));
#2130=CARTESIAN_POINT('Ctrl Pts',(6.73927485188452,2.6629340980438,-70.2159839517313));
#2131=CARTESIAN_POINT('Ctrl Pts',(6.53337010613321,2.06090299660235,-75.5736216358435));
#2132=CARTESIAN_POINT('Ctrl Pts',(6.21697717842958,1.55792102361932,-80.9130053298655));
#2133=CARTESIAN_POINT('Ctrl Pts',(5.92755286790485,1.02768853396474,-86.2566042699104));
#2134=CARTESIAN_POINT('Ctrl Pts',(5.63812794233733,0.497456665784103,-91.6002031138231));
#2135=CARTESIAN_POINT('Ctrl Pts',(6.91104089091633,3.26158783257308,-64.8580893219883));
#2136=CARTESIAN_POINT('Ctrl Pts',(6.72402860348932,2.66296567302103,-70.2128700893727));
#2137=CARTESIAN_POINT('Ctrl Pts',(6.53891667049639,2.05975986926003,-75.5675024102383));
#2138=CARTESIAN_POINT('Ctrl Pts',(6.20818800055803,1.55701092522106,-80.9098119095071));
#2139=CARTESIAN_POINT('Ctrl Pts',(5.91336793675377,1.02787482296832,-86.2550075749227));
#2140=CARTESIAN_POINT('Ctrl Pts',(5.61854705402222,0.498739322499017,-91.6002031745168));
#2141=CARTESIAN_POINT('Ctrl Pts',(6.88758409070831,3.26367800050125,-64.8581463099183));
#2142=CARTESIAN_POINT('Ctrl Pts',(6.71380613148453,2.6630250178334,-70.2107754357511));
#2143=CARTESIAN_POINT('Ctrl Pts',(6.54254110834546,2.05919705519747,-75.5633570829084));
#2144=CARTESIAN_POINT('Ctrl Pts',(6.20232246976699,1.55651992633247,-80.9076631303673));
#2145=CARTESIAN_POINT('Ctrl Pts',(5.90391922467163,1.02798405704911,-86.2539331952573));
#2146=CARTESIAN_POINT('Ctrl Pts',(5.6055150259394,0.499448777497661,-91.6002032153563));
#2147=CARTESIAN_POINT('Ctrl Pts',(6.86391265172738,3.26508478699727,-64.8582044481827));
#2148=CARTESIAN_POINT('Ctrl Pts',(6.70344308458188,2.66316577846341,-70.2086391164204));
#2149=CARTESIAN_POINT('Ctrl Pts',(6.54598167502655,2.05903595413523,-75.5590702729127));
#2150=CARTESIAN_POINT('Ctrl Pts',(6.19641940273552,1.55626964266826,-80.9054703718009));
#2151=CARTESIAN_POINT('Ctrl Pts',(5.8944758606712,1.02806926427012,-86.2528368254355));
#2152=CARTESIAN_POINT('Ctrl Pts',(5.59253123261976,0.499869465918519,-91.6002032570316));
#2153=CARTESIAN_POINT('Ctrl Pts',(6.84004250209588,3.26579053436977,-64.858263966954));
#2154=CARTESIAN_POINT('Ctrl Pts',(6.6928833908312,2.66339226134123,-70.2064527032177));
#2155=CARTESIAN_POINT('Ctrl Pts',(6.54914666066351,2.05927194010084,-75.5546222279944));
#2156=CARTESIAN_POINT('Ctrl Pts',(6.19041944357119,1.55627321988354,-80.9032249234605));
#2157=CARTESIAN_POINT('Ctrl Pts',(5.88501245635989,1.0281397034005,-86.2517141102901));
#2158=CARTESIAN_POINT('Ctrl Pts',(5.57960425313371,0.500006760138688,-91.6002032997084));
#2159=CARTESIAN_POINT('Ctrl Pts',(6.82805978142013,3.26592448312118,-64.8582894292076));
#2160=CARTESIAN_POINT('Ctrl Pts',(6.68754706812745,2.6650497849676,-70.2055174622513));
#2161=CARTESIAN_POINT('Ctrl Pts',(6.55064813265074,2.06262559604711,-75.5527089180461));
#2162=CARTESIAN_POINT('Ctrl Pts',(6.18738747960875,1.55790438941552,-80.9022642068682));
#2163=CARTESIAN_POINT('Ctrl Pts',(5.88027238084995,1.02895453790755,-86.2512337557388));
#2164=CARTESIAN_POINT('Ctrl Pts',(5.57315600164226,0.500005238955187,-91.6002033179677));
#2165=CARTESIAN_POINT('Ctrl Pts',(6.81463399415438,3.26596618708272,-64.858328747698));
#2166=CARTESIAN_POINT('Ctrl Pts',(6.68151940930332,2.66351833578721,-70.2040735127561));
#2167=CARTESIAN_POINT('Ctrl Pts',(6.55221975111567,2.05945844851236,-75.5497320973728));
#2168=CARTESIAN_POINT('Ctrl Pts',(6.18395870858242,1.55629911071024,-80.9007804469029));
#2169=CARTESIAN_POINT('Ctrl Pts',(5.8749683745497,1.02811234737344,-86.2504918812907));
#2170=CARTESIAN_POINT('Ctrl Pts',(5.56597668879621,0.499926154809149,-91.6002033461679));
#2171=CARTESIAN_POINT('Ctrl Pts',(6.81323643928802,3.26597149277211,-64.8583329721493));
#2172=CARTESIAN_POINT('Ctrl Pts',(6.68089167710011,2.66332030101754,-70.2039183742324));
#2173=CARTESIAN_POINT('Ctrl Pts',(6.55238263289817,2.05904748621899,-75.5494120672202));
#2174=CARTESIAN_POINT('Ctrl Pts',(6.18360153019164,1.55609231218119,-80.9006210269486));
#2175=CARTESIAN_POINT('Ctrl Pts',(5.87441616295102,1.0280048145589,-86.250412171906));
#2176=CARTESIAN_POINT('Ctrl Pts',(5.56522943657708,0.499917890101413,-91.6002033491979));
#2177=CARTESIAN_POINT('Ctrl Pts',(6.81190189833983,3.26596027337852,-64.8583369052011));
#2178=CARTESIAN_POINT('Ctrl Pts',(6.67794701868774,2.6637258577814,-70.2037739290792));
#2179=CARTESIAN_POINT('Ctrl Pts',(6.5477714791921,2.05988735882283,-75.5491148600917));
#2180=CARTESIAN_POINT('Ctrl Pts',(6.18086364485326,1.55650590332349,-80.9004726114873));
#2181=CARTESIAN_POINT('Ctrl Pts',(5.87267362755698,1.028207457537,-86.2503379647353));
#2182=CARTESIAN_POINT('Ctrl Pts',(5.56448227114909,0.499909580004453,-91.6002033520187));
#2183=CARTESIAN_POINT('Ctrl Pts',(6.45947338470337,3.26578241242005,-64.8593836138899));
#2184=CARTESIAN_POINT('Ctrl Pts',(6.31952583309489,2.66778788403774,-70.1653338013328));
#2185=CARTESIAN_POINT('Ctrl Pts',(6.18210719777499,2.06831274879031,-75.4698998376939));
#2186=CARTESIAN_POINT('Ctrl Pts',(5.88628178792653,1.55986041690645,-80.860973348962));
#2187=CARTESIAN_POINT('Ctrl Pts',(5.62974675680425,1.02881772284585,-86.2305884811616));
#2188=CARTESIAN_POINT('Ctrl Pts',(5.37321082963023,0.497775543978401,-91.6002041027385));
#2189=CARTESIAN_POINT('Ctrl Pts',(6.10227174229394,3.25999844387037,-64.8606026556828));
#2190=CARTESIAN_POINT('Ctrl Pts',(5.95630917576895,2.66686628692734,-70.1205646880237));
#2191=CARTESIAN_POINT('Ctrl Pts',(5.8115764483489,2.07244859243818,-75.3776513812035));
#2192=CARTESIAN_POINT('Ctrl Pts',(5.58987701677738,1.55959387519446,-80.8149709068121));
#2193=CARTESIAN_POINT('Ctrl Pts',(5.38726853683059,1.02651689477517,-86.207587432189));
#2194=CARTESIAN_POINT('Ctrl Pts',(5.18465962149781,0.493440375542426,-91.6002049770572));
#2195=CARTESIAN_POINT('Ctrl Pts',(5.74222760906228,3.24838674691306,-64.8619728232489));
#2196=CARTESIAN_POINT('Ctrl Pts',(5.59033850018507,2.66068039404644,-70.0702454287329));
#2197=CARTESIAN_POINT('Ctrl Pts',(5.43834035275491,2.0719488376312,-75.2739739566027));
#2198=CARTESIAN_POINT('Ctrl Pts',(5.29308970616382,1.55556050801964,-80.7632655730034));
#2199=CARTESIAN_POINT('Ctrl Pts',(5.14616479542149,1.02129256203973,-86.1817349588023));
#2200=CARTESIAN_POINT('Ctrl Pts',(4.99923992286223,0.487025023820196,-91.6002059597647));
#2201=CARTESIAN_POINT('Ctrl Pts',(5.01333327162498,3.21294572105139,-64.8650006555501));
#2202=CARTESIAN_POINT('Ctrl Pts',(4.84987267181434,2.63720883274752,-69.9590484760635));
#2203=CARTESIAN_POINT('Ctrl Pts',(4.68353734712487,2.06109176461637,-75.0448771408329));
#2204=CARTESIAN_POINT('Ctrl Pts',(4.69587574789328,1.53964095112148,-80.649005895892));
#2205=CARTESIAN_POINT('Ctrl Pts',(4.66388588232007,1.00487404925474,-86.1246055480237));
#2206=CARTESIAN_POINT('Ctrl Pts',(4.63189702769209,0.470107451072969,-91.6002081313749));
#2207=CARTESIAN_POINT('Ctrl Pts',(4.27201297626226,3.15247527848658,-64.8685331981241));
#2208=CARTESIAN_POINT('Ctrl Pts',(4.09794168269016,2.59076389745194,-69.8293158388575));
#2209=CARTESIAN_POINT('Ctrl Pts',(3.9180795943064,2.02954867652098,-74.7776138011876));
#2210=CARTESIAN_POINT('Ctrl Pts',(4.09506950723936,1.50757319491746,-80.5157004660506));
#2211=CARTESIAN_POINT('Ctrl Pts',(4.18350147229157,0.976418828421143,-86.0579533324277));
#2212=CARTESIAN_POINT('Ctrl Pts',(4.27193545698591,0.445264671257009,-91.6002106649673));
#2213=CARTESIAN_POINT('Ctrl Pts',(3.89811132820196,3.11573838979399,-64.8704143170168));
#2214=CARTESIAN_POINT('Ctrl Pts',(3.71905363042493,2.56153428139128,-69.7602317194143));
#2215=CARTESIAN_POINT('Ctrl Pts',(3.53270965657995,2.00829999290501,-74.6352951279472));
#2216=CARTESIAN_POINT('Ctrl Pts',(3.79352170084587,1.48734333934131,-80.4447138380266));
#2217=CARTESIAN_POINT('Ctrl Pts',(3.94335071732531,0.959113519596973,-86.0224602843349));
#2218=CARTESIAN_POINT('Ctrl Pts',(4.09318226487065,0.430883865723099,-91.6002120141334));
#2219=CARTESIAN_POINT('Ctrl Pts',(2.77081031839879,2.98591667995265,-64.876346013057));
#2220=CARTESIAN_POINT('Ctrl Pts',(2.57804575524464,2.45556624200271,-69.5423897906178));
#2221=CARTESIAN_POINT('Ctrl Pts',(2.37342320066029,1.92787505911532,-74.1865528291543));
#2222=CARTESIAN_POINT('Ctrl Pts',(2.88835093333866,1.41392391763243,-80.2208733662364));
#2223=CARTESIAN_POINT('Ctrl Pts',(3.22462235721373,0.89798516889294,-85.9105408872739));
#2224=CARTESIAN_POINT('Ctrl Pts',(3.56089785550364,0.382046465481597,-91.6002162684275));
#2225=CARTESIAN_POINT('Ctrl Pts',(1.63299077765822,2.79701451405586,-64.883005187434));
#2226=CARTESIAN_POINT('Ctrl Pts',(1.43107027993511,2.29420338283786,-69.2978310304237));
#2227=CARTESIAN_POINT('Ctrl Pts',(1.21248327905774,1.79599558619667,-73.6827889006498));
#2228=CARTESIAN_POINT('Ctrl Pts',(1.98534414707448,1.30190846571582,-79.9695806667738));
#2229=CARTESIAN_POINT('Ctrl Pts',(2.51187786534882,0.809103169862515,-85.7848954794013));
#2230=CARTESIAN_POINT('Ctrl Pts',(3.03841720133137,0.316297844774461,-91.6002210444763));
#2231=CARTESIAN_POINT('Ctrl Pts',(0.875349371591528,2.64459730204716,-64.8875954406151));
#2232=CARTESIAN_POINT('Ctrl Pts',(0.669794617188784,2.16167912335472,-69.1292536843801));
#2233=CARTESIAN_POINT('Ctrl Pts',(0.444396175591815,1.68458411418051,-73.3355284162585));
#2234=CARTESIAN_POINT('Ctrl Pts',(1.38737508712256,1.20989338936586,-79.7963613276779));
#2235=CARTESIAN_POINT('Ctrl Pts',(2.03996823150939,0.737498599209858,-85.6982864589812));
#2236=CARTESIAN_POINT('Ctrl Pts',(2.69256799840019,0.265103756691024,-91.6002243366691));
#2237=CARTESIAN_POINT('Ctrl Pts',(-0.250325962426243,2.37754897000816,-64.8947499008765));
#2238=CARTESIAN_POINT('Ctrl Pts',(-0.45541546261079,1.9255464862915,-68.8665058802161));
#2239=CARTESIAN_POINT('Ctrl Pts',(-0.685077541163959,1.48102489283813,-72.79426127325));
#2240=CARTESIAN_POINT('Ctrl Pts',(0.503466537692557,1.0453296512213,-79.5263779975718));
#2241=CARTESIAN_POINT('Ctrl Pts',(1.33929327187009,0.6112060116756,-85.5632958054491));
#2242=CARTESIAN_POINT('Ctrl Pts',(2.17512805007845,0.177082336285503,-91.6002294679506));
#2243=CARTESIAN_POINT('Ctrl Pts',(-1.34410851216689,2.05723966917735,-64.9016935701839));
#2244=CARTESIAN_POINT('Ctrl Pts',(-1.54000817617569,1.63833146003839,-68.6115002077112));
#2245=CARTESIAN_POINT('Ctrl Pts',(-1.76468404694361,1.22775825564914,-72.2688638682452));
#2246=CARTESIAN_POINT('Ctrl Pts',(-0.352653372918616,0.843783140861776,
-79.2643483403336));
#2247=CARTESIAN_POINT('Ctrl Pts',(0.652111305860422,0.457533064967924,-85.432281957686));
#2248=CARTESIAN_POINT('Ctrl Pts',(1.65688527270063,0.0712830409535453,-91.6002344480653));
#2249=CARTESIAN_POINT('Ctrl Pts',(-1.70456240477782,1.94497840745141,-64.9039668534887));
#2250=CARTESIAN_POINT('Ctrl Pts',(-1.8962868413118,1.53740090648295,-68.5280141589432));
#2251=CARTESIAN_POINT('Ctrl Pts',(-2.1181141692116,1.13835489126984,-72.0968459336276));
#2252=CARTESIAN_POINT('Ctrl Pts',(-0.634480202571369,0.772801085600236,
-79.1785625358594));
#2253=CARTESIAN_POINT('Ctrl Pts',(0.424721190558176,0.403413596306792,-85.3893893764769));
#2254=CARTESIAN_POINT('Ctrl Pts',(1.48393226324793,0.0340261944407585,-91.6002360785034));
#2255=CARTESIAN_POINT('Ctrl Pts',(-2.41616564140498,1.71030867590555,-64.9083951700087));
#2256=CARTESIAN_POINT('Ctrl Pts',(-2.59703062035468,1.32610558956216,-68.3653849559733));
#2257=CARTESIAN_POINT('Ctrl Pts',(-2.8104708290132,0.950653218322807,-71.7617415908168));
#2258=CARTESIAN_POINT('Ctrl Pts',(-1.19027170814271,0.623803429804528,-79.0114531024723));
#2259=CARTESIAN_POINT('Ctrl Pts',(-0.0265079723045279,0.289599267445994,
-85.3058352849583));
#2260=CARTESIAN_POINT('Ctrl Pts',(1.13726617294635,-0.0446047271928433,
-91.6002392545719));
#2261=CARTESIAN_POINT('Ctrl Pts',(-3.10744781951061,1.45697773406849,-64.912515578694));
#2262=CARTESIAN_POINT('Ctrl Pts',(-3.27186511763371,1.09780391071269,-68.2140639629995));
#2263=CARTESIAN_POINT('Ctrl Pts',(-3.47090468923263,0.747259088326262,-71.4499052188336));
#2264=CARTESIAN_POINT('Ctrl Pts',(-1.7290922100004,0.46176653220142,-78.8559627129096));
#2265=CARTESIAN_POINT('Ctrl Pts',(-0.470473101888043,0.16490903439387,-85.2280906715223));
#2266=CARTESIAN_POINT('Ctrl Pts',(0.788157025876606,-0.131948204229494,
-91.6002422098098));
#2267=CARTESIAN_POINT('Ctrl Pts',(-3.4475806661288,1.32605635078356,-64.9144385094567));
#2268=CARTESIAN_POINT('Ctrl Pts',(-3.60223402612928,0.979826918111211,-68.1434448877815));
#2269=CARTESIAN_POINT('Ctrl Pts',(-3.79241244871897,0.642089661888978,-71.3043682479085));
#2270=CARTESIAN_POINT('Ctrl Pts',(-1.99394757764285,0.377704242053213,-78.7833976807363));
#2271=CARTESIAN_POINT('Ctrl Pts',(-0.690598954779949,0.0998931652531869,
-85.191808426654));
#2272=CARTESIAN_POINT('Ctrl Pts',(0.612760959647024,-0.177917605366223,
-91.600243588975));
#2273=CARTESIAN_POINT('Ctrl Pts',(-4.11614180531405,1.05649265151371,-64.9182287882392));
#2274=CARTESIAN_POINT('Ctrl Pts',(-4.24790490524557,0.7373729338179,-68.0042482089919));
#2275=CARTESIAN_POINT('Ctrl Pts',(-4.416717534279,0.426277787737113,-71.0174812379916));
#2276=CARTESIAN_POINT('Ctrl Pts',(-2.51407380585512,0.204199561266171,-78.6403649170973));
#2277=CARTESIAN_POINT('Ctrl Pts',(-1.12718670142852,-0.0352971362876003,
-85.1202925792109));
#2278=CARTESIAN_POINT('Ctrl Pts',(0.259712165284205,-0.274793436601032,
-91.6002463074444));
#2279=CARTESIAN_POINT('Ctrl Pts',(-4.76025128824261,0.773052286007908,-64.9213271573908));
#2280=CARTESIAN_POINT('Ctrl Pts',(-4.86182327776612,0.483218989842328,-67.890462057006));
#2281=CARTESIAN_POINT('Ctrl Pts',(-5.00136209708189,0.200655034907268,-70.7829289242989));
#2282=CARTESIAN_POINT('Ctrl Pts',(-3.01435699370992,0.0202616044962134,
-78.5234421892943));
#2283=CARTESIAN_POINT('Ctrl Pts',(-1.55679081635602,-0.181081885271285,
-85.0618316517346));
#2284=CARTESIAN_POINT('Ctrl Pts',(-0.0992125646790206,-0.38242489725727,
-91.6002485296684));
#2285=CARTESIAN_POINT('Ctrl Pts',(-5.0759298231495,0.628246768407623,-64.9227083845768));
#2286=CARTESIAN_POINT('Ctrl Pts',(-5.1605373203585,0.35381668512969,-67.8397372545528));
#2287=CARTESIAN_POINT('Ctrl Pts',(-5.28339906260861,0.0862038725184044,
-70.6783564506109));
#2288=CARTESIAN_POINT('Ctrl Pts',(-3.25946941130135,-0.0739525187158054,
-78.4713188949838));
#2289=CARTESIAN_POINT('Ctrl Pts',(-1.7699830821804,-0.256551481850002,-85.0357701990117));
#2290=CARTESIAN_POINT('Ctrl Pts',(-0.280484564606706,-0.439149933164494,
-91.6002495203196));
#2291=CARTESIAN_POINT('Ctrl Pts',(-5.5396133634071,0.406970224178384,-64.9245358195853));
#2292=CARTESIAN_POINT('Ctrl Pts',(-5.59590490576281,0.157108332276725,-67.7726259023708));
#2293=CARTESIAN_POINT('Ctrl Pts',(-5.69060675256986,-0.0867118789447063,
-70.5399842904561));
#2294=CARTESIAN_POINT('Ctrl Pts',(-3.61959906879663,-0.218135811971375,
-78.4023568988297));
#2295=CARTESIAN_POINT('Ctrl Pts',(-2.08765503903236,-0.373571360417465,
-85.0012894579855));
#2296=CARTESIAN_POINT('Ctrl Pts',(-0.555698715444643,-0.529006361260188,
-91.6002508310058));
#2297=CARTESIAN_POINT('Ctrl Pts',(-5.98832654129733,0.180404391116433,-64.9260079407629));
#2298=CARTESIAN_POINT('Ctrl Pts',(-6.01190008027531,-0.0422083816308032,
-67.7185635377505));
#2299=CARTESIAN_POINT('Ctrl Pts',(-6.0735765332319,-0.259719154208111,-70.4284862173574));
#2300=CARTESIAN_POINT('Ctrl Pts',(-3.96858563746926,-0.365912471781369,
-78.3468030820827));
#2301=CARTESIAN_POINT('Ctrl Pts',(-2.40273674621085,-0.496321986474497,
-84.9735127563494));
#2302=CARTESIAN_POINT('Ctrl Pts',(-0.836875559342268,-0.626730948898262,
-91.6002518868572));
#2303=CARTESIAN_POINT('Ctrl Pts',(-6.2101698220706,0.066307685503007,-64.926685723607));
#2304=CARTESIAN_POINT('Ctrl Pts',(-6.21664252535502,-0.142193190386066,
-67.6936726215173));
#2305=CARTESIAN_POINT('Ctrl Pts',(-6.26098170858349,-0.346092039591022,
-70.377144854513));
#2306=CARTESIAN_POINT('Ctrl Pts',(-4.14123552073893,-0.440341379741935,
-78.3212253503977));
#2307=CARTESIAN_POINT('Ctrl Pts',(-2.55989459261732,-0.558653050912982,
-84.9607239856217));
#2308=CARTESIAN_POINT('Ctrl Pts',(-0.978541385687702,-0.676964173323537,
-91.6002523729856));
#2309=CARTESIAN_POINT('Ctrl Pts',(-6.42822739230978,-0.0489097193980726,
-64.9272775016964));
#2310=CARTESIAN_POINT('Ctrl Pts',(-6.4164742292387,-0.242506966282933,-67.6719402549903));
#2311=CARTESIAN_POINT('Ctrl Pts',(-6.44222074127845,-0.432049214993527,
-70.332308067675));
#2312=CARTESIAN_POINT('Ctrl Pts',(-4.31115085863238,-0.515497343903823,
-78.2988931039245));
#2313=CARTESIAN_POINT('Ctrl Pts',(-2.71655954519328,-0.62242387308941,-84.9495579453172));
#2314=CARTESIAN_POINT('Ctrl Pts',(-1.12195599688615,-0.729349866831353,
-91.6002527974306));
#2315=CARTESIAN_POINT('Ctrl Pts',(-6.6424929918412,-0.165100445767079,-64.9277853927744));
#2316=CARTESIAN_POINT('Ctrl Pts',(-6.61137060927221,-0.342911129811533,
-67.653288667838));
#2317=CARTESIAN_POINT('Ctrl Pts',(-6.61723666996149,-0.517269083795765,
-70.2938152775861));
#2318=CARTESIAN_POINT('Ctrl Pts',(-4.47839217534096,-0.591260138097419,
-78.2797264229361));
#2319=CARTESIAN_POINT('Ctrl Pts',(-2.87286668690123,-0.687651338098384,
-84.9399746758678));
#2320=CARTESIAN_POINT('Ctrl Pts',(-1.26732903565018,-0.784042027246012,
-91.600253161711));
#2321=CARTESIAN_POINT('Ctrl Pts',(-6.78449424408642,-0.242766402977409,
-64.9281055021391));
#2322=CARTESIAN_POINT('Ctrl Pts',(-6.74020361244538,-0.409849749548893,
-67.6415331332007));
#2323=CARTESIAN_POINT('Ctrl Pts',(-6.73252748571644,-0.573894712943761,
-70.2695513033853));
#2324=CARTESIAN_POINT('Ctrl Pts',(-4.58929718688803,-0.641894816380198,
-78.2676461746272));
#2325=CARTESIAN_POINT('Ctrl Pts',(-2.97700240945704,-0.731461548709723,
-84.9339345964568));
#2326=CARTESIAN_POINT('Ctrl Pts',(-1.36469552357229,-0.821027789194829,
-91.6002533913072));
#2327=CARTESIAN_POINT('Ctrl Pts',(-6.92481217701359,-0.32082186148243,-64.9283889558668));
#2328=CARTESIAN_POINT('Ctrl Pts',(-6.86683971620302,-0.476758427853195,
-67.6311237908062));
#2329=CARTESIAN_POINT('Ctrl Pts',(-6.84503919512646,-0.630098168582505,
-70.2480593030134));
#2330=CARTESIAN_POINT('Ctrl Pts',(-4.69903493692612,-0.692764794194543,
-78.2569491643925));
#2331=CARTESIAN_POINT('Ctrl Pts',(-3.08102193527814,-0.775925864258006,
-84.9285861308872));
#2332=CARTESIAN_POINT('Ctrl Pts',(-1.46299689232306,-0.859086466928981,
-91.6002535946137));
#2333=CARTESIAN_POINT('Ctrl Pts',(-6.99455071582782,-0.359941619608857,
-64.9285215962521));
#2334=CARTESIAN_POINT('Ctrl Pts',(-6.92960890572248,-0.510195436790872,
-67.6262528626734));
#2335=CARTESIAN_POINT('Ctrl Pts',(-6.9005692245735,-0.658134420680465,-70.23799681202));
#2336=CARTESIAN_POINT('Ctrl Pts',(-4.75361478165963,-0.718254357275867,
-78.2519435088844));
#2337=CARTESIAN_POINT('Ctrl Pts',(-3.13300811911275,-0.798322457531294,
-84.9260833215787));
#2338=CARTESIAN_POINT('Ctrl Pts',(-1.51238945273973,-0.878390102852535,
-91.6002536897508));
#2339=CARTESIAN_POINT('Ctrl Pts',(-7.06386963726732,-0.399147955717944,
-64.9286452381996));
#2340=CARTESIAN_POINT('Ctrl Pts',(-6.99182337020317,-0.543616850223991,
-67.6217120761329));
#2341=CARTESIAN_POINT('Ctrl Pts',(-6.95564982190748,-0.685604343557736,
-70.2286457140529));
#2342=CARTESIAN_POINT('Ctrl Pts',(-4.80790864494282,-0.74379435778418,-78.2472777422241));
#2343=CARTESIAN_POINT('Ctrl Pts',(-3.18497642661527,-0.820884537067615,
-84.9237504557626));
#2344=CARTESIAN_POINT('Ctrl Pts',(-1.56203223955575,-0.897974285317432,
-91.600253778428));
#2345=CARTESIAN_POINT('Ctrl Pts',(-7.17450234272023,-0.462232340733299,
-64.9288294180786));
#2346=CARTESIAN_POINT('Ctrl Pts',(-7.09084808849054,-0.59721179950938,-67.6149485833034));
#2347=CARTESIAN_POINT('Ctrl Pts',(-7.04255305632242,-0.730225936219619,
-70.2146629149205));
#2348=CARTESIAN_POINT('Ctrl Pts',(-4.89463417243681,-0.784878258745263,
-78.2403269525265));
#2349=CARTESIAN_POINT('Ctrl Pts',(-3.26840248706951,-0.857379982380255,
-84.9202750864113));
#2350=CARTESIAN_POINT('Ctrl Pts',(-1.64215890416485,-0.92988129894502,-91.6002539105342));
#2351=CARTESIAN_POINT('Ctrl Pts',(-7.21574250801553,-0.485748881317327,
-64.9288956148205));
#2352=CARTESIAN_POINT('Ctrl Pts',(-7.12766376867285,-0.617102949160604,
-67.6125178320327));
#2353=CARTESIAN_POINT('Ctrl Pts',(-7.07464145773975,-0.746863666486919,
-70.2096242081074));
#2354=CARTESIAN_POINT('Ctrl Pts',(-4.92706144768381,-0.800187468976845,
-78.2378286075001));
#2355=CARTESIAN_POINT('Ctrl Pts',(-3.29980255484562,-0.871081936953446,
-84.9190259229165));
#2356=CARTESIAN_POINT('Ctrl Pts',(-1.67253179562484,-0.941976004216493,
-91.6002539580175));
#2357=CARTESIAN_POINT('Ctrl Pts',(-7.25648681239581,-0.508992740849772,
-64.9289636143032));
#2358=CARTESIAN_POINT('Ctrl Pts',(-7.16478387740971,-0.636815776928129,
-67.6100205821739));
#2359=CARTESIAN_POINT('Ctrl Pts',(-7.10806376827997,-0.763013483181767,
-70.2044765945932));
#2360=CARTESIAN_POINT('Ctrl Pts',(-4.96006644131345,-0.815443210693799,
-78.2352625212042));
#2361=CARTESIAN_POINT('Ctrl Pts',(-3.33156608243585,-0.884786859812396,
-84.9177428893475));
#2362=CARTESIAN_POINT('Ctrl Pts',(-1.70305387597111,-0.954130123195058,
-91.6002540067884));
#2363=CARTESIAN_POINT('Ctrl Pts',(-7.57892700693461,-0.692881357551283,
-64.929485190658));
#2364=CARTESIAN_POINT('Ctrl Pts',(-7.45312204971853,-0.791817968530557,
-67.5908671176199));
#2365=CARTESIAN_POINT('Ctrl Pts',(-7.36067676721473,-0.890524549484244,
-70.1648813768805));
#2366=CARTESIAN_POINT('Ctrl Pts',(-5.21725482862679,-0.935821886988021,
-78.2155787055252));
#2367=CARTESIAN_POINT('Ctrl Pts',(-3.58285047210667,-0.993832335210086,
-84.9079010537415));
#2368=CARTESIAN_POINT('Ctrl Pts',(-1.9484345069914,-1.05184249349882,-91.6002543808974));
#2369=CARTESIAN_POINT('Ctrl Pts',(-7.8733930826349,-0.860808155238564,-64.9299237870638));
#2370=CARTESIAN_POINT('Ctrl Pts',(-7.71008678551863,-0.930045993957255,
-67.574760943362));
#2371=CARTESIAN_POINT('Ctrl Pts',(-7.57814102500204,-1.00032488489401,-70.1315781565824));
#2372=CARTESIAN_POINT('Ctrl Pts',(-5.4579623899163,-1.04727961242694,-78.1990264000927));
#2373=CARTESIAN_POINT('Ctrl Pts',(-3.83074652561483,-1.10034949497638,-84.8996249616847));
#2374=CARTESIAN_POINT('Ctrl Pts',(-2.20351941886267,-1.15341923806409,-91.6002546954893));
#2375=CARTESIAN_POINT('Ctrl Pts',(-8.11567696654034,-0.998968852544127,
-64.9302543664747));
#2376=CARTESIAN_POINT('Ctrl Pts',(-7.91840069348265,-1.04229311016485,-67.562621411576));
#2377=CARTESIAN_POINT('Ctrl Pts',(-7.75056177094192,-1.08766773556061,-70.1064736921967));
#2378=CARTESIAN_POINT('Ctrl Pts',(-5.66123524775543,-1.14082049147478,-78.1865505438481));
#2379=CARTESIAN_POINT('Ctrl Pts',(-4.04789317400638,-1.19311699127386,-84.8933870792479));
#2380=CARTESIAN_POINT('Ctrl Pts',(-2.43454024501254,-1.24541351059986,-91.6002549326044));
#2381=CARTESIAN_POINT('Ctrl Pts',(-8.611663465477,-1.28178413943745,-64.9308709222878));
#2382=CARTESIAN_POINT('Ctrl Pts',(-8.34221597702525,-1.27122434906904,-67.5399802572053));
#2383=CARTESIAN_POINT('Ctrl Pts',(-8.09793990788776,-1.26463057759994,-70.0596521175755));
#2384=CARTESIAN_POINT('Ctrl Pts',(-6.09015850957949,-1.33761093883006,-78.1632821222201));
#2385=CARTESIAN_POINT('Ctrl Pts',(-4.51831602990214,-1.39343796068583,-84.8817529536427));
#2386=CARTESIAN_POINT('Ctrl Pts',(-2.94646360825426,-1.44926537373682,-91.6002553748423));
#2387=CARTESIAN_POINT('Ctrl Pts',(-9.07234372551255,-1.54443413478722,-64.9313381778097));
#2388=CARTESIAN_POINT('Ctrl Pts',(-8.73869887935388,-1.48670625214607,-67.5228215208077));
#2389=CARTESIAN_POINT('Ctrl Pts',(-8.42610512123997,-1.43425295420269,-70.0241858754811));
#2390=CARTESIAN_POINT('Ctrl Pts',(-6.51973352360654,-1.5345603813437,-78.1456483800048));
#2391=CARTESIAN_POINT('Ctrl Pts',(-5.00650645868015,-1.60078386997604,-84.872936147304));
#2392=CARTESIAN_POINT('Ctrl Pts',(-3.49327042774742,-1.66700813592001,-91.6002557099878));
#2393=CARTESIAN_POINT('Ctrl Pts',(-9.31267817634081,-1.68144484002564,-64.9315908651038));
#2394=CARTESIAN_POINT('Ctrl Pts',(-8.94915012479445,-1.60163443137501,-67.5135420809863));
#2395=CARTESIAN_POINT('Ctrl Pts',(-8.60461872464501,-1.52768039411298,-70.0050210984538));
#2396=CARTESIAN_POINT('Ctrl Pts',(-6.75380499307497,-1.64237041379966,-78.1361123790206));
#2397=CARTESIAN_POINT('Ctrl Pts',(-5.27410939118785,-1.71464592648142,-84.8681681820054));
#2398=CARTESIAN_POINT('Ctrl Pts',(-3.79440532562618,-1.78692240646037,-91.6002558912283));
#2399=CARTESIAN_POINT('Ctrl Pts',(-10.0243704497966,-2.08718256167572,-64.9321310112803));
#2400=CARTESIAN_POINT('Ctrl Pts',(-9.5913835799009,-1.95232223210016,-67.4937058478797));
#2401=CARTESIAN_POINT('Ctrl Pts',(-9.17248671317449,-1.82388157319561,-69.9640952265012));
#2402=CARTESIAN_POINT('Ctrl Pts',(-7.48107446691162,-1.97799247720634,-78.1157285827922));
#2403=CARTESIAN_POINT('Ctrl Pts',(-6.10221843138675,-2.06741425954871,-84.857976359576));
#2404=CARTESIAN_POINT('Ctrl Pts',(-4.72335526774394,-2.15683751717978,-91.6002562786411));
#2405=CARTESIAN_POINT('Ctrl Pts',(-10.7081775364263,-2.47699024175425,-64.9329803152993));
#2406=CARTESIAN_POINT('Ctrl Pts',(-10.2837981407015,-2.33341715541891,-67.4625142119245));
#2407=CARTESIAN_POINT('Ctrl Pts',(-9.87224074583559,-2.19513116021401,-69.8999275039558));
#2408=CARTESIAN_POINT('Ctrl Pts',(-8.29573575889335,-2.3609272812052,-78.0836798352553));
#2409=CARTESIAN_POINT('Ctrl Pts',(-7.00532812924896,-2.45630471136571,-84.841952106841));
#2410=CARTESIAN_POINT('Ctrl Pts',(-5.71491397490398,-2.55168374748307,-91.600256887757));
#2411=CARTESIAN_POINT('Ctrl Pts',(-11.163954181375,-2.73678785299899,-64.9333177331674));
#2412=CARTESIAN_POINT('Ctrl Pts',(-10.7966409122445,-2.61742531196665,-67.4501212853515));
#2413=CARTESIAN_POINT('Ctrl Pts',(-10.4439700815919,-2.50185086075991,-69.8745170005953));
#2414=CARTESIAN_POINT('Ctrl Pts',(-8.89074545805308,-2.64655495248216,-78.0709481324149));
#2415=CARTESIAN_POINT('Ctrl Pts',(-7.63306754074872,-2.73062044149589,-84.8355863044241));
#2416=CARTESIAN_POINT('Ctrl Pts',(-6.37538288324259,-2.8146873134237,-91.6002571297347));
#2417=CARTESIAN_POINT('Ctrl Pts',(-11.6332063721982,-3.00424135554386,-64.9330601779208));
#2418=CARTESIAN_POINT('Ctrl Pts',(-11.3909190738575,-2.94853328985804,-67.4595781995279));
#2419=CARTESIAN_POINT('Ctrl Pts',(-11.1687755658194,-2.89436824292129,-69.8941721657864));
#2420=CARTESIAN_POINT('Ctrl Pts',(-9.55402002369633,-2.9732763684132,-78.0806691103314));
#2421=CARTESIAN_POINT('Ctrl Pts',(-8.28364990514092,-3.02098738736996,-84.8404467588589));
#2422=CARTESIAN_POINT('Ctrl Pts',(-7.01327193257289,-3.06869911780299,-91.6002569449785));
#2423=CARTESIAN_POINT('Ctrl Pts',(-12.1322962010582,-3.28867111270747,-64.9318395428975));
#2424=CARTESIAN_POINT('Ctrl Pts',(-12.0999569413433,-3.34566352323583,-67.5044037459483));
#2425=CARTESIAN_POINT('Ctrl Pts',(-12.0979528852031,-3.40119445243203,-69.9867361639727));
#2426=CARTESIAN_POINT('Ctrl Pts',(-10.3064475399057,-3.35398439688069,-78.1267337163679));
#2427=CARTESIAN_POINT('Ctrl Pts',(-8.95967220930662,-3.33072718744641,-84.8634788917189));
#2428=CARTESIAN_POINT('Ctrl Pts',(-7.61288673624669,-3.30746943174742,-91.6002560694782));
#2429=CARTESIAN_POINT('Ctrl Pts',(-12.1330768997094,-3.28912708599699,-64.9318376221474));
#2430=CARTESIAN_POINT('Ctrl Pts',(-12.1010678069609,-3.3462967395978,-67.5044742819179));
#2431=CARTESIAN_POINT('Ctrl Pts',(-12.0994099612095,-3.40200016838079,-69.9868818192473));
#2432=CARTESIAN_POINT('Ctrl Pts',(-10.3076256322443,-3.3545929689569,-78.1268062020733));
#2433=CARTESIAN_POINT('Ctrl Pts',(-8.96072937918445,-3.33122504760287,-84.8635151343039));
#2434=CARTESIAN_POINT('Ctrl Pts',(-7.61382298005903,-3.30785657801298,-91.6002560681005));
#2435=CARTESIAN_POINT('Ctrl Pts',(-12.133929373239,-3.28955035252259,-64.9318375256627));
#2436=CARTESIAN_POINT('Ctrl Pts',(-12.0994002386523,-3.34846544769927,-67.5044779951217));
#2437=CARTESIAN_POINT('Ctrl Pts',(-12.094892067363,-3.40624263113296,-69.986873186682));
#2438=CARTESIAN_POINT('Ctrl Pts',(-10.3059425623394,-3.35678611084068,-78.126809676292));
#2439=CARTESIAN_POINT('Ctrl Pts',(-8.96035283087257,-3.33252105526938,-84.8635168712224));
#2440=CARTESIAN_POINT('Ctrl Pts',(-7.6147529881945,-3.30825542518549,-91.6002560680345));
#2441=CARTESIAN_POINT('Ctrl Pts',(-12.1371243871673,-3.29139236004904,-64.9318321059339));
#2442=CARTESIAN_POINT('Ctrl Pts',(-12.100015883079,-3.3530183808798,-67.5046776544305));
#2443=CARTESIAN_POINT('Ctrl Pts',(-12.0917466033659,-3.41440560159427,-69.9872250796712));
#2444=CARTESIAN_POINT('Ctrl Pts',(-10.3066913181886,-3.3613206811582,-78.1270135886676));
#2445=CARTESIAN_POINT('Ctrl Pts',(-8.96257421592501,-3.33560923925998,-84.8636188259972));
#2446=CARTESIAN_POINT('Ctrl Pts',(-7.61844705767706,-3.30989717308616,-91.600256064159));
#2447=CARTESIAN_POINT('Ctrl Pts',(-12.1402568562235,-3.29338277714217,-64.9318261980389));
#2448=CARTESIAN_POINT('Ctrl Pts',(-12.1004149631536,-3.35747296261915,-67.5048959808436));
#2449=CARTESIAN_POINT('Ctrl Pts',(-12.086791971529,-3.42308051666023,-69.987544548189));
#2450=CARTESIAN_POINT('Ctrl Pts',(-10.307173927734,-3.36578444799144,-78.1272351966982));
#2451=CARTESIAN_POINT('Ctrl Pts',(-8.96460958919379,-3.33875328960488,-84.8637296277589));
#2452=CARTESIAN_POINT('Ctrl Pts',(-7.62203528325898,-3.31172144100049,-91.6002560599472));
#2453=CARTESIAN_POINT('Ctrl Pts',(-12.1425662221951,-3.29495832708328,-64.931821397966));
#2454=CARTESIAN_POINT('Ctrl Pts',(-12.1005953364409,-3.36075422346997,-67.5050736311297));
#2455=CARTESIAN_POINT('Ctrl Pts',(-12.082198927816,-3.42977682719772,-69.9877793904376));
#2456=CARTESIAN_POINT('Ctrl Pts',(-10.3073920774875,-3.36908471962318,-78.1274149910201));
#2457=CARTESIAN_POINT('Ctrl Pts',(-8.96603227427845,-3.34113669762333,-84.8638195228139));
#2458=CARTESIAN_POINT('Ctrl Pts',(-7.62466258592865,-3.31318792886534,-91.6002560565301));
#2459=CARTESIAN_POINT('Ctrl Pts',(-12.1478509290293,-3.29882490235142,-64.9318091221107));
#2460=CARTESIAN_POINT('Ctrl Pts',(-12.1007409414141,-3.36826279552599,-67.5055283085997));
#2461=CARTESIAN_POINT('Ctrl Pts',(-12.0697535621076,-3.44562137317392,-69.9883472264154));
#2462=CARTESIAN_POINT('Ctrl Pts',(-10.3075748418571,-3.37665844758615,-78.1278744597291));
#2463=CARTESIAN_POINT('Ctrl Pts',(-8.96910962580072,-3.34674400912893,-84.8640492514181));
#2464=CARTESIAN_POINT('Ctrl Pts',(-7.63063474658814,-3.31682868013459,-91.6002560477976));
#2465=CARTESIAN_POINT('Ctrl Pts',(-12.1528701210527,-3.30312700528194,-64.9317938258925));
#2466=CARTESIAN_POINT('Ctrl Pts',(-12.1002538790825,-3.37540682510689,-67.5060950715738));
#2467=CARTESIAN_POINT('Ctrl Pts',(-12.0540256973849,-3.46145840539185,-69.9890344846027));
#2468=CARTESIAN_POINT('Ctrl Pts',(-10.3070227738825,-3.38389941751438,-78.1284467641868));
#2469=CARTESIAN_POINT('Ctrl Pts',(-8.97162524689782,-3.3524281212427,-84.8643353962561));
#2470=CARTESIAN_POINT('Ctrl Pts',(-7.63621833289616,-3.32095577389671,-91.6002560369206));
#2471=CARTESIAN_POINT('Ctrl Pts',(-12.1556417903502,-3.30572394841274,-64.9317836789138));
#2472=CARTESIAN_POINT('Ctrl Pts',(-12.0997586558377,-3.37935846953512,-67.5064708016657));
#2473=CARTESIAN_POINT('Ctrl Pts',(-12.0442632011172,-3.47027300460326,-69.9895129757279));
#2474=CARTESIAN_POINT('Ctrl Pts',(-10.3064639598851,-3.38790946407536,-78.1288266474742));
#2475=CARTESIAN_POINT('Ctrl Pts',(-8.97287339951567,-3.35568642294924,-84.8645253332483));
#2476=CARTESIAN_POINT('Ctrl Pts',(-7.63927362081989,-3.3234622383198,-91.6002560297007));
#2477=CARTESIAN_POINT('Ctrl Pts',(-12.1623043841641,-3.31254992226196,-64.9317557782073));
#2478=CARTESIAN_POINT('Ctrl Pts',(-12.0980667235902,-3.38891386265339,-67.5075033111837));
#2479=CARTESIAN_POINT('Ctrl Pts',(-12.018894040295,-3.49120893744223,-69.9908867591516));
#2480=CARTESIAN_POINT('Ctrl Pts',(-10.3045677230274,-3.39760189727392,-78.1298718041493));
#2481=CARTESIAN_POINT('Ctrl Pts',(-8.97556591857888,-3.36383742641017,-84.8650478994421));
#2482=CARTESIAN_POINT('Ctrl Pts',(-7.6465553264791,-3.33007159077597,-91.6002560098369));
#2483=CARTESIAN_POINT('Ctrl Pts',(-12.1682532482517,-3.32017518973458,-64.9317163784028));
#2484=CARTESIAN_POINT('Ctrl Pts',(-12.0950451113096,-3.39753036739429,-67.508957501364));
#2485=CARTESIAN_POINT('Ctrl Pts',(-11.9926925457268,-3.50783594055038,-69.9931890609105));
#2486=CARTESIAN_POINT('Ctrl Pts',(-10.3012696281159,-3.40629042135127,-78.1313515079469));
#2487=CARTESIAN_POINT('Ctrl Pts',(-8.9770926086299,-3.37188126470636,-84.8657877382227));
#2488=CARTESIAN_POINT('Ctrl Pts',(-7.65290721379611,-3.33747057694729,-91.6002559817141));
#2489=CARTESIAN_POINT('Ctrl Pts',(-12.1715361252129,-3.3250182057886,-64.9316882882738));
#2490=CARTESIAN_POINT('Ctrl Pts',(-12.0927938480647,-3.40233368100206,-67.5099926869938));
#2491=CARTESIAN_POINT('Ctrl Pts',(-11.9778226996429,-3.51550516139942,-69.9949788015949));
#2492=CARTESIAN_POINT('Ctrl Pts',(-10.2988527213216,-3.41109167135139,-78.1324080166171));
#2493=CARTESIAN_POINT('Ctrl Pts',(-8.97761184028195,-3.37662529818285,-84.8663159848551));
#2494=CARTESIAN_POINT('Ctrl Pts',(-7.65636280093585,-3.34215732979744,-91.6002559616343));
#2495=CARTESIAN_POINT('Ctrl Pts',(-12.1754973908955,-3.33179958552308,-64.9316444870119));
#2496=CARTESIAN_POINT('Ctrl Pts',(-12.0892669714055,-3.40820459909758,-67.5116043185072));
#2497=CARTESIAN_POINT('Ctrl Pts',(-11.9606705633699,-3.52164049204016,-69.9980083927176));
#2498=CARTESIAN_POINT('Ctrl Pts',(-10.2951411280418,-3.41687269776798,-78.1340579426031));
#2499=CARTESIAN_POINT('Ctrl Pts',(-8.97781248940027,-3.38278033073393,-84.8671409384941));
#2500=CARTESIAN_POINT('Ctrl Pts',(-7.66047590975547,-3.34868635187286,-91.600255930276));
#2501=CARTESIAN_POINT('Ctrl Pts',(-12.1788662095354,-3.33896248859318,-64.9315916699482));
#2502=CARTESIAN_POINT('Ctrl Pts',(-12.08512617454,-3.41329820941773,-67.5135437802225));
#2503=CARTESIAN_POINT('Ctrl Pts',(-11.949144371807,-3.52096326488388,-70.0020273983932));
#2504=CARTESIAN_POINT('Ctrl Pts',(-10.2909121765073,-3.42172717497521,-78.1360513090283));
#2505=CARTESIAN_POINT('Ctrl Pts',(-8.97741593185341,-3.38862566303086,-84.8681376144968));
#2506=CARTESIAN_POINT('Ctrl Pts',(-7.66391182521505,-3.35552264281877,-91.6002558923903));
#2507=CARTESIAN_POINT('Ctrl Pts',(-12.1796696078347,-3.34077552860036,-64.9315779792708));
#2508=CARTESIAN_POINT('Ctrl Pts',(-12.0840936249286,-3.41453482453786,-67.5140464337518));
#2509=CARTESIAN_POINT('Ctrl Pts',(-11.9464588691304,-3.52078992706981,-70.0030760218036));
#2510=CARTESIAN_POINT('Ctrl Pts',(-10.2898598577079,-3.42290321719749,-78.1365680800694));
#2511=CARTESIAN_POINT('Ctrl Pts',(-8.97729790304249,-3.39007712177774,-84.8683959982248));
#2512=CARTESIAN_POINT('Ctrl Pts',(-7.66472810233146,-3.35724954258321,-91.6002558825685));
#2513=CARTESIAN_POINT('Ctrl Pts',(-12.1835037053965,-3.34995399785484,-64.9315057076321));
#2514=CARTESIAN_POINT('Ctrl Pts',(-12.0783650610049,-3.42032933870814,-67.5166972104548));
#2515=CARTESIAN_POINT('Ctrl Pts',(-11.9372038907867,-3.51301037471304,-70.0088628788089));
#2516=CARTESIAN_POINT('Ctrl Pts',(-10.28412045705,-3.42824916829985,-78.1392986899884));
#2517=CARTESIAN_POINT('Ctrl Pts',(-8.97636137514611,-3.39710835024641,-84.8697612965171));
#2518=CARTESIAN_POINT('Ctrl Pts',(-7.66859441783653,-3.365966309326,-91.6002558306707));
#2519=CARTESIAN_POINT('Ctrl Pts',(-12.186332025028,-3.35963453941265,-64.9314207005737));
#2520=CARTESIAN_POINT('Ctrl Pts',(-12.0727965403726,-3.42513227419168,-67.5198128127863));
#2521=CARTESIAN_POINT('Ctrl Pts',(-11.9349999261215,-3.50371140980569,-70.0158837449132));
#2522=CARTESIAN_POINT('Ctrl Pts',(-10.2786485208088,-3.43255071414267,-78.1425127199027));
#2523=CARTESIAN_POINT('Ctrl Pts',(-8.9750177713816,-3.40380590673573,-84.8713683060158));
#2524=CARTESIAN_POINT('Ctrl Pts',(-7.67137897786542,-3.37506013199335,-91.6002557695848));
#2525=CARTESIAN_POINT('Ctrl Pts',(-12.1879096830825,-3.3676226312314,-64.9313454143961));
#2526=CARTESIAN_POINT('Ctrl Pts',(-12.0685351709007,-3.42839769087215,-67.5225727437797));
#2527=CARTESIAN_POINT('Ctrl Pts',(-11.9341291655193,-3.49704417132966,-70.0220445453718));
#2528=CARTESIAN_POINT('Ctrl Pts',(-10.2744650431636,-3.43541168934985,-78.1453586145061));
#2529=CARTESIAN_POINT('Ctrl Pts',(-8.97368563098997,-3.40895065434192,-84.8727912478468));
#2530=CARTESIAN_POINT('Ctrl Pts',(-7.67289803414752,-3.38248881721613,-91.6002557154958));
#2531=CARTESIAN_POINT('Ctrl Pts',(-12.1896402611212,-3.38391006712619,-64.9311820762344));
#2532=CARTESIAN_POINT('Ctrl Pts',(-12.0605156401546,-3.43394700789496,-67.5285632983526));
#2533=CARTESIAN_POINT('Ctrl Pts',(-11.9312914219593,-3.48512409400902,-70.0351566763542));
#2534=CARTESIAN_POINT('Ctrl Pts',(-10.266560168975,-3.44013857216669,-78.1515303043904));
#2535=CARTESIAN_POINT('Ctrl Pts',(-8.97054285993122,-3.41880977887538,-84.8758770780933));
#2536=CARTESIAN_POINT('Ctrl Pts',(-7.67451714204917,-3.39748044607165,-91.6002555981969));
#2537=CARTESIAN_POINT('Ctrl Pts',(-12.1884702407874,-3.40045116837236,-64.9309969285103));
#2538=CARTESIAN_POINT('Ctrl Pts',(-12.0535969480578,-3.43789278516065,-67.5353569523541));
#2539=CARTESIAN_POINT('Ctrl Pts',(-11.9296561003653,-3.47429865700047,-70.0497177728241));
#2540=CARTESIAN_POINT('Ctrl Pts',(-10.2597814301498,-3.443202424297,-78.1585229037318));
#2541=CARTESIAN_POINT('Ctrl Pts',(-8.96656833995172,-3.4278062386406,-84.8793733577484));
#2542=CARTESIAN_POINT('Ctrl Pts',(-7.67334665965885,-3.41240969493151,-91.6002554652958));
#2543=CARTESIAN_POINT('Ctrl Pts',(-12.1871484327249,-3.40866576334222,-64.9308984120636));
#2544=CARTESIAN_POINT('Ctrl Pts',(-12.0504049228437,-3.44055309807356,-67.5389726438406));
#2545=CARTESIAN_POINT('Ctrl Pts',(-11.928955586846,-3.47069625292289,-70.0573894627283));
#2546=CARTESIAN_POINT('Ctrl Pts',(-10.2566714533808,-3.44542448447021,-78.1622428432348));
#2547=CARTESIAN_POINT('Ctrl Pts',(-8.96437812302634,-3.43260037452177,-84.8812333160018));
#2548=CARTESIAN_POINT('Ctrl Pts',(-7.67207612664975,-3.41977598069441,-91.6002553945949));
#2549=CARTESIAN_POINT('Ctrl Pts',(-12.1819941670568,-3.42902640285104,-64.9306501420456));
#2550=CARTESIAN_POINT('Ctrl Pts',(-12.0435860979055,-3.44157107502372,-67.5480854558838));
#2551=CARTESIAN_POINT('Ctrl Pts',(-11.9297546377572,-3.45398597256956,-70.0766331941538));
#2552=CARTESIAN_POINT('Ctrl Pts',(-10.2501500991455,-3.44522606042229,-78.1716164766733));
#2553=CARTESIAN_POINT('Ctrl Pts',(-8.95870415439896,-3.4414873965211,-84.885920102748));
#2554=CARTESIAN_POINT('Ctrl Pts',(-7.66724935735344,-3.43774861810607,-91.6002552164401));
#2555=CARTESIAN_POINT('Ctrl Pts',(-12.1723378575489,-3.44784573107771,-64.9303762322547));
#2556=CARTESIAN_POINT('Ctrl Pts',(-12.0392020724564,-3.44787162464818,-67.5581437888724));
#2557=CARTESIAN_POINT('Ctrl Pts',(-11.9326098178259,-3.44768053697052,-70.0974508169145));
#2558=CARTESIAN_POINT('Ctrl Pts',(-10.2462574542666,-3.45037327129102,-78.1819538323256));
#2559=CARTESIAN_POINT('Ctrl Pts',(-8.95239331371603,-3.45226636936856,-84.891088742906));
#2560=CARTESIAN_POINT('Ctrl Pts',(-7.65852022212491,-3.45415948568258,-91.6002550199691));
#2561=CARTESIAN_POINT('Ctrl Pts',(-12.1650066978202,-3.45828489125684,-64.9302065840562));
#2562=CARTESIAN_POINT('Ctrl Pts',(-12.0365310439561,-3.45302859920287,-67.5643744103608));
#2563=CARTESIAN_POINT('Ctrl Pts',(-11.9341033560248,-3.44696672493959,-70.110258684497));
#2564=CARTESIAN_POINT('Ctrl Pts',(-10.2439702606537,-3.45487984534855,-78.1883554584782));
#2565=CARTESIAN_POINT('Ctrl Pts',(-8.94798898140316,-3.45903926958465,-84.8942895316989));
#2566=CARTESIAN_POINT('Ctrl Pts',(-7.65199871317257,-3.46319877942729,-91.6002548983003));
#2567=CARTESIAN_POINT('Ctrl Pts',(-12.1533915252512,-3.47068195369137,-64.9299785540185));
#2568=CARTESIAN_POINT('Ctrl Pts',(-12.0317910551889,-3.46105150277172,-67.572749713479));
#2569=CARTESIAN_POINT('Ctrl Pts',(-11.9346208374861,-3.44921716479473,-70.127426490569));
#2570=CARTESIAN_POINT('Ctrl Pts',(-10.2398758729132,-3.46212867236966,-78.1969596073822));
#2571=CARTESIAN_POINT('Ctrl Pts',(-8.94085468510704,-3.46800981724639,-84.8985915729802));
#2572=CARTESIAN_POINT('Ctrl Pts',(-7.64182447247143,-3.47389112245736,-91.6002547347706));
#2573=CARTESIAN_POINT('Ctrl Pts',(-12.1397417265896,-3.48062966628764,-64.9297550638289));
#2574=CARTESIAN_POINT('Ctrl Pts',(-12.0241199950474,-3.4697789255914,-67.5809580654949));
#2575=CARTESIAN_POINT('Ctrl Pts',(-11.9317384521419,-3.4546433733622,-70.1442719500042));
#2576=CARTESIAN_POINT('Ctrl Pts',(-10.2330191715416,-3.47025586929121,-78.2053926599124));
#2577=CARTESIAN_POINT('Ctrl Pts',(-8.93154094707716,-3.47636973458568,-84.9028080669514));
#2578=CARTESIAN_POINT('Ctrl Pts',(-7.63005366318087,-3.48248381650611,-91.6002545744927));
#2579=CARTESIAN_POINT('Ctrl Pts',(-12.1362126266274,-3.48295121646774,-64.9297000731828));
#2580=CARTESIAN_POINT('Ctrl Pts',(-12.0219252355233,-3.47211495581206,-67.5829777283346));
#2581=CARTESIAN_POINT('Ctrl Pts',(-11.9306416230889,-3.45668880939801,-70.1484200958666));
#2582=CARTESIAN_POINT('Ctrl Pts',(-10.2310365661448,-3.47246250837494,-78.2074676799409));
#2583=CARTESIAN_POINT('Ctrl Pts',(-8.92903231448184,-3.4784785408266,-84.9038455690558));
#2584=CARTESIAN_POINT('Ctrl Pts',(-7.62701899518276,-3.48449479581187,-91.600254535055));
#2585=CARTESIAN_POINT('Ctrl Pts',(-12.1252884364721,-3.48942725625992,-64.9295341092768));
#2586=CARTESIAN_POINT('Ctrl Pts',(-12.0150172114351,-3.47839005435058,-67.589073017469));
#2587=CARTESIAN_POINT('Ctrl Pts',(-11.927340362101,-3.46020667556559,-70.160951724358));
#2588=CARTESIAN_POINT('Ctrl Pts',(-10.2248055042521,-3.47833564292755,-78.2137303003914));
#2589=CARTESIAN_POINT('Ctrl Pts',(-8.92123924195693,-3.48421778281017,-84.9069768555463));
#2590=CARTESIAN_POINT('Ctrl Pts',(-7.61766388083209,-3.49010020199476,-91.6002544160282));
#2591=CARTESIAN_POINT('Ctrl Pts',(-12.1134979290072,-3.49427643291668,-64.9293787011446));
#2592=CARTESIAN_POINT('Ctrl Pts',(-12.0051327665482,-3.48576258529525,-67.5947799695611));
#2593=CARTESIAN_POINT('Ctrl Pts',(-11.9201414774093,-3.46953345863353,-70.1727481772455));
#2594=CARTESIAN_POINT('Ctrl Pts',(-10.2156655435489,-3.48551037562965,-78.2195952480808));
#2595=CARTESIAN_POINT('Ctrl Pts',(-8.91165395472486,-3.48994580982003,-84.9099093078542));
#2596=CARTESIAN_POINT('Ctrl Pts',(-7.60763323295905,-3.4943815072266,-91.6002543045594));
#2597=CARTESIAN_POINT('Ctrl Pts',(-12.1053308694668,-3.49673679381715,-64.9292786732152));
#2598=CARTESIAN_POINT('Ctrl Pts',(-11.9972812486601,-3.49071548854763,-67.5984530996875));
#2599=CARTESIAN_POINT('Ctrl Pts',(-11.9133101540206,-3.47742452961916,-70.1803531867066));
#2600=CARTESIAN_POINT('Ctrl Pts',(-10.20832928029,-3.49041966134608,-78.2233703305758));
#2601=CARTESIAN_POINT('Ctrl Pts',(-8.90452672220486,-3.49351491570558,-84.911796835376));
#2602=CARTESIAN_POINT('Ctrl Pts',(-7.60071501489502,-3.49661039584289,-91.6002542328105));
#2603=CARTESIAN_POINT('Ctrl Pts',(-12.0885439311863,-3.50008559033392,-64.9290898327451));
#2604=CARTESIAN_POINT('Ctrl Pts',(-11.978508863729,-3.49852864075098,-67.6053873447035));
#2605=CARTESIAN_POINT('Ctrl Pts',(-11.894160571415,-3.4910985224198,-70.1947268799082));
#2606=CARTESIAN_POINT('Ctrl Pts',(-10.1905913835318,-3.49825879314846,-78.2304973949287));
#2607=CARTESIAN_POINT('Ctrl Pts',(-8.88856446027089,-3.49901706458829,-84.915360341822));
#2608=CARTESIAN_POINT('Ctrl Pts',(-7.58652837948452,-3.49977548203331,-91.600254097354));
#2609=CARTESIAN_POINT('Ctrl Pts',(-12.0713645773617,-3.500150492217,-64.9289132530691));
#2610=CARTESIAN_POINT('Ctrl Pts',(-11.9546934770205,-3.5017357039586,-67.6118720219266));
#2611=CARTESIAN_POINT('Ctrl Pts',(-11.8638141565578,-3.50065669275283,-70.2081063425343));
#2612=CARTESIAN_POINT('Ctrl Pts',(-10.1677388889953,-3.50175594843662,-78.2371610838752));
#2613=CARTESIAN_POINT('Ctrl Pts',(-8.86988950627786,-3.50101746352207,-84.918692161557));
#2614=CARTESIAN_POINT('Ctrl Pts',(-7.5720310416678,-3.50027902051972,-91.6002539707045));
#2615=CARTESIAN_POINT('Ctrl Pts',(-12.0627618537977,-3.49934032489411,-64.9288265123846));
#2616=CARTESIAN_POINT('Ctrl Pts',(-11.9417123169486,-3.50176480741928,-67.6150575745294));
#2617=CARTESIAN_POINT('Ctrl Pts',(-11.846268809123,-3.50309991970407,-70.2146688608696));
#2618=CARTESIAN_POINT('Ctrl Pts',(-10.1552158375133,-3.50198270984594,-78.2404343641195));
#2619=CARTESIAN_POINT('Ctrl Pts',(-8.85999483214063,-3.50091691219393,-84.9203287894176));
#2620=CARTESIAN_POINT('Ctrl Pts',(-7.56476479947082,-3.49985111336981,-91.6002539084929));
#2621=CARTESIAN_POINT('Ctrl Pts',(-12.0542947392456,-3.49768960658923,-64.9287402635706));
#2622=CARTESIAN_POINT('Ctrl Pts',(-11.9279327002752,-3.49981361270702,-67.6182250986528));
#2623=CARTESIAN_POINT('Ctrl Pts',(-11.8268920729605,-3.50189969895057,-70.2211908383709));
#2624=CARTESIAN_POINT('Ctrl Pts',(-10.1418578593735,-3.50026522890625,-78.2436890481239));
#2625=CARTESIAN_POINT('Ctrl Pts',(-8.84972553581647,-3.49950556639001,-84.9219561191909));
#2626=CARTESIAN_POINT('Ctrl Pts',(-7.55758425178528,-3.49874588392306,-91.6002538466346));
#2627=CARTESIAN_POINT('Ctrl Pts',(-12.0461062474074,-3.49522589085332,-64.9286532117012));
#2628=CARTESIAN_POINT('Ctrl Pts',(-11.9136150632148,-3.49550596422976,-67.6214220789543));
#2629=CARTESIAN_POINT('Ctrl Pts',(-11.8062014405094,-3.49578675673776,-70.2277769533653));
#2630=CARTESIAN_POINT('Ctrl Pts',(-10.1279071432675,-3.49620787814494,-78.246974071921));
#2631=CARTESIAN_POINT('Ctrl Pts',(-8.83924525214256,-3.49659565339779,-84.9235986187844));
#2632=CARTESIAN_POINT('Ctrl Pts',(-7.55057447510689,-3.49698342941113,-91.6002537841997));
#2633=CARTESIAN_POINT('',(-1.61199556272776,-0.917842621831225,-91.6));
#2634=CARTESIAN_POINT('Origin',(5.78711651782292,-19.4988313043381,-91.6));
#2635=CARTESIAN_POINT('',(-7.42449556015707,-3.23243091787457,-91.6));
#2636=CARTESIAN_POINT('',(-1.61199556039107,-0.917842620900734,-91.6));
#2637=CARTESIAN_POINT('',(-7.61199556018519,-3.30709505650083,-91.6));
#2638=CARTESIAN_POINT('',(-1.61199556039107,-0.917842620900734,-91.6));
#2639=CARTESIAN_POINT('',(-7.55081168072558,-3.49703053751618,-91.6));
#2640=CARTESIAN_POINT('Origin',(-7.575,-3.4,-91.6));
#2641=CARTESIAN_POINT('Ctrl Pts',(-12.0428239364306,-3.49530051453111,-65.));
#2642=CARTESIAN_POINT('Ctrl Pts',(-11.9114628780771,-3.49562788860658,-67.6774805320291));
#2643=CARTESIAN_POINT('Ctrl Pts',(-11.7801018197236,-3.49595526268206,-70.3549610640582));
#2644=CARTESIAN_POINT('Ctrl Pts',(-10.1146579757951,-3.49631989780061,-78.3174805320291));
#2645=CARTESIAN_POINT('Ctrl Pts',(-8.83273482826033,-3.4966752176584,-84.9587402660145));
#2646=CARTESIAN_POINT('Ctrl Pts',(-7.55081168072558,-3.49703053751618,-91.6));
#2647=CARTESIAN_POINT('Ctrl Pts',(-4.04282468618878,0.0468378728783853,
-65.));
#2648=CARTESIAN_POINT('Ctrl Pts',(-3.98700999822992,-0.0792208557735593,
-67.6703371266401));
#2649=CARTESIAN_POINT('Ctrl Pts',(-3.93649495930042,-0.193310207844393,
-70.3413500640733));
#2650=CARTESIAN_POINT('Ctrl Pts',(-2.59020479624093,-0.798768438652936,
-78.3103371266401));
#2651=CARTESIAN_POINT('Ctrl Pts',(-1.57050823872862,-1.2753997614865,-84.95516856332));
#2652=CARTESIAN_POINT('Ctrl Pts',(-0.550811681216302,-1.75203108432006,
-91.6));
#2653=CARTESIAN_POINT('Ctrl Pts',(-12.0428239364306,-3.49530051453111,-65.));
#2654=CARTESIAN_POINT('Ctrl Pts',(-11.9114628780771,-3.49562788860658,-67.6774805320291));
#2655=CARTESIAN_POINT('Ctrl Pts',(-11.7801018197236,-3.49595526268206,-70.3549610640582));
#2656=CARTESIAN_POINT('Ctrl Pts',(-10.1146579757951,-3.49631989780061,-78.3174805320291));
#2657=CARTESIAN_POINT('Ctrl Pts',(-8.83273482826033,-3.4966752176584,-84.9587402660145));
#2658=CARTESIAN_POINT('Ctrl Pts',(-7.55081168072558,-3.49703053751618,-91.6));
#2659=CARTESIAN_POINT('Ctrl Pts',(-11.2445760458515,-3.14186241942063,-65.));
#2660=CARTESIAN_POINT('Ctrl Pts',(-11.1206708721048,-3.15498596353209,-67.6768656832094));
#2661=CARTESIAN_POINT('Ctrl Pts',(-10.9968863931609,-3.16783691571587,-70.3537373212097));
#2662=CARTESIAN_POINT('Ctrl Pts',(-9.36265598579205,-3.22712631128334,-78.3168656832094));
#2663=CARTESIAN_POINT('Ctrl Pts',(-8.10609740793077,-3.27466980004105,-84.9584328416047));
#2664=CARTESIAN_POINT('Ctrl Pts',(-6.8495388300695,-3.32221328879876,-91.6));
#2665=CARTESIAN_POINT('Ctrl Pts',(-10.463803852988,-2.79616199250102,-65.));
#2666=CARTESIAN_POINT('Ctrl Pts',(-10.3478185045492,-2.82103388614701,-67.6764566350422));
#2667=CARTESIAN_POINT('Ctrl Pts',(-10.2322247703967,-2.84502131041286,-70.3529364249254));
#2668=CARTESIAN_POINT('Ctrl Pts',(-8.61503053236415,-2.95988899487704,-78.3164566350422));
#2669=CARTESIAN_POINT('Ctrl Pts',(-7.37343222744473,-3.05159437960157,-84.9582283175211));
#2670=CARTESIAN_POINT('Ctrl Pts',(-6.1318339225253,-3.1432997643261,-91.6));
#2671=CARTESIAN_POINT('Ctrl Pts',(-9.69046452114804,-2.45375259368504,-64.9999999999999));
#2672=CARTESIAN_POINT('Ctrl Pts',(-9.58264613135603,-2.48981468066511,-67.6761719244061));
#2673=CARTESIAN_POINT('Ctrl Pts',(-9.47559286056377,-2.52414872976216,-70.3523948816672));
#2674=CARTESIAN_POINT('Ctrl Pts',(-7.86873409674982,-2.69322609409865,-78.3161719244062));
#2675=CARTESIAN_POINT('Ctrl Pts',(-6.63720926569118,-2.82775361068378,-84.9580859622032));
#2676=CARTESIAN_POINT('Ctrl Pts',(-5.40568443463253,-2.96228112726891,-91.6000000000001));
#2677=CARTESIAN_POINT('Ctrl Pts',(-8.91794936917507,-2.11170811479621,-64.9999999999999));
#2678=CARTESIAN_POINT('Ctrl Pts',(-8.81832826400673,-2.15889190321089,-67.6759300881803));
#2679=CARTESIAN_POINT('Ctrl Pts',(-8.71990072833108,-2.20337998866361,-70.351949197897));
#2680=CARTESIAN_POINT('Ctrl Pts',(-7.12347028586921,-2.42684023833884,-78.3159300881803));
#2681=CARTESIAN_POINT('Ctrl Pts',(-5.90213735485023,-2.60420959547747,-84.9579650440902));
#2682=CARTESIAN_POINT('Ctrl Pts',(-4.68080442383126,-2.7815789526161,-91.6000000000001));
#2683=CARTESIAN_POINT('Ctrl Pts',(-7.35647751368668,-1.42033937497757,-64.9999999999999));
#2684=CARTESIAN_POINT('Ctrl Pts',(-7.27287801499542,-1.49060891106457,-67.6753692383065));
#2685=CARTESIAN_POINT('Ctrl Pts',(-7.19134359944012,-1.55621440982828,-70.3509225622563));
#2686=CARTESIAN_POINT('Ctrl Pts',(-5.63019501744218,-1.8924102133938,-78.3153692383065));
#2687=CARTESIAN_POINT('Ctrl Pts',(-4.43998251862289,-2.15862642209722,-84.9576846191533));
#2688=CARTESIAN_POINT('Ctrl Pts',(-3.24977001980359,-2.42484263080064,-91.6000000000001));
#2689=CARTESIAN_POINT('Ctrl Pts',(-6.56752081017128,-1.07101511404776,-65.));
#2690=CARTESIAN_POINT('Ctrl Pts',(-6.49201944653526,-1.15263028310715,-67.6746963129495));
#2691=CARTESIAN_POINT('Ctrl Pts',(-6.41906649765651,-1.22848980277874,-70.3496250320639));
#2692=CARTESIAN_POINT('Ctrl Pts',(-4.88245737309762,-1.62374763094325,-78.3146963129496));
#2693=CARTESIAN_POINT('Ctrl Pts',(-3.7130364998374,-1.93627805729062,-84.9573481564749));
#2694=CARTESIAN_POINT('Ctrl Pts',(-2.54361562657719,-2.248808483638,-91.6000000000001));
#2695=CARTESIAN_POINT('Ctrl Pts',(-5.76129837524642,-0.71404615114984,-65.));
#2696=CARTESIAN_POINT('Ctrl Pts',(-5.69346930644348,-0.80796872290365,-67.6736323464006));
#2697=CARTESIAN_POINT('Ctrl Pts',(-5.62882113787979,-0.89470716615163,-70.3475755791813));
#2698=CARTESIAN_POINT('Ctrl Pts',(-4.13091690587856,-1.35320062306817,-78.3136323464007));
#2699=CARTESIAN_POINT('Ctrl Pts',(-2.99291713985635,-1.71516326231466,-84.9568161732004));
#2700=CARTESIAN_POINT('Ctrl Pts',(-1.85491737383413,-2.07712590156114,-91.6));
#2701=CARTESIAN_POINT('Ctrl Pts',(-4.92632897879209,-0.344348972565045,
-65.));
#2702=CARTESIAN_POINT('Ctrl Pts',(-4.86523319256116,-0.452699727321105,
-67.6721787978881));
#2703=CARTESIAN_POINT('Ctrl Pts',(-4.80820152497318,-0.551871585230124,
-70.3448064932905));
#2704=CARTESIAN_POINT('Ctrl Pts',(-3.3707607480548,-1.07952350320011,-78.3121787978881));
#2705=CARTESIAN_POINT('Ctrl Pts',(-2.2804543077905,-1.49546595773133,-84.9560893989441));
#2706=CARTESIAN_POINT('Ctrl Pts',(-1.1901478675262,-1.91140841226255,-91.6));
#2707=CARTESIAN_POINT('Ctrl Pts',(-4.04282468618878,0.0468378728783853,
-65.));
#2708=CARTESIAN_POINT('Ctrl Pts',(-3.98700999822992,-0.0792208557735593,
-67.6703371266401));
#2709=CARTESIAN_POINT('Ctrl Pts',(-3.93649495930042,-0.193310207844393,
-70.3413500640733));
#2710=CARTESIAN_POINT('Ctrl Pts',(-2.59020479624093,-0.798768438652936,
-78.3103371266401));
#2711=CARTESIAN_POINT('Ctrl Pts',(-1.57050823872862,-1.2753997614865,-84.95516856332));
#2712=CARTESIAN_POINT('Ctrl Pts',(-0.550811681216302,-1.75203108432006,
-91.6));
#2713=CARTESIAN_POINT('',(-7.33206168058643,-3.44249930456529,-91.6));
#2714=CARTESIAN_POINT('',(-7.55081168072558,-3.49703053751618,-91.6));
#2715=CARTESIAN_POINT('',(-7.55081168072558,-3.49703053751618,-91.6));
#2716=CARTESIAN_POINT('Ctrl Pts',(5.56676376188332,0.500002450759103,-91.5995140464752));
#2717=CARTESIAN_POINT('Ctrl Pts',(5.17557089113439,-0.169577370556543,-98.3809360258174));
#2718=CARTESIAN_POINT('Ctrl Pts',(-0.162214554432808,-1.83478868527827,
-99.9904680129087));
#2719=CARTESIAN_POINT('Ctrl Pts',(-5.50000000000001,-3.5,-101.6));
#2720=CARTESIAN_POINT('Ctrl Pts',(5.33681686779554,0.497462734480451,-91.5995173407395));
#2721=CARTESIAN_POINT('Ctrl Pts',(4.90551147971175,-0.0920598069328522,
-98.3349674549879));
#2722=CARTESIAN_POINT('Ctrl Pts',(-0.297244260144126,-1.79602990346643,
-99.967483727494));
#2723=CARTESIAN_POINT('Ctrl Pts',(-5.50000000000001,-3.5,-101.6));
#2724=CARTESIAN_POINT('Ctrl Pts',(4.7237228981655,0.480127096021101,-91.5995773277569));
#2725=CARTESIAN_POINT('Ctrl Pts',(4.45024781560619,-0.170467680207455,-97.4979012098283));
#2726=CARTESIAN_POINT('Ctrl Pts',(-0.524876092196906,-1.83523384010373,
-99.5489506049142));
#2727=CARTESIAN_POINT('Ctrl Pts',(-5.50000000000001,-3.5,-101.6));
#2728=CARTESIAN_POINT('Ctrl Pts',(3.50012164611256,0.38910221032489,-91.5996371442086));
#2729=CARTESIAN_POINT('Ctrl Pts',(3.24887508039244,-0.0962994388546265,
-96.6632150611235));
#2730=CARTESIAN_POINT('Ctrl Pts',(-1.12556245980378,-1.79814971942731,-99.1316075305618));
#2731=CARTESIAN_POINT('Ctrl Pts',(-5.50000000000001,-3.5,-101.6));
#2732=CARTESIAN_POINT('Ctrl Pts',(1.90651678138171,0.149878699208601,-91.5997297907886));
#2733=CARTESIAN_POINT('Ctrl Pts',(1.78972796052141,-0.253466413973899,-95.3704132473814));
#2734=CARTESIAN_POINT('Ctrl Pts',(-1.85513601973929,-1.87673320698695,-98.4852066236907));
#2735=CARTESIAN_POINT('Ctrl Pts',(-5.50000000000001,-3.5,-101.6));
#2736=CARTESIAN_POINT('Ctrl Pts',(0.118070995213177,-0.289652349368548,
-91.5998097493509));
#2737=CARTESIAN_POINT('Ctrl Pts',(0.0670584752668028,-0.560664010445748,
-94.2546616013009));
#2738=CARTESIAN_POINT('Ctrl Pts',(-2.7164707623666,-2.03033200522287,-97.9273308006505));
#2739=CARTESIAN_POINT('Ctrl Pts',(-5.50000000000001,-3.5,-101.6));
#2740=CARTESIAN_POINT('Ctrl Pts',(-1.04226774519908,-0.690956444191493,
-91.5998537499083));
#2741=CARTESIAN_POINT('Ctrl Pts',(-1.05183985845937,-0.912199024822401,
-93.6406723920515));
#2742=CARTESIAN_POINT('Ctrl Pts',(-3.27591992922969,-2.2060995124112,-97.6203361960258));
#2743=CARTESIAN_POINT('Ctrl Pts',(-5.50000000000001,-3.5,-101.6));
#2744=CARTESIAN_POINT('Ctrl Pts',(-2.11199603080473,-1.11693506307272,-91.5998895690472));
#2745=CARTESIAN_POINT('Ctrl Pts',(-2.10542053643569,-1.28336769866262,-93.1408477067871));
#2746=CARTESIAN_POINT('Ctrl Pts',(-3.80271026821784,-2.39168384933131,-97.3704238533936));
#2747=CARTESIAN_POINT('Ctrl Pts',(-5.50000000000001,-3.5,-101.6));
#2748=CARTESIAN_POINT('Ctrl Pts',(-3.11199577503856,-1.51514794956365,-91.5999185502998));
#2749=CARTESIAN_POINT('Ctrl Pts',(-3.10899555940393,-1.6237081509122,-92.7364397318303));
#2750=CARTESIAN_POINT('Ctrl Pts',(-4.30449777970196,-2.5618540754561,-97.1682198659152));
#2751=CARTESIAN_POINT('Ctrl Pts',(-5.50000000000001,-3.5,-101.6));
#2752=CARTESIAN_POINT('Ctrl Pts',(-4.42449612710263,-2.03779977400992,-91.5999464488873));
#2753=CARTESIAN_POINT('Ctrl Pts',(-4.4165907284187,-2.10653323969029,-92.347139398415));
#2754=CARTESIAN_POINT('Ctrl Pts',(-4.95829536420935,-2.80326661984515,-96.9735696992075));
#2755=CARTESIAN_POINT('Ctrl Pts',(-5.50000000000001,-3.5,-101.6));
#2756=CARTESIAN_POINT('Ctrl Pts',(-5.42449606622415,-2.43601012835763,-91.5999612585117));
#2757=CARTESIAN_POINT('Ctrl Pts',(-5.41744626443044,-2.4822075308798,-92.1404840716303));
#2758=CARTESIAN_POINT('Ctrl Pts',(-5.45872313221522,-2.9911037654399,-96.8702420358151));
#2759=CARTESIAN_POINT('Ctrl Pts',(-5.50000000000001,-3.5,-101.6));
#2760=CARTESIAN_POINT('Ctrl Pts',(-6.11199608808735,-2.70977940005913,-91.599968687942));
#2761=CARTESIAN_POINT('Ctrl Pts',(-6.10464532829875,-2.74532446660232,-92.0368128847701));
#2762=CARTESIAN_POINT('Ctrl Pts',(-5.80232266414937,-3.12266223330116,-96.818406442385));
#2763=CARTESIAN_POINT('Ctrl Pts',(-5.50000000000001,-3.5,-101.6));
#2764=CARTESIAN_POINT('Ctrl Pts',(-6.61199595708971,-2.90888422809165,-91.5999725332896));
#2765=CARTESIAN_POINT('Ctrl Pts',(-6.60647630061681,-2.93803357351106,-91.9831544288866));
#2766=CARTESIAN_POINT('Ctrl Pts',(-6.0532381503084,-3.21901678675553,-96.7915772144433));
#2767=CARTESIAN_POINT('Ctrl Pts',(-5.50000000000001,-3.5,-101.6));
#2768=CARTESIAN_POINT('Ctrl Pts',(-6.98699621029612,-3.05821264146616,-91.5999744261576));
#2769=CARTESIAN_POINT('Ctrl Pts',(-6.97794486774735,-3.08546266812655,-91.9567411155563));
#2770=CARTESIAN_POINT('Ctrl Pts',(-6.23897243387368,-3.29273133406328,-96.7783705577782));
#2771=CARTESIAN_POINT('Ctrl Pts',(-5.50000000000001,-3.5,-101.6));
#2772=CARTESIAN_POINT('Ctrl Pts',(-7.23699575192479,-3.1577651070475,-91.599975241179));
#2773=CARTESIAN_POINT('Ctrl Pts',(-7.23434198443894,-3.18109726592013,-91.9453682069097));
#2774=CARTESIAN_POINT('Ctrl Pts',(-6.36717099221947,-3.34054863296007,-96.7726841034548));
#2775=CARTESIAN_POINT('Ctrl Pts',(-5.50000000000001,-3.5,-101.6));
#2776=CARTESIAN_POINT('Ctrl Pts',(-7.42449716922458,-3.23242882475675,-91.5999757233845));
#2777=CARTESIAN_POINT('Ctrl Pts',(-7.40206534984241,-3.26163479569685,-91.9386394506749));
#2778=CARTESIAN_POINT('Ctrl Pts',(-6.45103267492121,-3.38081739784842,-96.7693197253374));
#2779=CARTESIAN_POINT('Ctrl Pts',(-5.50000000000001,-3.5,-101.6));
#2780=CARTESIAN_POINT('Ctrl Pts',(-7.54949363803957,-3.28220619744463,-91.5999756882757));
#2781=CARTESIAN_POINT('Ctrl Pts',(-7.57634017139972,-3.29354565050438,-91.9391293636519));
#2782=CARTESIAN_POINT('Ctrl Pts',(-6.53817008569986,-3.39677282525219,-96.769564681826));
#2783=CARTESIAN_POINT('Ctrl Pts',(-5.50000000000001,-3.5,-101.6));
#2784=CARTESIAN_POINT('Ctrl Pts',(-7.63527690710223,-3.31636338384179,-91.5999758857519));
#2785=CARTESIAN_POINT('Ctrl Pts',(-7.61577129501596,-3.3435888150782,-91.9363737566353));
#2786=CARTESIAN_POINT('Ctrl Pts',(-6.55788564750798,-3.4217944075391,-96.7681868783177));
#2787=CARTESIAN_POINT('Ctrl Pts',(-5.50000000000001,-3.5,-101.6));
#2788=CARTESIAN_POINT('Ctrl Pts',(-7.67444244789045,-3.3530818420858,-91.5999760377345));
#2789=CARTESIAN_POINT('Ctrl Pts',(-7.61356932824207,-3.39462091286782,-91.9342529733765));
#2790=CARTESIAN_POINT('Ctrl Pts',(-6.55678466412104,-3.44731045643391,-96.7671264866882));
#2791=CARTESIAN_POINT('Ctrl Pts',(-5.50000000000001,-3.5,-101.6));
#2792=CARTESIAN_POINT('Ctrl Pts',(-7.67963284220485,-3.43382266514522,-91.5999760844539));
#2793=CARTESIAN_POINT('Ctrl Pts',(-7.60813849097184,-3.40776730698988,-91.9336010437037));
#2794=CARTESIAN_POINT('Ctrl Pts',(-6.55406924548592,-3.45388365349494,-96.7668005218519));
#2795=CARTESIAN_POINT('Ctrl Pts',(-5.50000000000001,-3.5,-101.6));
#2796=CARTESIAN_POINT('Ctrl Pts',(-7.62835890242086,-3.49606096466474,-91.5999758596896));
#2797=CARTESIAN_POINT('Ctrl Pts',(-7.62191973132744,-3.45553691905305,-91.9367374336331));
#2798=CARTESIAN_POINT('Ctrl Pts',(-6.56095986566372,-3.47776845952653,-96.7683687168166));
#2799=CARTESIAN_POINT('Ctrl Pts',(-5.50000000000001,-3.5,-101.6));
#2800=CARTESIAN_POINT('Ctrl Pts',(-7.57512580383469,-3.50309148775569,-91.5999758404029));
#2801=CARTESIAN_POINT('Ctrl Pts',(-7.56967866021356,-3.50467767764539,-91.9370065618164));
#2802=CARTESIAN_POINT('Ctrl Pts',(-6.53483933010678,-3.5023388388227,-96.7685032809082));
#2803=CARTESIAN_POINT('Ctrl Pts',(-5.50000000000001,-3.5,-101.6));
#2804=CARTESIAN_POINT('Ctrl Pts',(-7.47789531289083,-3.47884951221571,-91.5999757942508));
#2805=CARTESIAN_POINT('Ctrl Pts',(-7.4737463225041,-3.53393877362741,-91.9376505739753));
#2806=CARTESIAN_POINT('Ctrl Pts',(-6.48687316125205,-3.5169693868137,-96.7688252869877));
#2807=CARTESIAN_POINT('Ctrl Pts',(-5.50000000000001,-3.5,-101.6));
#2808=CARTESIAN_POINT('Ctrl Pts',(-7.33206206095744,-3.44249950039418,-91.5999756908943));
#2809=CARTESIAN_POINT('Ctrl Pts',(-7.32677613749733,-3.43976607686924,-91.9390928226164));
#2810=CARTESIAN_POINT('Ctrl Pts',(-6.41338806874867,-3.46988303843462,-96.7695464113082));
#2811=CARTESIAN_POINT('Ctrl Pts',(-5.50000000000001,-3.5,-101.6));
#2812=CARTESIAN_POINT('Ctrl Pts',(-7.1133120083936,-3.38796651734489,-91.5999753156139));
#2813=CARTESIAN_POINT('Ctrl Pts',(-7.10875790983244,-3.4096559908637,-91.9443295328916));
#2814=CARTESIAN_POINT('Ctrl Pts',(-6.30437895491622,-3.45482799543185,-96.7721647664459));
#2815=CARTESIAN_POINT('Ctrl Pts',(-5.50000000000001,-3.5,-101.6));
#2816=CARTESIAN_POINT('Ctrl Pts',(-6.89456200496891,-3.33343565454684,-91.5999747541338));
#2817=CARTESIAN_POINT('Ctrl Pts',(-6.89005379168052,-3.34995960818937,-91.9521644958154));
#2818=CARTESIAN_POINT('Ctrl Pts',(-6.19502689584026,-3.42497980409469,-96.7760822479077));
#2819=CARTESIAN_POINT('Ctrl Pts',(-5.50000000000001,-3.5,-101.6));
#2820=CARTESIAN_POINT('Ctrl Pts',(-6.67581199013346,-3.27890420976151,-91.5999739993814));
#2821=CARTESIAN_POINT('Ctrl Pts',(-6.67150873665381,-3.29838430700776,-91.962696403663));
#2822=CARTESIAN_POINT('Ctrl Pts',(-6.08575436832691,-3.39919215350388,-96.7813482018315));
#2823=CARTESIAN_POINT('Ctrl Pts',(-5.50000000000001,-3.5,-101.6));
#2824=CARTESIAN_POINT('Ctrl Pts',(-6.31122863885487,-3.18801869260804,-91.5999724250016));
#2825=CARTESIAN_POINT('Ctrl Pts',(-6.30717214383454,-3.20929752506188,-91.9846654936343));
#2826=CARTESIAN_POINT('Ctrl Pts',(-5.90358607191727,-3.35464876253094,-96.7923327468171));
#2827=CARTESIAN_POINT('Ctrl Pts',(-5.50000000000001,-3.5,-101.6));
#2828=CARTESIAN_POINT('Ctrl Pts',(-5.94664528702674,-3.09713305520421,-91.5999702194393));
#2829=CARTESIAN_POINT('Ctrl Pts',(-5.94284289139645,-3.12188864947868,-92.0154421813888));
#2830=CARTESIAN_POINT('Ctrl Pts',(-5.72142144569822,-3.31094432473934,-96.8077210906944));
#2831=CARTESIAN_POINT('Ctrl Pts',(-5.50000000000001,-3.5,-101.6));
#2832=CARTESIAN_POINT('Ctrl Pts',(-5.50914526131259,-2.98807025140815,-91.5999668172786));
#2833=CARTESIAN_POINT('Ctrl Pts',(-5.505696912381,-3.01754097430399,-92.0629163520849));
#2834=CARTESIAN_POINT('Ctrl Pts',(-5.5028484561905,-3.258770487152,-96.8314581760425));
#2835=CARTESIAN_POINT('Ctrl Pts',(-5.50000000000001,-3.5,-101.6));
#2836=CARTESIAN_POINT('Ctrl Pts',(-4.92581188825122,-2.84265309660624,-91.5999615220985));
#2837=CARTESIAN_POINT('Ctrl Pts',(-4.92291155243427,-2.87956996322995,-92.1368059492003));
#2838=CARTESIAN_POINT('Ctrl Pts',(-5.21145577621713,-3.18978498161498,-96.8684029746002));
#2839=CARTESIAN_POINT('Ctrl Pts',(-5.50000000000001,-3.5,-101.6));
#2840=CARTESIAN_POINT('Ctrl Pts',(-4.19664514016375,-2.66088140420843,-91.5999526713051));
#2841=CARTESIAN_POINT('Ctrl Pts',(-4.19487304598861,-2.71057931674588,-92.2603110128366));
#2842=CARTESIAN_POINT('Ctrl Pts',(-4.84743652299431,-3.10528965837294,-96.9301555064183));
#2843=CARTESIAN_POINT('Ctrl Pts',(-5.50000000000001,-3.5,-101.6));
#2844=CARTESIAN_POINT('Ctrl Pts',(-3.24872831333984,-2.42457769670553,-91.5999376741678));
#2845=CARTESIAN_POINT('Ctrl Pts',(-3.24918083880173,-2.49797159978566,-92.4695829173807));
#2846=CARTESIAN_POINT('Ctrl Pts',(-4.37459041940086,-2.99898579989283,-97.0347914586903));
#2847=CARTESIAN_POINT('Ctrl Pts',(-5.50000000000001,-3.5,-101.6));
#2848=CARTESIAN_POINT('Ctrl Pts',(-2.08206123513276,-2.13374166611405,-91.599914689991));
#2849=CARTESIAN_POINT('Ctrl Pts',(-2.08824406480002,-2.24604445186304,-92.7903069564594));
#2850=CARTESIAN_POINT('Ctrl Pts',(-3.79412203240001,-2.87302222593152,-97.1951534782297));
#2851=CARTESIAN_POINT('Ctrl Pts',(-5.50000000000001,-3.5,-101.6));
#2852=CARTESIAN_POINT('Ctrl Pts',(-1.13414448611045,-1.89743603919037,-91.5998896330469));
#2853=CARTESIAN_POINT('Ctrl Pts',(-1.14146620449623,-2.06022056934715,-93.1399546478556));
#2854=CARTESIAN_POINT('Ctrl Pts',(-3.32073310224812,-2.78011028467358,-97.3699773239278));
#2855=CARTESIAN_POINT('Ctrl Pts',(-5.50000000000001,-3.5,-101.6));
#2856=CARTESIAN_POINT('Ctrl Pts',(-0.0505225179867621,-1.62729977182617,
-91.5998555148042));
#2857=CARTESIAN_POINT('Ctrl Pts',(-0.0738258465186145,-1.86210847654123,
-93.6160448175523));
#2858=CARTESIAN_POINT('Ctrl Pts',(-2.78691292325931,-2.68105423827062,-97.6080224087762));
#2859=CARTESIAN_POINT('Ctrl Pts',(-5.50000000000001,-3.5,-101.6));
#2860=CARTESIAN_POINT('Ctrl Pts',(0.957675505838686,-1.40842899757349,-91.5998196762778));
#2861=CARTESIAN_POINT('Ctrl Pts',(0.907990572426203,-1.72107938793716,-94.1161400395955));
#2862=CARTESIAN_POINT('Ctrl Pts',(-2.2960047137869,-2.61053969396858,-97.8580700197978));
#2863=CARTESIAN_POINT('Ctrl Pts',(-5.50000000000001,-3.5,-101.6));
#2864=CARTESIAN_POINT('Ctrl Pts',(2.48719647508489,-1.17304522399199,-91.599755016221));
#2865=CARTESIAN_POINT('Ctrl Pts',(2.38558683892381,-1.6146004076264,-95.0184144492963));
#2866=CARTESIAN_POINT('Ctrl Pts',(-1.55720658053809,-2.5573002038132,-98.3092072246481));
#2867=CARTESIAN_POINT('Ctrl Pts',(-5.50000000000001,-3.5,-101.6));
#2868=CARTESIAN_POINT('Ctrl Pts',(3.80807060363536,-1.05168770248789,-91.5996912173485));
#2869=CARTESIAN_POINT('Ctrl Pts',(3.59913761615334,-1.57984839863376,-95.9086717935186));
#2870=CARTESIAN_POINT('Ctrl Pts',(-0.95043119192333,-2.53992419931688,-98.7543358967593));
#2871=CARTESIAN_POINT('Ctrl Pts',(-5.50000000000001,-3.5,-101.6));
#2872=CARTESIAN_POINT('Ctrl Pts',(4.83844605147449,-1.00671515800432,-91.5996404164206));
#2873=CARTESIAN_POINT('Ctrl Pts',(4.61690269458311,-1.49390382789055,-96.6175542099421));
#2874=CARTESIAN_POINT('Ctrl Pts',(-0.441548652708446,-2.49695191394528,
-99.1087771049711));
#2875=CARTESIAN_POINT('Ctrl Pts',(-5.50000000000001,-3.5,-101.6));
#2876=CARTESIAN_POINT('Ctrl Pts',(5.35405478411585,-0.999963319286593,-91.5996123710115));
#2877=CARTESIAN_POINT('Ctrl Pts',(5.0004734771711,-1.51181734270081,-97.008903309649));
#2878=CARTESIAN_POINT('Ctrl Pts',(-0.249763261414453,-2.5059086713504,-99.3044516548245));
#2879=CARTESIAN_POINT('Ctrl Pts',(-5.50000000000001,-3.5,-101.6));
#2880=CARTESIAN_POINT('Ctrl Pts',(5.77205733443593,-0.999970055926168,-91.5995933328035));
#2881=CARTESIAN_POINT('Ctrl Pts',(5.50577008321553,-1.41781344258391,-97.2745648141294));
#2882=CARTESIAN_POINT('Ctrl Pts',(0.00288504160776304,-2.45890672129196,
-99.4372824070647));
#2883=CARTESIAN_POINT('Ctrl Pts',(-5.50000000000001,-3.5,-101.6));
#2884=CARTESIAN_POINT('Ctrl Pts',(6.16480159810242,-0.837134014131343,-91.5995784940786));
#2885=CARTESIAN_POINT('Ctrl Pts',(6.14418149992093,-1.0705056608633,-97.4816262131025));
#2886=CARTESIAN_POINT('Ctrl Pts',(0.322090749960466,-2.28525283043165,-99.5408131065513));
#2887=CARTESIAN_POINT('Ctrl Pts',(-5.50000000000001,-3.5,-101.6));
#2888=CARTESIAN_POINT('Ctrl Pts',(6.40752463368694,-0.245396997693884,-91.5995383159626));
#2889=CARTESIAN_POINT('Ctrl Pts',(5.74281212730595,-0.473028813023298,-98.0422766034296));
#2890=CARTESIAN_POINT('Ctrl Pts',(0.121406063652973,-1.98651440651165,-99.8211383017148));
#2891=CARTESIAN_POINT('Ctrl Pts',(-5.50000000000001,-3.5,-101.6));
#2892=CARTESIAN_POINT('Ctrl Pts',(6.1583046713579,0.343687687148702,-91.5995337711446));
#2893=CARTESIAN_POINT('Ctrl Pts',(6.01601953840643,-0.682855064273364,-98.1056955535037));
#2894=CARTESIAN_POINT('Ctrl Pts',(0.258009769203215,-2.09142753213668,-99.8528477767519));
#2895=CARTESIAN_POINT('Ctrl Pts',(-5.50000000000001,-3.5,-101.6));
#2896=CARTESIAN_POINT('Ctrl Pts',(5.76378757970735,0.502178538413579,-91.5995112238733));
#2897=CARTESIAN_POINT('Ctrl Pts',(5.40696404166542,-0.235996212151011,-98.4203229606168));
#2898=CARTESIAN_POINT('Ctrl Pts',(-0.0465179791672932,-1.86799810607551,
-100.010161480308));
#2899=CARTESIAN_POINT('Ctrl Pts',(-5.50000000000001,-3.5,-101.6));
#2900=CARTESIAN_POINT('Ctrl Pts',(5.56676376188332,0.500002450759103,-91.5995140464752));
#2901=CARTESIAN_POINT('Ctrl Pts',(5.17557089113439,-0.169577370556543,-98.3809360258174));
#2902=CARTESIAN_POINT('Ctrl Pts',(-0.162214554432808,-1.83478868527827,
-99.9904680129087));
#2903=CARTESIAN_POINT('Ctrl Pts',(-5.50000000000001,-3.5,-101.6));
#2904=CARTESIAN_POINT('Origin',(0.,-3.92677778474323,0.));
#2905=CARTESIAN_POINT('',(-3.06161699786838E-16,-3.5,-2.5));
#2906=CARTESIAN_POINT('Origin',(0.,-3.5,0.));
#2907=CARTESIAN_POINT('',(-3.06161699786838E-16,3.5,-2.5));
#2908=CARTESIAN_POINT('',(-3.06161699786838E-16,-3.92677778474323,-2.5));
#2909=CARTESIAN_POINT('Origin',(0.,3.5,0.));
#2910=CARTESIAN_POINT('Ctrl Pts',(-5.56676214992956,0.499999691723221,91.5995419895645));
#2911=CARTESIAN_POINT('Ctrl Pts',(-5.17555622809644,-0.169581944936114,
98.3809404472444));
#2912=CARTESIAN_POINT('Ctrl Pts',(0.162221885951781,-1.83479097246806,99.9904702236222));
#2913=CARTESIAN_POINT('Ctrl Pts',(5.50000000000001,-3.5,101.6));
#2914=CARTESIAN_POINT('Ctrl Pts',(-5.33681509055755,0.497460305323099,91.5995450944003));
#2915=CARTESIAN_POINT('Ctrl Pts',(-4.90549718760398,-0.0920644877838229,
98.3349719395534));
#2916=CARTESIAN_POINT('Ctrl Pts',(0.29725140619801,-1.79603224389191,99.9674859697767));
#2917=CARTESIAN_POINT('Ctrl Pts',(5.50000000000001,-3.5,101.6));
#2918=CARTESIAN_POINT('Ctrl Pts',(-4.72372177127395,0.480124415213748,91.5996016320129));
#2919=CARTESIAN_POINT('Ctrl Pts',(-4.45023414880909,-0.170472253364174,
97.4979068441153));
#2920=CARTESIAN_POINT('Ctrl Pts',(0.524882925595456,-1.83523612668209,99.5489534220577));
#2921=CARTESIAN_POINT('Ctrl Pts',(5.50000000000001,-3.5,101.6));
#2922=CARTESIAN_POINT('Ctrl Pts',(-3.50012061081777,0.389100210201232,91.5996580088677));
#2923=CARTESIAN_POINT('Ctrl Pts',(-3.24886306369669,-0.0963041138824066,
96.663221841863));
#2924=CARTESIAN_POINT('Ctrl Pts',(1.12556846815165,-1.7981520569412,99.1316109209315));
#2925=CARTESIAN_POINT('Ctrl Pts',(5.50000000000001,-3.5,101.6));
#2926=CARTESIAN_POINT('Ctrl Pts',(-1.90651630012877,0.149877037202139,91.5997453280359));
#2927=CARTESIAN_POINT('Ctrl Pts',(-1.78971794798355,-0.253470873130758,
95.3704218038013));
#2928=CARTESIAN_POINT('Ctrl Pts',(1.85514102600822,-1.87673543656538,98.4852109019006));
#2929=CARTESIAN_POINT('Ctrl Pts',(5.50000000000001,-3.5,101.6));
#2930=CARTESIAN_POINT('Ctrl Pts',(-0.118070784998597,-0.289653466089644,
91.5998206887792));
#2931=CARTESIAN_POINT('Ctrl Pts',(-0.0670508288382884,-0.560668047662642,
94.2546716902204));
#2932=CARTESIAN_POINT('Ctrl Pts',(2.71647458558086,-2.03033402383132,97.9273358451102));
#2933=CARTESIAN_POINT('Ctrl Pts',(5.50000000000001,-3.5,101.6));
#2934=CARTESIAN_POINT('Ctrl Pts',(1.04226778465388,-0.690957355836404,91.5998621591935));
#2935=CARTESIAN_POINT('Ctrl Pts',(1.05184596806621,-0.912202579201298,93.6406833242934));
#2936=CARTESIAN_POINT('Ctrl Pts',(3.27592298403311,-2.20610128960065,97.6203416621467));
#2937=CARTESIAN_POINT('Ctrl Pts',(5.50000000000001,-3.5,101.6));
#2938=CARTESIAN_POINT('Ctrl Pts',(2.11199600371979,-1.11693574887034,91.5998959186416));
#2939=CARTESIAN_POINT('Ctrl Pts',(2.10542519893552,-1.28337074323643,93.1408593255447));
#2940=CARTESIAN_POINT('Ctrl Pts',(3.80271259946776,-2.39168537161821,97.3704296627724));
#2941=CARTESIAN_POINT('Ctrl Pts',(5.50000000000001,-3.5,101.6));
#2942=CARTESIAN_POINT('Ctrl Pts',(3.11199576268283,-1.51514839689497,91.5999232333991));
#2943=CARTESIAN_POINT('Ctrl Pts',(3.10899884348018,-1.6237107280239,92.7364519060477));
#2944=CARTESIAN_POINT('Ctrl Pts',(4.30449942174009,-2.56185536401195,97.1682259530238));
#2945=CARTESIAN_POINT('Ctrl Pts',(5.50000000000001,-3.5,101.6));
#2946=CARTESIAN_POINT('Ctrl Pts',(4.42449609453123,-2.03780005723245,91.5999495277474));
#2947=CARTESIAN_POINT('Ctrl Pts',(4.41659221649567,-2.10653515363533,92.3471521073415));
#2948=CARTESIAN_POINT('Ctrl Pts',(4.95829610824784,-2.80326757681767,96.9735760536707));
#2949=CARTESIAN_POINT('Ctrl Pts',(5.50000000000001,-3.5,101.6));
#2950=CARTESIAN_POINT('Ctrl Pts',(5.42449603717543,-2.43601031871848,91.5999634857811));
#2951=CARTESIAN_POINT('Ctrl Pts',(5.41744637781909,-2.48220892883123,92.1404970644006));
#2952=CARTESIAN_POINT('Ctrl Pts',(5.45872318890955,-2.99110446441562,96.8702485322003));
#2953=CARTESIAN_POINT('Ctrl Pts',(5.50000000000001,-3.5,101.6));
#2954=CARTESIAN_POINT('Ctrl Pts',(6.11199605779658,-2.70977954652593,91.5999704880004));
#2955=CARTESIAN_POINT('Ctrl Pts',(6.10464449781039,-2.74532550315916,92.0368260199341));
#2956=CARTESIAN_POINT('Ctrl Pts',(5.80232224890519,-3.12266275157958,96.8184130099671));
#2957=CARTESIAN_POINT('Ctrl Pts',(5.50000000000001,-3.5,101.6));
#2958=CARTESIAN_POINT('Ctrl Pts',(6.61199593434265,-2.90888434820411,91.5999741122308));
#2959=CARTESIAN_POINT('Ctrl Pts',(6.60647478085696,-2.93803434537938,91.9831676377512));
#2960=CARTESIAN_POINT('Ctrl Pts',(6.05323739042848,-3.21901717268969,96.7915838188756));
#2961=CARTESIAN_POINT('Ctrl Pts',(5.50000000000001,-3.5,101.6));
#2962=CARTESIAN_POINT('Ctrl Pts',(6.98699617299557,-3.058212753752,91.5999758962541));
#2963=CARTESIAN_POINT('Ctrl Pts',(6.97794283777051,-3.08546323749907,91.9567543607));
#2964=CARTESIAN_POINT('Ctrl Pts',(6.23897141888525,-3.29273161874953,96.77837718035));
#2965=CARTESIAN_POINT('Ctrl Pts',(5.50000000000001,-3.5,101.6));
#2966=CARTESIAN_POINT('Ctrl Pts',(7.23699574098494,-3.15776520318936,91.5999766644097));
#2967=CARTESIAN_POINT('Ctrl Pts',(7.23433960229726,-3.18109770393726,91.9453814676743));
#2968=CARTESIAN_POINT('Ctrl Pts',(6.36716980114863,-3.34054885196863,96.7726907338371));
#2969=CARTESIAN_POINT('Ctrl Pts',(5.50000000000001,-3.5,101.6));
#2970=CARTESIAN_POINT('Ctrl Pts',(7.42449707678812,-3.23242894510163,91.5999771188873));
#2971=CARTESIAN_POINT('Ctrl Pts',(7.40206273733047,-3.26163512309461,91.9386527206815));
#2972=CARTESIAN_POINT('Ctrl Pts',(6.45103136866524,-3.38081756154731,96.7693263603407));
#2973=CARTESIAN_POINT('Ctrl Pts',(5.50000000000001,-3.5,101.6));
#2974=CARTESIAN_POINT('Ctrl Pts',(7.54949374865575,-3.28220624416982,91.5999770857973));
#2975=CARTESIAN_POINT('Ctrl Pts',(7.576337319519,-3.29354593407216,91.9391426329856));
#2976=CARTESIAN_POINT('Ctrl Pts',(6.5381686597595,-3.39677296703608,96.7695713164928));
#2977=CARTESIAN_POINT('Ctrl Pts',(5.50000000000001,-3.5,101.6));
#2978=CARTESIAN_POINT('Ctrl Pts',(7.6352768267227,-3.31636349602555,91.5999772719181));
#2979=CARTESIAN_POINT('Ctrl Pts',(7.61576838897607,-3.34358902991103,91.9363870297538));
#2980=CARTESIAN_POINT('Ctrl Pts',(6.55788419448804,-3.42179451495551,96.7681935148769));
#2981=CARTESIAN_POINT('Ctrl Pts',(5.50000000000001,-3.5,101.6));
#2982=CARTESIAN_POINT('Ctrl Pts',(7.67444219705471,-3.35308201324925,91.5999774151613));
#2983=CARTESIAN_POINT('Ctrl Pts',(7.61356642522662,-3.39462105760739,91.9342662494079));
#2984=CARTESIAN_POINT('Ctrl Pts',(6.55678321261331,-3.4473105288037,96.7671331247039));
#2985=CARTESIAN_POINT('Ctrl Pts',(5.50000000000001,-3.5,101.6));
#2986=CARTESIAN_POINT('Ctrl Pts',(7.67963254760397,-3.43382255778349,91.5999774591943));
#2987=CARTESIAN_POINT('Ctrl Pts',(7.60813559541571,-3.4077674336727,91.9336143206306));
#2988=CARTESIAN_POINT('Ctrl Pts',(6.55406779770786,-3.45388371683635,96.7668071603153));
#2989=CARTESIAN_POINT('Ctrl Pts',(5.50000000000001,-3.5,101.6));
#2990=CARTESIAN_POINT('Ctrl Pts',(7.62835887588203,-3.49606079768415,91.5999772473544));
#2991=CARTESIAN_POINT('Ctrl Pts',(7.6219168168426,-3.45553698012368,91.9367507062521));
#2992=CARTESIAN_POINT('Ctrl Pts',(6.5609584084213,-3.47776849006184,96.7683753531261));
#2993=CARTESIAN_POINT('Ctrl Pts',(5.50000000000001,-3.5,101.6));
#2994=CARTESIAN_POINT('Ctrl Pts',(7.57512578138369,-3.50309149429163,91.5999772291768));
#2995=CARTESIAN_POINT('Ctrl Pts',(7.56967581748252,-3.50467767122054,91.9370198340658));
#2996=CARTESIAN_POINT('Ctrl Pts',(6.53483790874126,-3.50233883561027,96.7685099170329));
#2997=CARTESIAN_POINT('Ctrl Pts',(5.50000000000001,-3.5,101.6));
#2998=CARTESIAN_POINT('Ctrl Pts',(7.47789529578919,-3.47884973921279,91.5999771856785));
#2999=CARTESIAN_POINT('Ctrl Pts',(7.4737436115374,-3.53393872701205,91.9376638453402));
#3000=CARTESIAN_POINT('Ctrl Pts',(6.4868718057687,-3.51696936350603,96.7688319226701));
#3001=CARTESIAN_POINT('Ctrl Pts',(5.50000000000001,-3.5,101.6));
#3002=CARTESIAN_POINT('Ctrl Pts',(7.33206203917144,-3.44249948913118,91.5999770882654));
#3003=CARTESIAN_POINT('Ctrl Pts',(7.32677362839612,-3.43976615960133,91.9391060920002));
#3004=CARTESIAN_POINT('Ctrl Pts',(6.41338681419806,-3.46988307980066,96.7695530460001));
#3005=CARTESIAN_POINT('Ctrl Pts',(5.50000000000001,-3.5,101.6));
#3006=CARTESIAN_POINT('Ctrl Pts',(7.11331198962373,-3.38796660671735,91.5999767345644));
#3007=CARTESIAN_POINT('Ctrl Pts',(7.10875570018215,-3.40965611495239,91.9443427950828));
#3008=CARTESIAN_POINT('Ctrl Pts',(6.30437785009108,-3.45482805747619,96.7721713975414));
#3009=CARTESIAN_POINT('Ctrl Pts',(5.50000000000001,-3.5,101.6));
#3010=CARTESIAN_POINT('Ctrl Pts',(6.89456198638873,-3.33343572263478,91.5999762053709));
#3011=CARTESIAN_POINT('Ctrl Pts',(6.89005188242323,-3.34995981427184,91.9521777472452));
#3012=CARTESIAN_POINT('Ctrl Pts',(6.19502594121162,-3.42497990713592,96.7760888736226));
#3013=CARTESIAN_POINT('Ctrl Pts',(5.50000000000001,-3.5,101.6));
#3014=CARTESIAN_POINT('Ctrl Pts',(6.67581197239845,-3.27890429003049,91.5999754940187));
#3015=CARTESIAN_POINT('Ctrl Pts',(6.67150712757105,-3.29838458392959,91.9627096406271));
#3016=CARTESIAN_POINT('Ctrl Pts',(6.08575356378553,-3.39919229196479,96.7813548203135));
#3017=CARTESIAN_POINT('Ctrl Pts',(5.50000000000001,-3.5,101.6));
#3018=CARTESIAN_POINT('Ctrl Pts',(6.31122862213766,-3.18801878028901,91.5999740101697));
#3019=CARTESIAN_POINT('Ctrl Pts',(6.30717103517291,-3.20929792434557,91.9846787004235));
#3020=CARTESIAN_POINT('Ctrl Pts',(5.90358551758646,-3.35464896217279,96.7923393502117));
#3021=CARTESIAN_POINT('Ctrl Pts',(5.50000000000001,-3.5,101.6));
#3022=CARTESIAN_POINT('Ctrl Pts',(5.94664527135758,-3.09713315721155,91.5999719314328));
#3023=CARTESIAN_POINT('Ctrl Pts',(5.94284228314587,-3.12188916881963,92.0154553459058));
#3024=CARTESIAN_POINT('Ctrl Pts',(5.72142114157294,-3.31094458440981,96.8077276729529));
#3025=CARTESIAN_POINT('Ctrl Pts',(5.50000000000001,-3.5,101.6));
#3026=CARTESIAN_POINT('Ctrl Pts',(5.50914524710353,-2.98807037284464,91.5999687249049));
#3027=CARTESIAN_POINT('Ctrl Pts',(5.50569690455621,-3.01754163696785,92.0629294513955));
#3028=CARTESIAN_POINT('Ctrl Pts',(5.50284845227811,-3.25877081848392,96.8314647256978));
#3029=CARTESIAN_POINT('Ctrl Pts',(5.50000000000001,-3.5,101.6));
#3030=CARTESIAN_POINT('Ctrl Pts',(4.92581187630192,-2.8426532487252,91.599963734211));
#3031=CARTESIAN_POINT('Ctrl Pts',(4.92291234507289,-2.87957081539882,92.1368189470226));
#3032=CARTESIAN_POINT('Ctrl Pts',(5.21145617253645,-3.18978540769941,96.8684094735113));
#3033=CARTESIAN_POINT('Ctrl Pts',(5.50000000000001,-3.5,101.6));
#3034=CARTESIAN_POINT('Ctrl Pts',(4.19664513286546,-2.66088160899261,91.5999553923605));
#3035=CARTESIAN_POINT('Ctrl Pts',(4.19487483859776,-2.71058040102564,92.2603238410231));
#3036=CARTESIAN_POINT('Ctrl Pts',(4.84743741929888,-3.10529020051282,96.9301619205115));
#3037=CARTESIAN_POINT('Ctrl Pts',(5.50000000000001,-3.5,101.6));
#3038=CARTESIAN_POINT('Ctrl Pts',(3.24872831521086,-2.42457799913044,91.5999412575964));
#3039=CARTESIAN_POINT('Ctrl Pts',(3.24918393033164,-2.49797297608493,92.4695954581294));
#3040=CARTESIAN_POINT('Ctrl Pts',(4.37459196516582,-2.99898648804246,97.0347977290647));
#3041=CARTESIAN_POINT('Ctrl Pts',(5.50000000000001,-3.5,101.6));
#3042=CARTESIAN_POINT('Ctrl Pts',(2.08206126061897,-2.13374212886505,91.5999195950678));
#3043=CARTESIAN_POINT('Ctrl Pts',(2.08824875089196,-2.24604617418759,92.7903190566894));
#3044=CARTESIAN_POINT('Ctrl Pts',(3.79412437544598,-2.87302308709379,97.1951595283447));
#3045=CARTESIAN_POINT('Ctrl Pts',(5.50000000000001,-3.5,101.6));
#3046=CARTESIAN_POINT('Ctrl Pts',(1.13414451629218,-1.89743670995364,91.5998959789612));
#3047=CARTESIAN_POINT('Ctrl Pts',(1.1414721910001,-2.06022254690326,93.1399662678399));
#3048=CARTESIAN_POINT('Ctrl Pts',(3.32073609550005,-2.78011127345163,97.3699831339199));
#3049=CARTESIAN_POINT('Ctrl Pts',(5.50000000000001,-3.5,101.6));
#3050=CARTESIAN_POINT('Ctrl Pts',(0.0505226140242759,-1.62730073936807,
91.5998638226034));
#3051=CARTESIAN_POINT('Ctrl Pts',(0.0738332994406479,-1.86211072620692,
93.6160557836204));
#3052=CARTESIAN_POINT('Ctrl Pts',(2.78691664972032,-2.68105536310346,97.6080278918102));
#3053=CARTESIAN_POINT('Ctrl Pts',(5.50000000000001,-3.5,101.6));
#3054=CARTESIAN_POINT('Ctrl Pts',(-0.957675301092092,-1.40843028586511,
91.5998300448828));
#3055=CARTESIAN_POINT('Ctrl Pts',(-0.907981770966321,-1.72108183130817,
94.1161503187763));
#3056=CARTESIAN_POINT('Ctrl Pts',(2.29600911451684,-2.61054091565409,97.8580751593881));
#3057=CARTESIAN_POINT('Ctrl Pts',(5.50000000000001,-3.5,101.6));
#3058=CARTESIAN_POINT('Ctrl Pts',(-2.48719605637661,-1.1730470434405,91.5997691029422));
#3059=CARTESIAN_POINT('Ctrl Pts',(-2.3855760079659,-1.6146029972477,95.0184234891912));
#3060=CARTESIAN_POINT('Ctrl Pts',(1.55721199601705,-2.55730149862385,98.3092117445956));
#3061=CARTESIAN_POINT('Ctrl Pts',(5.50000000000001,-3.5,101.6));
#3062=CARTESIAN_POINT('Ctrl Pts',(-3.80806974269412,-1.05168987879746,91.5997089726658));
#3063=CARTESIAN_POINT('Ctrl Pts',(-3.59912511836737,-1.5798510359874,95.9086796106333));
#3064=CARTESIAN_POINT('Ctrl Pts',(0.950437440816317,-2.5399255179937,98.7543398053166));
#3065=CARTESIAN_POINT('Ctrl Pts',(5.50000000000001,-3.5,101.6));
#3066=CARTESIAN_POINT('Ctrl Pts',(-4.83844513856891,-1.0067171654875,91.5996610929194));
#3067=CARTESIAN_POINT('Ctrl Pts',(-4.61688879888333,-1.4939065832902,96.6175610533973));
#3068=CARTESIAN_POINT('Ctrl Pts',(0.441555600558336,-2.4969532916451,99.1087805266987));
#3069=CARTESIAN_POINT('Ctrl Pts',(5.50000000000001,-3.5,101.6));
#3070=CARTESIAN_POINT('Ctrl Pts',(-5.35405332714232,-0.999965428404154,
91.5996346601921));
#3071=CARTESIAN_POINT('Ctrl Pts',(-5.00045905463176,-1.51182007349601,97.0089096155811));
#3072=CARTESIAN_POINT('Ctrl Pts',(0.249770472684118,-2.505910036748,99.3044548077905));
#3073=CARTESIAN_POINT('Ctrl Pts',(5.50000000000001,-3.5,101.6));
#3074=CARTESIAN_POINT('Ctrl Pts',(-5.7720562371591,-0.999971777669964,91.599616716729));
#3075=CARTESIAN_POINT('Ctrl Pts',(-5.50575496664462,-1.41781630249471,97.2745707551719));
#3076=CARTESIAN_POINT('Ctrl Pts',(-0.00287748332231108,-2.45890815124736,
99.4372853775859));
#3077=CARTESIAN_POINT('Ctrl Pts',(5.50000000000001,-3.5,101.6));
#3078=CARTESIAN_POINT('Ctrl Pts',(-6.16480151310365,-0.837134975754036,
91.5996027312682));
#3079=CARTESIAN_POINT('Ctrl Pts',(-6.14416550648349,-1.07050899780594,97.4816318697434));
#3080=CARTESIAN_POINT('Ctrl Pts',(-0.322082753241746,-2.28525449890297,
99.5408159348717));
#3081=CARTESIAN_POINT('Ctrl Pts',(5.50000000000001,-3.5,101.6));
#3082=CARTESIAN_POINT('Ctrl Pts',(-6.4075218946846,-0.245397935667097,91.5995648634951));
#3083=CARTESIAN_POINT('Ctrl Pts',(-5.74279668515466,-0.473032970608295,
98.0422814900098));
#3084=CARTESIAN_POINT('Ctrl Pts',(-0.121398342577327,-1.98651648530415,
99.8211407450049));
#3085=CARTESIAN_POINT('Ctrl Pts',(5.50000000000001,-3.5,101.6));
#3086=CARTESIAN_POINT('Ctrl Pts',(-6.15830408503458,0.343683457236364,91.5995605800157));
#3087=CARTESIAN_POINT('Ctrl Pts',(-6.01600372100114,-0.682858933659227,
98.1057003529772));
#3088=CARTESIAN_POINT('Ctrl Pts',(-0.25800186050057,-2.09142946682961,99.8528501764886));
#3089=CARTESIAN_POINT('Ctrl Pts',(5.50000000000001,-3.5,101.6));
#3090=CARTESIAN_POINT('Ctrl Pts',(-5.76378610937294,0.502175496730144,91.5995393292693));
#3091=CARTESIAN_POINT('Ctrl Pts',(-5.40694906080591,-0.236000695303424,
98.4203273279453));
#3092=CARTESIAN_POINT('Ctrl Pts',(0.0465254695970441,-1.86800034765171,
100.010163663973));
#3093=CARTESIAN_POINT('Ctrl Pts',(5.50000000000001,-3.5,101.6));
#3094=CARTESIAN_POINT('Ctrl Pts',(-5.56676214992956,0.499999691723221,91.5995419895645));
#3095=CARTESIAN_POINT('Ctrl Pts',(-5.17555622809644,-0.169581944936114,
98.3809404472444));
#3096=CARTESIAN_POINT('Ctrl Pts',(0.162221885951781,-1.83479097246806,99.9904702236222));
#3097=CARTESIAN_POINT('Ctrl Pts',(5.50000000000001,-3.5,101.6));
#3098=CARTESIAN_POINT('',(6.75122608878445,-3.2977053345421,91.6));
#3099=CARTESIAN_POINT('',(0.550811681216301,-1.75203108432006,91.6));
#3100=CARTESIAN_POINT('',(7.55081168072558,-3.49703053751618,91.6));
#3101=CARTESIAN_POINT('',(5.5,-3.5,101.6));
#3102=CARTESIAN_POINT('Ctrl Pts',(6.75122608878445,-3.2977053345421,91.6));
#3103=CARTESIAN_POINT('Ctrl Pts',(6.74682112440458,-3.31613682688172,91.9594384520942));
#3104=CARTESIAN_POINT('Ctrl Pts',(6.12341056220229,-3.40806841344086,96.7797192260471));
#3105=CARTESIAN_POINT('Ctrl Pts',(5.5,-3.5,101.6));
#3106=CARTESIAN_POINT('',(-5.56673572008482,0.499954466402781,91.6));
#3107=CARTESIAN_POINT('Ctrl Pts',(-5.56673572008482,0.499954466402781,91.6));
#3108=CARTESIAN_POINT('Ctrl Pts',(-5.17531588435113,-0.169656924181382,
98.3810129194241));
#3109=CARTESIAN_POINT('Ctrl Pts',(0.162342057824436,-1.83482846209069,99.9905064597121));
#3110=CARTESIAN_POINT('Ctrl Pts',(5.5,-3.5,101.6));
#3111=CARTESIAN_POINT('',(-5.575,-1.,91.6));
#3112=CARTESIAN_POINT('Origin',(-5.575,-0.25,91.6));
#3113=CARTESIAN_POINT('Origin',(-5.575,-26.3254953815837,91.6));
#3114=CARTESIAN_POINT('Origin',(0.,3.5,0.));
#3115=CARTESIAN_POINT('',(-6.73555739531044E-16,-3.5,5.5));
#3116=CARTESIAN_POINT('Origin',(0.,-3.5,0.));
#3117=CARTESIAN_POINT('',(-2.58111921144849E-14,-0.885812742306294,5.5));
#3118=CARTESIAN_POINT('',(-6.73555739531044E-16,3.5,5.5));
#3119=CARTESIAN_POINT('',(-5.49997442119343,1.49200335306848,0.));
#3120=CARTESIAN_POINT('Ctrl Pts',(-5.5,1.49200321841365,5.60738905200835E-11));
#3121=CARTESIAN_POINT('Ctrl Pts',(-5.49999999999997,1.49200321840757,0.00334736543117943));
#3122=CARTESIAN_POINT('Ctrl Pts',(-5.49999723957565,1.4914631728658,0.00670321688607701));
#3123=CARTESIAN_POINT('Ctrl Pts',(-5.49998347832409,1.48937434810859,0.0138977233657804));
#3124=CARTESIAN_POINT('Ctrl Pts',(-5.49997334752525,1.48800168293511,0.0174128978957361));
#3125=CARTESIAN_POINT('Ctrl Pts',(-5.49984300388404,1.47312931222614,0.0522464728308689));
#3126=CARTESIAN_POINT('Ctrl Pts',(-5.4997832674395,1.42276439145184,0.140224326049431));
#3127=CARTESIAN_POINT('Ctrl Pts',(-5.46315548674204,1.02715243307612,0.881283135091274));
#3128=CARTESIAN_POINT('Ctrl Pts',(-5.34046517354361,0.819058041141644,1.37891407665014));
#3129=CARTESIAN_POINT('Ctrl Pts',(-4.95100506540177,0.420098711795333,2.52363143855072));
#3130=CARTESIAN_POINT('Ctrl Pts',(-4.62988206285381,0.411209310690085,2.97884022686909));
#3131=CARTESIAN_POINT('Ctrl Pts',(-4.20308891479694,0.356602377914625,3.58179831276991));
#3132=CARTESIAN_POINT('Ctrl Pts',(-3.86510832213548,0.303420003667387,3.94356291619168));
#3133=CARTESIAN_POINT('Ctrl Pts',(-2.9395003800393,0.112546356683909,4.70187702258958));
#3134=CARTESIAN_POINT('Ctrl Pts',(-2.32521503582348,-0.0503553411179828,
5.03090528486467));
#3135=CARTESIAN_POINT('Ctrl Pts',(-1.12472836104994,-0.445209589552679,
5.41462501237921));
#3136=CARTESIAN_POINT('Ctrl Pts',(-0.559692404745567,-0.657536914501313,
5.49999999999999));
#3137=CARTESIAN_POINT('Ctrl Pts',(-5.10008701937181E-14,-0.885812742306293,
5.5));
#3138=CARTESIAN_POINT('',(-5.5,1.51133387303939,-1.15516625117719E-18));
#3139=CARTESIAN_POINT('Origin',(-4.2500063665398,1.50000001055678,0.));
#3140=CARTESIAN_POINT('',(-4.58673884151164,2.87850726836756,3.03509914167041));
#3141=CARTESIAN_POINT('Ctrl Pts',(-4.58673884151164,2.87850726836756,3.03509914167041));
#3142=CARTESIAN_POINT('Ctrl Pts',(-4.74351634291954,2.83844915946179,2.79817197006343));
#3143=CARTESIAN_POINT('Ctrl Pts',(-4.88065043758412,2.76149037445857,2.5502351897929));
#3144=CARTESIAN_POINT('Ctrl Pts',(-5.11221878050089,2.57042521219881,2.04787533812332));
#3145=CARTESIAN_POINT('Ctrl Pts',(-5.20755326754061,2.45364119640949,1.78994488070794));
#3146=CARTESIAN_POINT('Ctrl Pts',(-5.41874503379401,2.09571350787417,1.06140061448129));
#3147=CARTESIAN_POINT('Ctrl Pts',(-5.47948927242136,1.84557663642341,0.619746355472027));
#3148=CARTESIAN_POINT('Ctrl Pts',(-5.49947247393473,1.57138915175396,0.123866276390969));
#3149=CARTESIAN_POINT('Ctrl Pts',(-5.49987389724501,1.52740700738312,0.0468953211359708));
#3150=CARTESIAN_POINT('Ctrl Pts',(-5.49999484738751,1.51266642325361,0.0107397303297741));
#3151=CARTESIAN_POINT('Ctrl Pts',(-5.5,1.51133387303939,0.0052401227009654));
#3152=CARTESIAN_POINT('Ctrl Pts',(-5.5,1.51133387303939,-1.15516625117719E-18));
#3153=CARTESIAN_POINT('',(-2.00211240670326E-15,2.03457619198796,5.5));
#3154=CARTESIAN_POINT('Ctrl Pts',(-4.58673884151164,2.87850726836756,3.03509914167041));
#3155=CARTESIAN_POINT('Ctrl Pts',(-4.3675369238854,2.93588576018538,3.36636408649747));
#3156=CARTESIAN_POINT('Ctrl Pts',(-4.11238646928789,2.9821598797419,3.67411866543665));
#3157=CARTESIAN_POINT('Ctrl Pts',(-3.56042943202643,3.02693598256727,4.20808066370333));
#3158=CARTESIAN_POINT('Ctrl Pts',(-3.27262945169103,3.02902815860385,4.43550735286648));
#3159=CARTESIAN_POINT('Ctrl Pts',(-2.46538307947907,2.97084218670314,4.95207036555075));
#3160=CARTESIAN_POINT('Ctrl Pts',(-1.92860796063771,2.87222764853931,5.18148841794842));
#3161=CARTESIAN_POINT('Ctrl Pts',(-0.905342671296615,2.53524445383377,5.4474129087863));
#3162=CARTESIAN_POINT('Ctrl Pts',(-0.434422326906593,2.32016231880748,5.5));
#3163=CARTESIAN_POINT('Ctrl Pts',(-3.33066907387547E-15,2.03457619198796,
5.5));
#3164=CARTESIAN_POINT('',(-6.73555739531044E-16,3.5,5.5));
#3165=CARTESIAN_POINT('',(-6.73555739531044E-16,3.5,5.5));
#3166=CARTESIAN_POINT('Origin',(0.,3.5,0.));
#3167=CARTESIAN_POINT('',(5.22522384064014,-3.42918459135548,1.71669327930353));
#3168=CARTESIAN_POINT('Ctrl Pts',(-3.33066907387547E-15,2.03457619198796,
5.5));
#3169=CARTESIAN_POINT('Ctrl Pts',(0.00734593184927001,2.02974702899431,
5.5));
#3170=CARTESIAN_POINT('Ctrl Pts',(0.0146813694395658,2.02489761784659,5.49998528281271));
#3171=CARTESIAN_POINT('Ctrl Pts',(0.640391810583192,1.60891124736495,5.49748171750002));
#3172=CARTESIAN_POINT('Ctrl Pts',(1.02845985746337,1.14109657976094,5.41096644015191));
#3173=CARTESIAN_POINT('Ctrl Pts',(2.08257176052144,0.0316883567958222,5.15168114182287));
#3174=CARTESIAN_POINT('Ctrl Pts',(2.70163659523631,-0.548644910497577,4.82492018441566));
#3175=CARTESIAN_POINT('Ctrl Pts',(3.63980926627604,-1.43523125505588,4.16318675904561));
#3176=CARTESIAN_POINT('Ctrl Pts',(4.08169165340321,-1.84586813899796,3.74092868307955));
#3177=CARTESIAN_POINT('Ctrl Pts',(4.67882201862731,-2.39977319997031,2.91625082830654));
#3178=CARTESIAN_POINT('Ctrl Pts',(4.8777210224937,-2.58382859272978,2.57368379419412));
#3179=CARTESIAN_POINT('Ctrl Pts',(5.15381108220989,-2.83931207718718,1.94117225108598));
#3180=CARTESIAN_POINT('Ctrl Pts',(5.24896742292294,-2.92735336954962,1.6686797980673));
#3181=CARTESIAN_POINT('Ctrl Pts',(5.42496983257316,-3.09022601978269,0.99207711451781));
#3182=CARTESIAN_POINT('Ctrl Pts',(5.47434828198204,-3.13030064583872,0.63533191036774));
#3183=CARTESIAN_POINT('Ctrl Pts',(5.49621155624124,-3.20806489159297,0.21593332640494));
#3184=CARTESIAN_POINT('Ctrl Pts',(5.4982278122536,-3.22008984760346,0.150847941903202));
#3185=CARTESIAN_POINT('Ctrl Pts',(5.4995715776556,-3.23547555686919,0.0720026639733199));
#3186=CARTESIAN_POINT('Ctrl Pts',(5.49981505999003,-3.23789110887701,0.0496467840242831));
#3187=CARTESIAN_POINT('Ctrl Pts',(5.49993274480332,-3.24621016226669,0.0272492774364054));
#3188=CARTESIAN_POINT('Ctrl Pts',(5.49993802773766,-3.24677447023773,0.0261176651414974));
#3189=CARTESIAN_POINT('Ctrl Pts',(5.49994198523687,-3.24746864556899,0.0252625300350562));
#3190=CARTESIAN_POINT('Ctrl Pts',(5.49994285335393,-3.24765214689827,0.0250724686490748));
#3191=CARTESIAN_POINT('Ctrl Pts',(5.49994387056041,-3.24798686358027,0.0248481039694489));
#3192=CARTESIAN_POINT('Ctrl Pts',(5.49994417891973,-3.24812914406522,0.0247796252920059));
#3193=CARTESIAN_POINT('Ctrl Pts',(5.49994444340578,-3.24840524908207,0.0247208441500872));
#3194=CARTESIAN_POINT('Ctrl Pts',(5.49994445059608,-3.24852838808085,0.0247192415042993));
#3195=CARTESIAN_POINT('Ctrl Pts',(5.49994423433358,-3.24878326500067,0.0247673138265486));
#3196=CARTESIAN_POINT('Ctrl Pts',(5.49994400309497,-3.24890692265034,0.0248186903126191));
#3197=CARTESIAN_POINT('Ctrl Pts',(5.49994321833908,-3.24920249909084,0.0249921237205321));
#3198=CARTESIAN_POINT('Ctrl Pts',(5.49994254580042,-3.24936567584451,0.0251399393658879));
#3199=CARTESIAN_POINT('Ctrl Pts',(5.49994035671228,-3.24980205873035,0.025615940726071));
#3200=CARTESIAN_POINT('Ctrl Pts',(5.49993835324428,-3.25007405539446,0.0260445007593194));
#3201=CARTESIAN_POINT('Ctrl Pts',(5.49992400386531,-3.25167536688013,0.0290228837010488));
#3202=CARTESIAN_POINT('Ctrl Pts',(5.49990073052668,-3.2532795843173,0.0344303570883402));
#3203=CARTESIAN_POINT('Ctrl Pts',(5.4996904304139,-3.25943335091578,0.060657814934539));
#3204=CARTESIAN_POINT('Ctrl Pts',(5.49938698530296,-3.26516111722255,0.0890723780503342));
#3205=CARTESIAN_POINT('Ctrl Pts',(5.48653081036924,-3.37976343387726,0.661117922317536));
#3206=CARTESIAN_POINT('Ctrl Pts',(5.39734231928313,-3.44691242274454,1.10562946825629));
#3207=CARTESIAN_POINT('Ctrl Pts',(5.27346898997699,-3.45172404671272,1.57026942515032));
#3208=CARTESIAN_POINT('Ctrl Pts',(5.24103446788219,-3.43743964066321,1.6685693264713));
#3209=CARTESIAN_POINT('Ctrl Pts',(5.22522384064014,-3.42918459135548,1.71669327930353));
#3210=CARTESIAN_POINT('Ctrl Pts',(-5.10702591327572E-14,-0.885812742306294,
5.5));
#3211=CARTESIAN_POINT('Ctrl Pts',(0.171332061964475,-0.955692140245006,
5.5));
#3212=CARTESIAN_POINT('Ctrl Pts',(0.342167817631226,-1.02705518644697,5.49199282063236));
#3213=CARTESIAN_POINT('Ctrl Pts',(1.26097999107796,-1.41906749193799,5.40610206884935));
#3214=CARTESIAN_POINT('Ctrl Pts',(1.98586894771316,-1.75783516805423,5.18332774451469));
#3215=CARTESIAN_POINT('Ctrl Pts',(2.91398783326414,-2.22231709953369,4.67487976657116));
#3216=CARTESIAN_POINT('Ctrl Pts',(3.17359253076132,-2.35740253492208,4.50277400964702));
#3217=CARTESIAN_POINT('Ctrl Pts',(3.74500034410172,-2.65670849709843,4.04968839748013));
#3218=CARTESIAN_POINT('Ctrl Pts',(4.04649459419195,-2.81416607012759,3.74976292337961));
#3219=CARTESIAN_POINT('Ctrl Pts',(4.70748060854268,-3.15895398734025,2.91432897575934));
#3220=CARTESIAN_POINT('Ctrl Pts',(5.01976303420546,-3.32180407952133,2.34206923728201));
#3221=CARTESIAN_POINT('Ctrl Pts',(5.22522384064014,-3.42918459135548,1.71669327930353));
#3222=CARTESIAN_POINT('Origin',(0.,3.5,0.));
#3223=CARTESIAN_POINT('Origin',(0.,-3.5,0.));
#3224=CARTESIAN_POINT('Ctrl Pts',(-4.43829031172954,2.73573733394633,0.));
#3225=CARTESIAN_POINT('Ctrl Pts',(-4.43829031172954,2.73573733394633,5.87107369846031));
#3226=CARTESIAN_POINT('Ctrl Pts',(-7.31249999999993,5.5,23.2578526030794));
#3227=CARTESIAN_POINT('Ctrl Pts',(-7.31249999999993,5.5,35.));
#3228=CARTESIAN_POINT('Ctrl Pts',(-3.9835833823905,2.80502140194274,0.));
#3229=CARTESIAN_POINT('Ctrl Pts',(-3.9835833823905,2.80502140194274,5.84413757797571));
#3230=CARTESIAN_POINT('Ctrl Pts',(-5.95662728200701,5.5,23.2802236235962));
#3231=CARTESIAN_POINT('Ctrl Pts',(-5.95662728200701,5.5,35.));
#3232=CARTESIAN_POINT('Ctrl Pts',(-3.35214728696486,2.82463147872383,0.));
#3233=CARTESIAN_POINT('Ctrl Pts',(-3.35214728696486,2.82463147872383,5.80373339724882));
#3234=CARTESIAN_POINT('Ctrl Pts',(-3.76559169366514,5.34048907867454,23.3137801543714));
#3235=CARTESIAN_POINT('Ctrl Pts',(-3.76559169366514,5.34048907867454,35.));
#3236=CARTESIAN_POINT('Ctrl Pts',(-2.54947668003542,2.73320051506506,0.));
#3237=CARTESIAN_POINT('Ctrl Pts',(-2.54947668003542,2.73320051506506,6.05990572680579));
#3238=CARTESIAN_POINT('Ctrl Pts',(-0.768900430906004,4.71670025056911,23.3039655031323));
#3239=CARTESIAN_POINT('Ctrl Pts',(-0.768900430906004,4.71670025056911,35.));
#3240=CARTESIAN_POINT('Ctrl Pts',(-1.96058851731577,2.60461031892772,0.));
#3241=CARTESIAN_POINT('Ctrl Pts',(-1.96058851731577,2.60461031892772,6.47723528126501));
#3242=CARTESIAN_POINT('Ctrl Pts',(1.41908541641003,4.06154698637997,23.2732810185709));
#3243=CARTESIAN_POINT('Ctrl Pts',(1.41908541641003,4.06154698637997,35.));
#3244=CARTESIAN_POINT('Ctrl Pts',(-1.3783078460653,2.41477504235397,0.));
#3245=CARTESIAN_POINT('Ctrl Pts',(-1.3783078460653,2.41477504235397,7.19287658097488));
#3246=CARTESIAN_POINT('Ctrl Pts',(3.45770310293487,3.25389406643655,23.2227850391781));
#3247=CARTESIAN_POINT('Ctrl Pts',(3.45770310293487,3.25389406643655,35.));
#3248=CARTESIAN_POINT('Ctrl Pts',(-0.794653479402689,2.1558011055307,0.));
#3249=CARTESIAN_POINT('Ctrl Pts',(-0.794653479402689,2.1558011055307,8.28137028511799));
#3250=CARTESIAN_POINT('Ctrl Pts',(5.31605442173087,2.34189415834089,23.1591493419661));
#3251=CARTESIAN_POINT('Ctrl Pts',(5.31605442173087,2.34189415834089,35.));
#3252=CARTESIAN_POINT('Ctrl Pts',(-0.20036057979356,1.80945985987098,0.));
#3253=CARTESIAN_POINT('Ctrl Pts',(-0.20036057979356,1.80945985987098,9.81452409365925));
#3254=CARTESIAN_POINT('Ctrl Pts',(6.96324116586036,1.37369992969505,23.0933961806786));
#3255=CARTESIAN_POINT('Ctrl Pts',(6.96324116586036,1.37369992969505,35.));
#3256=CARTESIAN_POINT('Ctrl Pts',(0.213450325745014,1.49865407377228,0.));
#3257=CARTESIAN_POINT('Ctrl Pts',(0.213450325745014,1.49865407377228,11.1876436961021));
#3258=CARTESIAN_POINT('Ctrl Pts',(7.93166654735282,0.709621812989429,23.0483899768516));
#3259=CARTESIAN_POINT('Ctrl Pts',(7.93166654735282,0.709621812989429,35.));
#3260=CARTESIAN_POINT('Ctrl Pts',(0.739035052139661,1.0355274768846,0.));
#3261=CARTESIAN_POINT('Ctrl Pts',(0.739035052139661,1.0355274768846,13.0627219709278));
#3262=CARTESIAN_POINT('Ctrl Pts',(9.0237006188055,-0.0879335345875854,23.0086741180302));
#3263=CARTESIAN_POINT('Ctrl Pts',(9.0237006188055,-0.0879335345875854,35.));
#3264=CARTESIAN_POINT('Ctrl Pts',(1.41143573778902,0.443031870275395,0.));
#3265=CARTESIAN_POINT('Ctrl Pts',(1.41143573778902,0.443031870275395,15.6213905361385));
#3266=CARTESIAN_POINT('Ctrl Pts',(9.9191992846941,-0.741951360952168,22.9857945326073));
#3267=CARTESIAN_POINT('Ctrl Pts',(9.9191992846941,-0.741951360952168,35.));
#3268=CARTESIAN_POINT('Ctrl Pts',(2.64931131899882,-0.647740133752697,0.));
#3269=CARTESIAN_POINT('Ctrl Pts',(2.64931131899882,-0.647740133752697,19.6158078474644));
#3270=CARTESIAN_POINT('Ctrl Pts',(11.113026214228,-1.61385002842195,22.9923870786448));
#3271=CARTESIAN_POINT('Ctrl Pts',(11.113026214228,-1.61385002842195,35.));
#3272=CARTESIAN_POINT('Ctrl Pts',(4.09035602791509,-1.91753755838765,0.));
#3273=CARTESIAN_POINT('Ctrl Pts',(4.09035602791509,-1.91753755838765,22.8089194135147));
#3274=CARTESIAN_POINT('Ctrl Pts',(12.2114101094402,-2.41604290153776,23.0266183852249));
#3275=CARTESIAN_POINT('Ctrl Pts',(12.2114101094402,-2.41604290153776,35.));
#3276=CARTESIAN_POINT('Ctrl Pts',(5.01187891617249,-2.72955080336976,0.));
#3277=CARTESIAN_POINT('Ctrl Pts',(5.01187891617249,-2.72955080336976,23.8583116208952));
#3278=CARTESIAN_POINT('Ctrl Pts',(12.9769507961026,-2.9751473144826,23.0261961456212));
#3279=CARTESIAN_POINT('Ctrl Pts',(12.9769507961026,-2.9751473144826,35.));
#3280=CARTESIAN_POINT('Ctrl Pts',(5.46456944261224,-3.12844561979924,0.));
#3281=CARTESIAN_POINT('Ctrl Pts',(5.46456944261224,-3.12844561979924,23.9339702251126));
#3282=CARTESIAN_POINT('Ctrl Pts',(13.4177171942992,-3.29705631632018,23.0364505393856));
#3283=CARTESIAN_POINT('Ctrl Pts',(13.4177171942992,-3.29705631632018,35.));
#3284=CARTESIAN_POINT('Ctrl Pts',(5.50830229623571,-3.19982205596985,0.));
#3285=CARTESIAN_POINT('Ctrl Pts',(5.50830229623571,-3.19982205596985,23.9380427955513));
#3286=CARTESIAN_POINT('Ctrl Pts',(13.4351131202081,-3.33662234361765,23.0376360227447));
#3287=CARTESIAN_POINT('Ctrl Pts',(13.4351131202081,-3.33662234361765,35.));
#3288=CARTESIAN_POINT('Ctrl Pts',(5.4951089597024,-3.31421717372204,0.));
#3289=CARTESIAN_POINT('Ctrl Pts',(5.4951089597024,-3.31421717372204,23.9429093827511));
#3290=CARTESIAN_POINT('Ctrl Pts',(13.439180272896,-3.38684106459701,23.0365990565309));
#3291=CARTESIAN_POINT('Ctrl Pts',(13.439180272896,-3.38684106459701,35.));
#3292=CARTESIAN_POINT('Ctrl Pts',(5.45237997871677,-3.39071409231554,0.));
#3293=CARTESIAN_POINT('Ctrl Pts',(5.45237997871677,-3.39071409231554,23.9475383910193));
#3294=CARTESIAN_POINT('Ctrl Pts',(13.4297102536449,-3.42287190354939,23.0341252452742));
#3295=CARTESIAN_POINT('Ctrl Pts',(13.4297102536449,-3.42287190354939,35.));
#3296=CARTESIAN_POINT('Ctrl Pts',(5.37973494457551,-3.43899890337206,0.));
#3297=CARTESIAN_POINT('Ctrl Pts',(5.37973494457551,-3.43899890337206,23.9532899616465));
#3298=CARTESIAN_POINT('Ctrl Pts',(13.4110588550547,-3.4550102918138,23.0301240659314));
#3299=CARTESIAN_POINT('Ctrl Pts',(13.4110588550547,-3.4550102918138,35.0000000000001));
#3300=CARTESIAN_POINT('Ctrl Pts',(5.31434733730838,-3.45172083456614,0.));
#3301=CARTESIAN_POINT('Ctrl Pts',(5.31434733730838,-3.45172083456615,23.9563020471026));
#3302=CARTESIAN_POINT('Ctrl Pts',(13.3864621636637,-3.47755567697977,23.0270747731438));
#3303=CARTESIAN_POINT('Ctrl Pts',(13.3864621636637,-3.47755567697977,35.));
#3304=CARTESIAN_POINT('Ctrl Pts',(5.27461052861867,-3.44930868977056,0.));
#3305=CARTESIAN_POINT('Ctrl Pts',(5.27461052861867,-3.44930868977056,23.955472098405));
#3306=CARTESIAN_POINT('Ctrl Pts',(13.3606426899051,-3.49097017576912,23.0260122995966));
#3307=CARTESIAN_POINT('Ctrl Pts',(13.3606426899051,-3.49097017576912,35.));
#3308=CARTESIAN_POINT('Ctrl Pts',(5.24975828406631,-3.44376252999808,0.));
#3309=CARTESIAN_POINT('Ctrl Pts',(5.24975828406631,-3.44376252999808,23.9533261680373));
#3310=CARTESIAN_POINT('Ctrl Pts',(13.3379425850614,-3.49852074838876,23.0258862214445));
#3311=CARTESIAN_POINT('Ctrl Pts',(13.3379425850614,-3.49852074838876,35.));
#3312=CARTESIAN_POINT('Ctrl Pts',(5.22852012488179,-3.43703711274941,0.));
#3313=CARTESIAN_POINT('Ctrl Pts',(5.22852012488179,-3.43703711274941,23.9500263764568));
#3314=CARTESIAN_POINT('Ctrl Pts',(13.3093638302863,-3.50081528990351,23.0262764737373));
#3315=CARTESIAN_POINT('Ctrl Pts',(13.3093638302863,-3.50081528990351,35.));
#3316=CARTESIAN_POINT('Ctrl Pts',(5.21648779227943,-3.4318356598566,0.));
#3317=CARTESIAN_POINT('Ctrl Pts',(5.21648779227943,-3.4318356598566,23.9458843459559));
#3318=CARTESIAN_POINT('Ctrl Pts',(13.2863102388585,-3.498586476246,23.0274877143439));
#3319=CARTESIAN_POINT('Ctrl Pts',(13.2863102388585,-3.498586476246,35.));
#3320=CARTESIAN_POINT('Ctrl Pts',(5.21093249851061,-3.42907255562603,0.));
#3321=CARTESIAN_POINT('Ctrl Pts',(5.21093249851061,-3.42907255562603,23.9438133307055));
#3322=CARTESIAN_POINT('Ctrl Pts',(13.2691551417107,-3.49224428881558,23.0280933346473));
#3323=CARTESIAN_POINT('Ctrl Pts',(13.2691551417107,-3.49224428881558,35.));
#3324=CARTESIAN_POINT('',(-7.31249999999993,5.50000000000001,35.));
#3325=CARTESIAN_POINT('Ctrl Pts',(-7.31249999999993,5.50000000000001,35.));
#3326=CARTESIAN_POINT('Ctrl Pts',(-7.31249999999993,5.5,24.8745244124275));
#3327=CARTESIAN_POINT('Ctrl Pts',(-5.17525526736355,3.44451120015472,10.5517353836211));
#3328=CARTESIAN_POINT('Ctrl Pts',(-4.58673884151164,2.87850726836756,3.03509914167041));
#3329=CARTESIAN_POINT('',(8.38622377733011,0.377640825376166,35.));
#3330=CARTESIAN_POINT('Origin',(-7.31249999999993,-21.1174708229813,35.));
#3331=CARTESIAN_POINT('',(13.3862237765793,-3.27405543716033,35.));
#3332=CARTESIAN_POINT('',(13.3862237765799,-3.27405543716072,35.));
#3333=CARTESIAN_POINT('',(13.2691551417107,-3.49224428881558,35.));
#3334=CARTESIAN_POINT('Origin',(13.3125000000001,-3.375,35.));
#3335=CARTESIAN_POINT('Ctrl Pts',(5.22522384064014,-3.42918459135548,1.71669327930353));
#3336=CARTESIAN_POINT('Ctrl Pts',(5.60118659258317,-3.43213191853997,23.9066606762041));
#3337=CARTESIAN_POINT('Ctrl Pts',(13.2691551417107,-3.49224428881558,23.3215863861037));
#3338=CARTESIAN_POINT('Ctrl Pts',(13.2691551417107,-3.49224428881558,35.));
#3339=CARTESIAN_POINT('Ctrl Pts',(5.21093249851061,-3.42907255562603,0.));
#3340=CARTESIAN_POINT('Ctrl Pts',(5.21093249851061,-3.42907255562603,23.9438133307055));
#3341=CARTESIAN_POINT('Ctrl Pts',(13.2691551417107,-3.49224428881558,23.0280933346473));
#3342=CARTESIAN_POINT('Ctrl Pts',(13.2691551417107,-3.49224428881558,35.));
#3343=CARTESIAN_POINT('Ctrl Pts',(4.99280660809282,-3.32058062060148,0.));
#3344=CARTESIAN_POINT('Ctrl Pts',(4.99280660809282,-3.32058062060148,24.0233608240767));
#3345=CARTESIAN_POINT('Ctrl Pts',(12.8626758734076,-3.26336204704126,23.0459204061025));
#3346=CARTESIAN_POINT('Ctrl Pts',(12.8626758734076,-3.26336204704126,35.));
#3347=CARTESIAN_POINT('Ctrl Pts',(4.6564993664744,-3.15330738524153,0.));
#3348=CARTESIAN_POINT('Ctrl Pts',(4.6564993664744,-3.15330738524153,24.1824558108191));
#3349=CARTESIAN_POINT('Ctrl Pts',(11.9642692355369,-2.75748304819533,23.0815745490131));
#3350=CARTESIAN_POINT('Ctrl Pts',(11.9642692355369,-2.75748304819533,35.));
#3351=CARTESIAN_POINT('Ctrl Pts',(4.20179484901,-2.92714545247128,0.));
#3352=CARTESIAN_POINT('Ctrl Pts',(4.20179484901,-2.92714545247128,24.2483744761815));
#3353=CARTESIAN_POINT('Ctrl Pts',(10.320621574052,-1.83197025877733,23.1544216475989));
#3354=CARTESIAN_POINT('Ctrl Pts',(10.320621574052,-1.83197025877733,35.));
#3355=CARTESIAN_POINT('Ctrl Pts',(3.75114897447919,-2.7030022164481,0.));
#3356=CARTESIAN_POINT('Ctrl Pts',(3.75114897447919,-2.7030022164481,24.0962588301056));
#3357=CARTESIAN_POINT('Ctrl Pts',(8.635008004818,-0.882827110340462,23.2077007308161));
#3358=CARTESIAN_POINT('Ctrl Pts',(8.635008004818,-0.882827110340462,35.));
#3359=CARTESIAN_POINT('Ctrl Pts',(3.41895978968448,-2.53777722924654,0.));
#3360=CARTESIAN_POINT('Ctrl Pts',(3.41895978968448,-2.53777722924654,23.7805525608309));
#3361=CARTESIAN_POINT('Ctrl Pts',(7.69398735670747,-0.352952815903201,23.223254504907));
#3362=CARTESIAN_POINT('Ctrl Pts',(7.69398735670747,-0.352952815903201,35.));
#3363=CARTESIAN_POINT('Ctrl Pts',(2.63975122137027,-2.1502127580955,0.));
#3364=CARTESIAN_POINT('Ctrl Pts',(2.63975122137027,-2.1502127580955,22.8815692491773));
#3365=CARTESIAN_POINT('Ctrl Pts',(6.10269181781885,0.543081296209832,23.2474934916452));
#3366=CARTESIAN_POINT('Ctrl Pts',(6.10269181781885,0.543081296209832,35.));
#3367=CARTESIAN_POINT('Ctrl Pts',(1.45823308107348,-1.60371001441531,0.));
#3368=CARTESIAN_POINT('Ctrl Pts',(1.45823308107348,-1.60371001441531,20.3249601068751));
#3369=CARTESIAN_POINT('Ctrl Pts',(3.70965456563203,1.64381267928125,23.2633414737803));
#3370=CARTESIAN_POINT('Ctrl Pts',(3.70965456563203,1.64381267928125,35.));
#3371=CARTESIAN_POINT('Ctrl Pts',(-0.428004756843222,-0.865200470019666,
0.));
#3372=CARTESIAN_POINT('Ctrl Pts',(-0.428004756843222,-0.865200470019666,
14.6119541461476));
#3373=CARTESIAN_POINT('Ctrl Pts',(0.0383486799264096,2.68554565100712,23.2776514727636));
#3374=CARTESIAN_POINT('Ctrl Pts',(0.0383486799264096,2.68554565100712,35.));
#3375=CARTESIAN_POINT('Ctrl Pts',(-2.41980758143097,-0.224985910061236,
0.));
#3376=CARTESIAN_POINT('Ctrl Pts',(-2.41980758143097,-0.224985910061236,
8.94380457425827));
#3377=CARTESIAN_POINT('Ctrl Pts',(-3.63062387887045,3.1533237661246,23.2759088640234));
#3378=CARTESIAN_POINT('Ctrl Pts',(-3.63062387887045,3.1533237661246,35.));
#3379=CARTESIAN_POINT('Ctrl Pts',(-3.80876407148631,0.125087096156177,0.));
#3380=CARTESIAN_POINT('Ctrl Pts',(-3.80876407148631,0.125087096156177,6.46217317360999));
#3381=CARTESIAN_POINT('Ctrl Pts',(-6.02682551876072,3.10895864760474,23.2698821901442));
#3382=CARTESIAN_POINT('Ctrl Pts',(-6.02682551876072,3.10895864760474,35.));
#3383=CARTESIAN_POINT('Ctrl Pts',(-4.6375810987122,0.305025601223731,0.));
#3384=CARTESIAN_POINT('Ctrl Pts',(-4.6375810987122,0.305025601223731,5.76520711217246));
#3385=CARTESIAN_POINT('Ctrl Pts',(-7.40586519631299,2.98684082171361,23.262701838712));
#3386=CARTESIAN_POINT('Ctrl Pts',(-7.40586519631299,2.98684082171361,35.));
#3387=CARTESIAN_POINT('Ctrl Pts',(-4.88779301470965,0.398004694513048,0.));
#3388=CARTESIAN_POINT('Ctrl Pts',(-4.88779301470965,0.398004694513048,5.59820316006203));
#3389=CARTESIAN_POINT('Ctrl Pts',(-7.77660612129451,3.05089630580778,23.2603949069869));
#3390=CARTESIAN_POINT('Ctrl Pts',(-7.77660612129451,3.05089630580778,35.));
#3391=CARTESIAN_POINT('Ctrl Pts',(-5.22975383656658,0.679439967188673,0.));
#3392=CARTESIAN_POINT('Ctrl Pts',(-5.22975383656658,0.679439967188673,5.44884900292163));
#3393=CARTESIAN_POINT('Ctrl Pts',(-8.1996371095498,3.3262630609022,23.2582005432566));
#3394=CARTESIAN_POINT('Ctrl Pts',(-8.1996371095498,3.3262630609022,35.));
#3395=CARTESIAN_POINT('Ctrl Pts',(-5.46615764047162,1.09595769628407,0.));
#3396=CARTESIAN_POINT('Ctrl Pts',(-5.46615764047162,1.09595769628407,5.3859186194722));
#3397=CARTESIAN_POINT('Ctrl Pts',(-8.47291163877638,3.71379740406141,23.2579001586519));
#3398=CARTESIAN_POINT('Ctrl Pts',(-8.47291163877638,3.71379740406141,35.));
#3399=CARTESIAN_POINT('Ctrl Pts',(-5.52898175433107,1.58789044303322,0.));
#3400=CARTESIAN_POINT('Ctrl Pts',(-5.52898175433107,1.58789044303322,5.39582158645451));
#3401=CARTESIAN_POINT('Ctrl Pts',(-8.58760802972899,4.1634130770834,23.2574610270841));
#3402=CARTESIAN_POINT('Ctrl Pts',(-8.58760802972899,4.1634130770834,35.));
#3403=CARTESIAN_POINT('Ctrl Pts',(-5.40164345499783,2.05657918112187,0.));
#3404=CARTESIAN_POINT('Ctrl Pts',(-5.40164345499783,2.05657918112187,5.46469622109445));
#3405=CARTESIAN_POINT('Ctrl Pts',(-8.53490460316238,4.62502382176615,23.2554030965591));
#3406=CARTESIAN_POINT('Ctrl Pts',(-8.53490460316238,4.62502382176615,35.));
#3407=CARTESIAN_POINT('Ctrl Pts',(-5.13142879835868,2.42056859337485,0.));
#3408=CARTESIAN_POINT('Ctrl Pts',(-5.13142879835868,2.42056859337485,5.57763277655271));
#3409=CARTESIAN_POINT('Ctrl Pts',(-8.31208561003274,5.05345313091821,23.2525740669353));
#3410=CARTESIAN_POINT('Ctrl Pts',(-8.31208561003274,5.05345313091821,35.));
#3411=CARTESIAN_POINT('Ctrl Pts',(-4.78957643110397,2.64959916391395,0.));
#3412=CARTESIAN_POINT('Ctrl Pts',(-4.78957643110397,2.64959916391395,5.71922720483449));
#3413=CARTESIAN_POINT('Ctrl Pts',(-7.91537663729057,5.38811688840973,23.2509199304893));
#3414=CARTESIAN_POINT('Ctrl Pts',(-7.91537663729057,5.38811688840973,35.));
#3415=CARTESIAN_POINT('Ctrl Pts',(-4.55284617161689,2.71828236356056,0.));
#3416=CARTESIAN_POINT('Ctrl Pts',(-4.55284617161689,2.71828236356056,5.82045820058504));
#3417=CARTESIAN_POINT('Ctrl Pts',(-7.53438853813957,5.50000000000001,23.255541712216));
#3418=CARTESIAN_POINT('Ctrl Pts',(-7.53438853813957,5.50000000000001,35.));
#3419=CARTESIAN_POINT('Ctrl Pts',(-4.43829031172954,2.73573733394634,0.));
#3420=CARTESIAN_POINT('Ctrl Pts',(-4.43829031172954,2.73573733394634,5.87107369846031));
#3421=CARTESIAN_POINT('Ctrl Pts',(-7.31249999999993,5.50000000000001,23.2578526030794));
#3422=CARTESIAN_POINT('Ctrl Pts',(-7.31249999999993,5.50000000000001,35.));
#3423=CARTESIAN_POINT('',(7.26915514259757,-0.113736311825762,35.));
#3424=CARTESIAN_POINT('',(7.26915514171067,-0.113736311326352,35.));
#3425=CARTESIAN_POINT('',(-7.20224046031055,3.00487236240316,35.));
#3426=CARTESIAN_POINT('Origin',(-4.9970496665231,-21.8976803895336,35.));
#3427=CARTESIAN_POINT('Origin',(-7.31249999999993,4.25,35.));
#3428=CARTESIAN_POINT('Ctrl Pts',(-7.31249999999993,5.5,35.));
#3429=CARTESIAN_POINT('Ctrl Pts',(-7.31249999999993,5.5,45.0297285306537));
#3430=CARTESIAN_POINT('Ctrl Pts',(-7.06248713439068,4.37494210475841,55.0152490911575));
#3431=CARTESIAN_POINT('Ctrl Pts',(-6.81248070183435,3.24991315825489,65.0007707891717));
#3432=CARTESIAN_POINT('Ctrl Pts',(-5.91407164169352,5.5,35.));
#3433=CARTESIAN_POINT('Ctrl Pts',(-5.91407164169352,5.5,45.0510535174152));
#3434=CARTESIAN_POINT('Ctrl Pts',(-5.75518762602384,4.37494210475841,55.025910761472));
#3435=CARTESIAN_POINT('Ctrl Pts',(-5.59630769858089,3.24991315825489,65.0007699661266));
#3436=CARTESIAN_POINT('Ctrl Pts',(-3.10987833684244,5.27892567368559,35.));
#3437=CARTESIAN_POINT('Ctrl Pts',(-3.10987833684244,5.27892567368559,45.0937034909384));
#3438=CARTESIAN_POINT('Ctrl Pts',(-3.14010712817577,4.18564982070658,55.0472341021012));
#3439=CARTESIAN_POINT('Ctrl Pts',(-3.17033514169547,3.09240209868548,65.0007683200366));
#3440=CARTESIAN_POINT('Ctrl Pts',(0.997760810812317,4.28655237715878,35.));
#3441=CARTESIAN_POINT('Ctrl Pts',(0.997760810812317,4.28655237715878,44.8960695904214));
#3442=CARTESIAN_POINT('Ctrl Pts',(0.700204307934999,3.33894530150922,54.9484247797861));
#3443=CARTESIAN_POINT('Ctrl Pts',(0.402655461450567,2.39136260863066,65.0007759477836));
#3444=CARTESIAN_POINT('Ctrl Pts',(4.88894465325203,2.66284772195536,35.));
#3445=CARTESIAN_POINT('Ctrl Pts',(4.88894465325203,2.66284772195536,44.1785508062179));
#3446=CARTESIAN_POINT('Ctrl Pts',(4.37612579846412,1.94850926556572,54.589693081277));
#3447=CARTESIAN_POINT('Ctrl Pts',(3.86332013896044,1.23418918973851,65.0008036406637));
#3448=CARTESIAN_POINT('Ctrl Pts',(7.26672201681123,1.19525690445691,35.));
#3449=CARTESIAN_POINT('Ctrl Pts',(7.26672201681123,1.19525690445691,43.1811559447263));
#3450=CARTESIAN_POINT('Ctrl Pts',(6.6655926179762,0.680149209534647,54.0910341463135));
#3451=CARTESIAN_POINT('Ctrl Pts',(6.06447868673408,0.165054768790503,65.0008421354555));
#3452=CARTESIAN_POINT('Ctrl Pts',(8.81331334032803,0.0657205531357635,35.));
#3453=CARTESIAN_POINT('Ctrl Pts',(8.81331334032803,0.0657205531357635,42.2533409827213));
#3454=CARTESIAN_POINT('Ctrl Pts',(8.17532909478172,-0.304035590260589,53.6271624755646));
#3455=CARTESIAN_POINT('Ctrl Pts',(7.53736126513623,-0.673782219503233,65.0008779447876));
#3456=CARTESIAN_POINT('Ctrl Pts',(9.65652141524319,-0.55010740209836,35.));
#3457=CARTESIAN_POINT('Ctrl Pts',(9.65652141524319,-0.55010740209836,41.6905825986588));
#3458=CARTESIAN_POINT('Ctrl Pts',(9.00846928488478,-0.846327082655348,53.3458050039422));
#3459=CARTESIAN_POINT('Ctrl Pts',(8.3604338294828,-1.14253914121708,65.0008996646376));
#3460=CARTESIAN_POINT('Ctrl Pts',(10.9022951800789,-1.45994488243828,35.));
#3461=CARTESIAN_POINT('Ctrl Pts',(10.9022951800789,-1.45994488243828,40.8620785784157));
#3462=CARTESIAN_POINT('Ctrl Pts',(10.2582554505897,-1.65827681751828,52.9315849710363));
#3463=CARTESIAN_POINT('Ctrl Pts',(9.61423229281428,-1.85660364934159,65.0009316410305));
#3464=CARTESIAN_POINT('Ctrl Pts',(12.1409061624108,-2.36455110155772,35.));
#3465=CARTESIAN_POINT('Ctrl Pts',(12.1409061624108,-2.36455110155772,40.2158047732602));
#3466=CARTESIAN_POINT('Ctrl Pts',(11.5083808834827,-2.46984387275859,52.6084730122563));
#3467=CARTESIAN_POINT('Ctrl Pts',(10.8758718799914,-2.57513393468301,65.0009565841864));
#3468=CARTESIAN_POINT('Ctrl Pts',(12.9693691948586,-2.96961017349647,35.));
#3469=CARTESIAN_POINT('Ctrl Pts',(12.9693691948586,-2.96961017349647,40.017752296694));
#3470=CARTESIAN_POINT('Ctrl Pts',(12.3417462196743,-3.01107806218331,52.5094544180722));
#3471=CARTESIAN_POINT('Ctrl Pts',(11.7141393937862,-3.05254488386458,65.0009642280887));
#3472=CARTESIAN_POINT('Ctrl Pts',(13.410135800066,-3.29151932652203,35.));
#3473=CARTESIAN_POINT('Ctrl Pts',(13.410135800066,-3.29151932652203,40.0037455852665));
#3474=CARTESIAN_POINT('Ctrl Pts',(12.7823319736431,-3.29744208498263,52.5024516029661));
#3475=CARTESIAN_POINT('Ctrl Pts',(12.1545443011699,-3.3033646910454,65.0009647686825));
#3476=CARTESIAN_POINT('Ctrl Pts',(13.4448337900217,-3.34392746451783,35.));
#3477=CARTESIAN_POINT('Ctrl Pts',(13.4448337900217,-3.34392746451783,40.0027900119032));
#3478=CARTESIAN_POINT('Ctrl Pts',(12.818394493935,-3.34642418645715,52.5019738531662));
#3479=CARTESIAN_POINT('Ctrl Pts',(12.1919713166872,-3.34892084415361,65.0009648055632));
#3480=CARTESIAN_POINT('Ctrl Pts',(13.4332861142111,-3.43770050601482,35.0000000000001));
#3481=CARTESIAN_POINT('Ctrl Pts',(13.4332861142111,-3.43770050601482,40.0025968355111));
#3482=CARTESIAN_POINT('Ctrl Pts',(12.8103625480797,-3.4375918547836,52.501877272426));
#3483=CARTESIAN_POINT('Ctrl Pts',(12.1874550103244,-3.43748320634807,65.0009648130188));
#3484=CARTESIAN_POINT('Ctrl Pts',(13.3624290685934,-3.50191459391851,34.9999999999999));
#3485=CARTESIAN_POINT('Ctrl Pts',(13.3624290685934,-3.50191459391851,40.0032428480372));
#3486=CARTESIAN_POINT('Ctrl Pts',(12.7439754497567,-3.50063988350586,52.5022002537553));
#3487=CARTESIAN_POINT('Ctrl Pts',(12.1255377442805,-3.49936520589264,65.0009647880858));
#3488=CARTESIAN_POINT('Ctrl Pts',(13.2978474378327,-3.50285637914766,35.));
#3489=CARTESIAN_POINT('Ctrl Pts',(13.2978474378327,-3.50285637914766,40.0039507424369));
#3490=CARTESIAN_POINT('Ctrl Pts',(12.683064257999,-3.50288901527977,52.5025541736331));
#3491=CARTESIAN_POINT('Ctrl Pts',(12.0682968970821,-3.50292165057212,65.0009647607644));
#3492=CARTESIAN_POINT('Ctrl Pts',(13.2691390574404,-3.49223834121077,35.));
#3493=CARTESIAN_POINT('Ctrl Pts',(13.2691390574404,-3.49223834121077,40.0043047097427));
#3494=CARTESIAN_POINT('Ctrl Pts',(12.6559427888986,-3.49376737097662,52.5027311436241));
#3495=CARTESIAN_POINT('Ctrl Pts',(12.042762298441,-3.49529636139918,65.0009647471029));
#3496=CARTESIAN_POINT('',(-6.81249999839828,3.25000000000013,64.9999999999988));
#3497=CARTESIAN_POINT('Ctrl Pts',(-6.81250000000002,3.2500000000004,64.9999999999964));
#3498=CARTESIAN_POINT('Ctrl Pts',(-7.06249999999999,4.37500000000027,55.0147352317366));
#3499=CARTESIAN_POINT('Ctrl Pts',(-7.31249999999993,5.50000000000001,45.0294704634768));
#3500=CARTESIAN_POINT('Ctrl Pts',(-7.31249999999993,5.50000000000001,35.));
#3501=CARTESIAN_POINT('',(7.13067544931762,-0.442107026582321,65.));
#3502=CARTESIAN_POINT('Origin',(-6.81249999999993,-24.9241285407387,65.));
#3503=CARTESIAN_POINT('',(12.1306636538107,-3.28973595840772,65.));
#3504=CARTESIAN_POINT('',(12.1306754483345,-3.28974267570785,65.));
#3505=CARTESIAN_POINT('',(12.0428239364306,-3.49530051453111,65.));
#3506=CARTESIAN_POINT('Origin',(12.0750000000001,-3.3875,65.));
#3507=CARTESIAN_POINT('Ctrl Pts',(13.2691551417107,-3.49224428881558,35.));
#3508=CARTESIAN_POINT('Ctrl Pts',(13.2691551417107,-3.49224428881558,40.0041757495493));
#3509=CARTESIAN_POINT('Ctrl Pts',(12.6559895390706,-3.49377240167334,52.5020878747746));
#3510=CARTESIAN_POINT('Ctrl Pts',(12.0428239364306,-3.49530051453111,65.));
#3511=CARTESIAN_POINT('Ctrl Pts',(13.2707459233461,-3.49314003355653,35.));
#3512=CARTESIAN_POINT('Ctrl Pts',(13.2707459233461,-3.49314003355653,40.0057396398326));
#3513=CARTESIAN_POINT('Ctrl Pts',(12.657168786493,-3.4946301932985,52.5127580473104));
#3514=CARTESIAN_POINT('Ctrl Pts',(12.0438613267116,-3.49611969809117,65.0164795214913));
#3515=CARTESIAN_POINT('Ctrl Pts',(12.7287522060436,-3.18795168394731,35.));
#3516=CARTESIAN_POINT('Ctrl Pts',(12.7287522060436,-3.18795168394731,40.2222504287037));
#3517=CARTESIAN_POINT('Ctrl Pts',(12.0717566440391,-3.20285186734348,52.6208707017577));
#3518=CARTESIAN_POINT('Ctrl Pts',(11.4150498422062,-3.21774550186815,65.0163368442395));
#3519=CARTESIAN_POINT('Ctrl Pts',(11.740600709439,-2.63153873157283,35.));
#3520=CARTESIAN_POINT('Ctrl Pts',(11.740600709439,-2.63153873157283,40.6550599561584));
#3521=CARTESIAN_POINT('Ctrl Pts',(10.9061887979837,-2.62738288758172,52.8369901253078));
#3522=CARTESIAN_POINT('Ctrl Pts',(10.0721436240542,-2.62322887015124,65.0160516294738));
#3523=CARTESIAN_POINT('Ctrl Pts',(10.3422794973962,-1.84416550324301,35.));
#3524=CARTESIAN_POINT('Ctrl Pts',(10.3422794973962,-1.84416550324301,41.3048060568923));
#3525=CARTESIAN_POINT('Ctrl Pts',(9.12599465208571,-1.75512389004419,53.1614348148005));
#3526=CARTESIAN_POINT('Ctrl Pts',(7.91024438362933,-1.66612141207397,65.0156234568711));
#3527=CARTESIAN_POINT('Ctrl Pts',(8.91727040529647,-1.04176473896741,35.));
#3528=CARTESIAN_POINT('Ctrl Pts',(8.91727040529647,-1.04176473896741,41.9444942508206));
#3529=CARTESIAN_POINT('Ctrl Pts',(7.37516978882037,-0.8942645561138,53.4808571818092));
#3530=CARTESIAN_POINT('Ctrl Pts',(5.83374695049748,-0.746829201975301,65.0152019122728));
#3531=CARTESIAN_POINT('Ctrl Pts',(7.8740315623484,-0.454332946746297,35.));
#3532=CARTESIAN_POINT('Ctrl Pts',(7.8740315623484,-0.454332946746297,42.3507003850085));
#3533=CARTESIAN_POINT('Ctrl Pts',(6.24159833744297,-0.329651467625986,53.6836924476581));
#3534=CARTESIAN_POINT('Ctrl Pts',(4.60988259333264,-0.205024788031565,65.0149342287308));
#3535=CARTESIAN_POINT('Ctrl Pts',(6.28273582092958,0.441701279408341,35.));
#3536=CARTESIAN_POINT('Ctrl Pts',(6.28273582092958,0.441701279408341,42.8662517549837));
#3537=CARTESIAN_POINT('Ctrl Pts',(4.69725921921557,0.449777509085029,53.9411282429021));
#3538=CARTESIAN_POINT('Ctrl Pts',(3.11247946010157,0.457850189128199,65.0145944883742));
#3539=CARTESIAN_POINT('Ctrl Pts',(4.14080363421359,1.47067456867644,35.));
#3540=CARTESIAN_POINT('Ctrl Pts',(4.14080363421359,1.47067456867644,43.4674708422195));
#3541=CARTESIAN_POINT('Ctrl Pts',(2.72716475114125,1.27083596579413,54.2413414182562));
#3542=CARTESIAN_POINT('Ctrl Pts',(1.31414718521336,1.07108519520872,65.0141982943207));
#3543=CARTESIAN_POINT('Ctrl Pts',(0.486150950696734,2.59797616184566,35.));
#3544=CARTESIAN_POINT('Ctrl Pts',(0.486150950696734,2.59797616184566,44.2217072743243));
#3545=CARTESIAN_POINT('Ctrl Pts',(-0.41616186822394,2.07309640756257,54.6179623856493));
#3546=CARTESIAN_POINT('Ctrl Pts',(-1.31807810607235,1.5484473464176,65.0137012642101));
#3547=CARTESIAN_POINT('Ctrl Pts',(-3.40905554848106,3.15428641924974,35.));
#3548=CARTESIAN_POINT('Ctrl Pts',(-3.40905554848106,3.15428641924974,44.7773603590706));
#3549=CARTESIAN_POINT('Ctrl Pts',(-3.67529161394162,2.39559469615665,54.8954226002509));
#3550=CARTESIAN_POINT('Ctrl Pts',(-3.94141066434698,1.63723643034219,65.0133350974456));
#3551=CARTESIAN_POINT('Ctrl Pts',(-5.97079947077877,3.1139199110725,35.));
#3552=CARTESIAN_POINT('Ctrl Pts',(-5.97079947077877,3.1139199110725,44.9764777376499));
#3553=CARTESIAN_POINT('Ctrl Pts',(-5.84440974666836,2.27677136561866,54.9948500165798));
#3554=CARTESIAN_POINT('Ctrl Pts',(-5.71807557288513,1.43999076048534,65.0132038821814));
#3555=CARTESIAN_POINT('Ctrl Pts',(-7.37785152164561,2.98932151106671,35.));
#3556=CARTESIAN_POINT('Ctrl Pts',(-7.37785152164561,2.98932151106671,45.0296378638248));
#3557=CARTESIAN_POINT('Ctrl Pts',(-7.06564933062749,2.11542976153185,55.0213950325648));
#3558=CARTESIAN_POINT('Ctrl Pts',(-6.75358435751993,1.24192210154976,65.0131688504828));
#3559=CARTESIAN_POINT('Ctrl Pts',(-7.73948181860871,3.03343869512669,35.));
#3560=CARTESIAN_POINT('Ctrl Pts',(-7.73948181860871,3.03343869512669,45.0407510038879));
#3561=CARTESIAN_POINT('Ctrl Pts',(-7.38019914901858,2.13936274168516,55.0269442759893));
#3562=CARTESIAN_POINT('Ctrl Pts',(-7.02107438997052,1.24567974908035,65.0131615270959));
#3563=CARTESIAN_POINT('Ctrl Pts',(-8.20827351621197,3.32302460039355,35.));
#3564=CARTESIAN_POINT('Ctrl Pts',(-8.20827351621197,3.32302460039355,45.0532312999833));
#3565=CARTESIAN_POINT('Ctrl Pts',(-7.79979258108929,2.36125623357918,55.0331761960991));
#3566=CARTESIAN_POINT('Ctrl Pts',(-7.3914911799418,1.39991057951165,65.0131533027743));
#3567=CARTESIAN_POINT('Ctrl Pts',(-8.51149085154169,3.77826777370653,35.));
#3568=CARTESIAN_POINT('Ctrl Pts',(-8.51149085154169,3.77826777370653,45.0607342300213));
#3569=CARTESIAN_POINT('Ctrl Pts',(-8.0922958881643,2.73478467255091,55.0369227146295));
#3570=CARTESIAN_POINT('Ctrl Pts',(-7.67328516775074,1.69176019908901,65.0131483584598));
#3571=CARTESIAN_POINT('Ctrl Pts',(-8.59726680106994,4.30872730981836,35.));
#3572=CARTESIAN_POINT('Ctrl Pts',(-8.59726680106994,4.30872730981836,45.0631774735631));
#3573=CARTESIAN_POINT('Ctrl Pts',(-8.21168909718313,3.19028029946697,55.0381427256328));
#3574=CARTESIAN_POINT('Ctrl Pts',(-7.82628086093109,2.07232486465939,65.0131467484001));
#3575=CARTESIAN_POINT('Ctrl Pts',(-8.46753116173998,4.81020147395026,35.));
#3576=CARTESIAN_POINT('Ctrl Pts',(-8.46753116173998,4.81020147395026,45.0603531127162));
#3577=CARTESIAN_POINT('Ctrl Pts',(-8.13882699555242,3.65120098986442,55.0367324072378));
#3578=CARTESIAN_POINT('Ctrl Pts',(-7.81026730016031,2.49270990522973,65.0131486096102));
#3579=CARTESIAN_POINT('Ctrl Pts',(-8.16288174068911,5.20911562238773,35.));
#3580=CARTESIAN_POINT('Ctrl Pts',(-8.16288174068911,5.20911562238773,45.0533025580269));
#3581=CARTESIAN_POINT('Ctrl Pts',(-7.89491733034265,4.04557040244755,55.0332117781423));
#3582=CARTESIAN_POINT('Ctrl Pts',(-7.62707069468692,2.88253657944342,65.0131532558164));
#3583=CARTESIAN_POINT('Ctrl Pts',(-7.75157733697554,5.44922083952816,35.));
#3584=CARTESIAN_POINT('Ctrl Pts',(-7.75157733697554,5.44922083952816,45.0432605140007));
#3585=CARTESIAN_POINT('Ctrl Pts',(-7.51362526645931,4.31119504252627,55.0281973765903));
#3586=CARTESIAN_POINT('Ctrl Pts',(-7.27577777972523,3.17366942626146,65.0131598733676));
#3587=CARTESIAN_POINT('Ctrl Pts',(-7.45001567045742,5.50121730109082,35.));
#3588=CARTESIAN_POINT('Ctrl Pts',(-7.45001567045742,5.50121730109082,45.036884260646));
#3589=CARTESIAN_POINT('Ctrl Pts',(-7.20734921924818,4.37551384411572,55.0250134536126));
#3590=CARTESIAN_POINT('Ctrl Pts',(-6.96478942386762,3.25030515201004,65.0131640752197));
#3591=CARTESIAN_POINT('Ctrl Pts',(-7.30236334244043,5.4999567611417,35.));
#3592=CARTESIAN_POINT('Ctrl Pts',(-7.30236334244043,5.4999567611417,45.0336571992017));
#3593=CARTESIAN_POINT('Ctrl Pts',(-7.05159683471929,4.37395751854818,55.0234020504089));
#3594=CARTESIAN_POINT('Ctrl Pts',(-6.80094054293261,3.24845317082664,65.0131662018031));
#3595=CARTESIAN_POINT('',(4.04282468447694,0.046837873637803,65.));
#3596=CARTESIAN_POINT('',(4.04282393643057,0.0468382048490551,65.));
#3597=CARTESIAN_POINT('',(-6.62470919224234,1.26779095271155,65.));
#3598=CARTESIAN_POINT('Origin',(-3.2446111891791,-16.4119980021867,65.));
#3599=CARTESIAN_POINT('Origin',(-6.81249999999993,2.25,65.));
#3600=CARTESIAN_POINT('Ctrl Pts',(4.20973322058355,-0.0242295030794966,
64.9302462333169));
#3601=CARTESIAN_POINT('Ctrl Pts',(4.15377745641302,-0.140014800261538,67.5631236795112));
#3602=CARTESIAN_POINT('Ctrl Pts',(3.96735198875026,-0.593563824361554,70.0879876642944));
#3603=CARTESIAN_POINT('Ctrl Pts',(2.74599000831614,-0.846668587826513,78.1866575228735));
#3604=CARTESIAN_POINT('Ctrl Pts',(1.70879750799284,-1.31457507432317,84.8934403546043));
#3605=CARTESIAN_POINT('Ctrl Pts',(0.67160080758189,-1.78247666195198,91.600254930633));
#3606=CARTESIAN_POINT('Ctrl Pts',(4.16979461524293,-0.00596944073824278,
64.9299070719803));
#3607=CARTESIAN_POINT('Ctrl Pts',(4.11242725221131,-0.127418889696264,67.5754451008266));
#3608=CARTESIAN_POINT('Ctrl Pts',(4.02402829666745,-0.360391330511082,70.1262470218956));
#3609=CARTESIAN_POINT('Ctrl Pts',(2.71084624016426,-0.833716899320618,78.1995881286238));
#3610=CARTESIAN_POINT('Ctrl Pts',(1.67649268329027,-1.30434899575324,84.8999057502527));
#3611=CARTESIAN_POINT('Ctrl Pts',(0.642132767503706,-1.77498115357368,91.600254684808));
#3612=CARTESIAN_POINT('Ctrl Pts',(4.12970450153497,0.0121737016695595,64.9295668916054));
#3613=CARTESIAN_POINT('Ctrl Pts',(4.0720017146117,-0.112502529340264,67.5878730434371));
#3614=CARTESIAN_POINT('Ctrl Pts',(4.03143203291309,-0.238970947577783,70.1581002080362));
#3615=CARTESIAN_POINT('Ctrl Pts',(2.67566406737973,-0.820814576643514,78.2124893270956));
#3616=CARTESIAN_POINT('Ctrl Pts',(1.64420448522715,-1.29418088803397,84.9063563694003));
#3617=CARTESIAN_POINT('Ctrl Pts',(0.612737506937139,-1.76754967334221,91.6002544396151));
#3618=CARTESIAN_POINT('Ctrl Pts',(4.08946774066871,0.0302089159280141,64.92922622415));
#3619=CARTESIAN_POINT('Ctrl Pts',(4.0321511044003,-0.0960619954076973,67.6003649709357));
#3620=CARTESIAN_POINT('Ctrl Pts',(4.00593717355106,-0.192108253163671,70.1856650528553));
#3621=CARTESIAN_POINT('Ctrl Pts',(2.6404417228369,-0.807964969521263,78.2253636340237));
#3622=CARTESIAN_POINT('Ctrl Pts',(1.61193147257744,-1.28407163007644,84.9127934946342));
#3623=CARTESIAN_POINT('Ctrl Pts',(0.583413537069884,-1.76018147776247,91.6002541949254));
#3624=CARTESIAN_POINT('Ctrl Pts',(4.04195659258656,0.0513135708223518,64.9288254321416));
#3625=CARTESIAN_POINT('Ctrl Pts',(3.98552611709751,-0.0758608236806312,
67.6150887779177));
#3626=CARTESIAN_POINT('Ctrl Pts',(3.95649523055634,-0.180930778289074,70.2155451788523));
#3627=CARTESIAN_POINT('Ctrl Pts',(2.59894823012206,-0.792911505373736,78.2404834456686));
#3628=CARTESIAN_POINT('Ctrl Pts',(1.57397380237132,-1.27224690636313,84.9203533388789));
#3629=CARTESIAN_POINT('Ctrl Pts',(0.548991790007566,-1.75158533245101,91.6002539075596));
#3630=CARTESIAN_POINT('Ctrl Pts',(3.9942561632052,0.0722937558693568,64.928425438713));
#3631=CARTESIAN_POINT('Ctrl Pts',(3.93872897975377,-0.0557542641769281,
67.6297833904629));
#3632=CARTESIAN_POINT('Ctrl Pts',(3.90684501375109,-0.169987007874211,70.2453523687272));
#3633=CARTESIAN_POINT('Ctrl Pts',(2.55739445021602,-0.77794029295123,78.2555729907662));
#3634=CARTESIAN_POINT('Ctrl Pts',(1.53603333839596,-1.26050612345632,84.9278980498235));
#3635=CARTESIAN_POINT('Ctrl Pts',(0.514664744205665,-1.74307481353496,91.6002536207691));
#3636=CARTESIAN_POINT('Ctrl Pts',(3.98709076015807,0.0754405038575579,64.928365400278));
#3637=CARTESIAN_POINT('Ctrl Pts',(3.93170343988224,-0.0527292317983305,
67.6319892841806));
#3638=CARTESIAN_POINT('Ctrl Pts',(3.89920713133565,-0.168755669009658,70.2498025867207));
#3639=CARTESIAN_POINT('Ctrl Pts',(2.551154774048,-0.7756945787942,78.257837660557));
#3640=CARTESIAN_POINT('Ctrl Pts',(1.53033785796102,-1.2587454201606,84.9290303752074));
#3641=CARTESIAN_POINT('Ctrl Pts',(0.509513478980515,-1.74179908690516,91.600253577727));
#3642=CARTESIAN_POINT('Ctrl Pts',(3.93690453497489,0.0974512291189151,64.927945436025));
#3643=CARTESIAN_POINT('Ctrl Pts',(3.88239006352529,-0.0318128051296745,
67.6474123111334));
#3644=CARTESIAN_POINT('Ctrl Pts',(3.85074760277381,-0.148743973396752,70.2815911918731));
#3645=CARTESIAN_POINT('Ctrl Pts',(2.50746731580278,-0.759988009524796,78.2736857571145));
#3646=CARTESIAN_POINT('Ctrl Pts',(1.49047210491013,-1.2464338090058,84.9369543642929));
#3647=CARTESIAN_POINT('Ctrl Pts',(0.473469452797851,-1.7328824546222,91.6002532765194));
#3648=CARTESIAN_POINT('Ctrl Pts',(3.828915357193,0.144319952540213,64.9270472928838));
#3649=CARTESIAN_POINT('Ctrl Pts',(3.77630762777027,0.0127699308117123,67.6803962689711));
#3650=CARTESIAN_POINT('Ctrl Pts',(3.74653064158432,-0.106027576256398,70.3495754714093));
#3651=CARTESIAN_POINT('Ctrl Pts',(2.41370644483695,-0.726530066628732,78.3075787890405));
#3652=CARTESIAN_POINT('Ctrl Pts',(1.40508386315718,-1.22025198223667,84.9539007536707));
#3653=CARTESIAN_POINT('Ctrl Pts',(0.396453887772913,-1.71397678918908,91.6002526323511));
#3654=CARTESIAN_POINT('Ctrl Pts',(3.72729298798478,0.187499512424838,64.9262119087783));
#3655=CARTESIAN_POINT('Ctrl Pts',(3.67652680739757,0.0539141172478874,67.7110754135734));
#3656=CARTESIAN_POINT('Ctrl Pts',(3.6485516099458,-0.0665019616034807,70.4128103813837));
#3657=CARTESIAN_POINT('Ctrl Pts',(2.3259176190324,-0.695690285552557,78.3391035087329));
#3658=CARTESIAN_POINT('Ctrl Pts',(1.32545108539822,-1.19619511737569,84.9696629957896));
#3659=CARTESIAN_POINT('Ctrl Pts',(0.324977204450265,-1.6967028839411,91.6002520331948));
#3660=CARTESIAN_POINT('Ctrl Pts',(3.62484490146794,0.230091474826357,64.925378380087));
#3661=CARTESIAN_POINT('Ctrl Pts',(3.57596834310119,0.0945413649773445,67.7416864061055));
#3662=CARTESIAN_POINT('Ctrl Pts',(3.54984148780013,-0.0273965913513678,
70.4759060398375));
#3663=CARTESIAN_POINT('Ctrl Pts',(2.23783177090253,-0.665275855327885,78.3705582235546));
#3664=CARTESIAN_POINT('Ctrl Pts',(1.24586153902835,-1.17253141485552,84.9853902357479));
#3665=CARTESIAN_POINT('Ctrl Pts',(0.253884008370663,-1.67978995337381,91.600251435369));
#3666=CARTESIAN_POINT('Ctrl Pts',(3.40356359587993,0.320052756523074,64.9235940214274));
#3667=CARTESIAN_POINT('Ctrl Pts',(3.35880959848988,0.180384997042906,67.8072162042321));
#3668=CARTESIAN_POINT('Ctrl Pts',(3.33671137884336,0.0553317056461642,70.610979274408));
#3669=CARTESIAN_POINT('Ctrl Pts',(2.0484046273662,-0.601094117656135,78.4378942560983));
#3670=CARTESIAN_POINT('Ctrl Pts',(1.07536608292518,-1.12269574216921,85.0190580006142));
#3671=CARTESIAN_POINT('Ctrl Pts',(0.102320348513772,-1.64430044146918,91.6002501555857));
#3672=CARTESIAN_POINT('Ctrl Pts',(3.22415663610036,0.390191969153806,64.9221672424419));
#3673=CARTESIAN_POINT('Ctrl Pts',(3.18277806189893,0.247310582758718,67.8596140046932));
#3674=CARTESIAN_POINT('Ctrl Pts',(3.16397171209573,0.119921471540769,70.7189879474008));
#3675=CARTESIAN_POINT('Ctrl Pts',(1.8959157106175,-0.55117224236063,78.4917364051157));
#3676=CARTESIAN_POINT('Ctrl Pts',(0.939013890865868,-1.08404698321917,85.0459788741391));
#3677=CARTESIAN_POINT('Ctrl Pts',(-0.017895025032244,-1.61692487628566,
91.6002491322661));
#3678=CARTESIAN_POINT('Ctrl Pts',(3.1035083946701,0.436103742605157,64.9212129471722));
#3679=CARTESIAN_POINT('Ctrl Pts',(3.0644191738408,0.291131202834464,67.8946600400693));
#3680=CARTESIAN_POINT('Ctrl Pts',(3.04784274832667,0.16227419016919,70.7912308363896));
#3681=CARTESIAN_POINT('Ctrl Pts',(1.79383775328667,-0.518523002790193,78.5277485236697));
#3682=CARTESIAN_POINT('Ctrl Pts',(0.848118697602853,-1.05881585661367,85.0639847990081));
#3683=CARTESIAN_POINT('Ctrl Pts',(-0.0976073888146934,-1.59911191476506,
91.6002484478227));
#3684=CARTESIAN_POINT('Ctrl Pts',(2.73849785462461,0.571213822606665,64.9183531449325));
#3685=CARTESIAN_POINT('Ctrl Pts',(2.70610396201098,0.419489320047144,67.9996848587178));
#3686=CARTESIAN_POINT('Ctrl Pts',(2.69601503074023,0.285807563031117,71.007730278257));
#3687=CARTESIAN_POINT('Ctrl Pts',(1.48605958608666,-0.423148521529298,78.6356685591275));
#3688=CARTESIAN_POINT('Ctrl Pts',(0.57526673008065,-0.985045451062562,85.1179444139943));
#3689=CARTESIAN_POINT('Ctrl Pts',(-0.335532948593163,-1.54694573441263,
91.6002463967031));
#3690=CARTESIAN_POINT('Ctrl Pts',(2.36448018439937,0.698131780869787,64.9154377534322));
#3691=CARTESIAN_POINT('Ctrl Pts',(2.3387616635239,0.539377339405494,68.1067510005556));
#3692=CARTESIAN_POINT('Ctrl Pts',(2.33507441524768,0.40090965682031,71.2284535342054));
#3693=CARTESIAN_POINT('Ctrl Pts',(1.17417723999152,-0.334462225255371,78.7456865221417));
#3694=CARTESIAN_POINT('Ctrl Pts',(0.302063319608616,-0.916473113531074,
85.1729529851022));
#3695=CARTESIAN_POINT('Ctrl Pts',(-0.570057186732367,-1.49848749934323,
91.6002443057105));
#3696=CARTESIAN_POINT('Ctrl Pts',(2.1113138983419,0.7788478107647,64.9134809342624));
#3697=CARTESIAN_POINT('Ctrl Pts',(2.08999664653017,0.615326159901521,68.1786141809366));
#3698=CARTESIAN_POINT('Ctrl Pts',(2.09042136286281,0.473425544200561,71.3765963301831));
#3699=CARTESIAN_POINT('Ctrl Pts',(0.964416720103071,-0.278388153033072,
78.8195308194171));
#3700=CARTESIAN_POINT('Ctrl Pts',(0.119660404639441,-0.873058304389684,
85.2098748581977));
#3701=CARTESIAN_POINT('Ctrl Pts',(-0.725102324941668,-1.46773203954757,
91.6002429022316));
#3702=CARTESIAN_POINT('Ctrl Pts',(1.34106145329657,1.00864372831309,64.9074215996389));
#3703=CARTESIAN_POINT('Ctrl Pts',(1.33285164649641,0.829097536510704,68.4011391947259));
#3704=CARTESIAN_POINT('Ctrl Pts',(1.34565371854128,0.676833452724837,71.8354122667947));
#3705=CARTESIAN_POINT('Ctrl Pts',(0.329888302458748,-0.121077774751961,
79.0481922744168));
#3706=CARTESIAN_POINT('Ctrl Pts',(-0.42849127017987,-0.750470306480326,
85.3242047334585));
#3707=CARTESIAN_POINT('Ctrl Pts',(-1.18687671273126,-1.37986668143205,91.6002385563102));
#3708=CARTESIAN_POINT('Ctrl Pts',(0.541080007911939,1.19942289701751,64.9011744378544));
#3709=CARTESIAN_POINT('Ctrl Pts',(0.545071177725775,1.00148509379425,68.6305630231531));
#3710=CARTESIAN_POINT('Ctrl Pts',(0.568027169918025,0.834171160307593,72.3083578981549));
#3711=CARTESIAN_POINT('Ctrl Pts',(-0.320112768388715,0.00525715195235907,
79.283940803625));
#3712=CARTESIAN_POINT('Ctrl Pts',(-0.980088589135748,-0.64965801545825,
85.442078118375));
#3713=CARTESIAN_POINT('Ctrl Pts',(-1.64006961336826,-1.30457715107283,91.6002340756925));
#3714=CARTESIAN_POINT('Ctrl Pts',(-0.00321996921172485,1.30760100555688,
64.8970231943106));
#3715=CARTESIAN_POINT('Ctrl Pts',(0.00855814441979592,1.09591990147741,
68.7830148629076));
#3716=CARTESIAN_POINT('Ctrl Pts',(0.037825163685032,0.917493169871635,72.6226738586032));
#3717=CARTESIAN_POINT('Ctrl Pts',(-0.759439383773719,0.0745222812256748,
79.4405963251852));
#3718=CARTESIAN_POINT('Ctrl Pts',(-1.34957682074651,-0.592444748460754,
85.5204052950832));
#3719=CARTESIAN_POINT('Ctrl Pts',(-1.93971898143723,-1.25941579207824,91.6002310983101));
#3720=CARTESIAN_POINT('Ctrl Pts',(-1.66033567959029,1.57124663602375,64.884648370311));
#3721=CARTESIAN_POINT('Ctrl Pts',(-1.62563018226079,1.31426038946535,69.2374735167027));
#3722=CARTESIAN_POINT('Ctrl Pts',(-1.57947320717342,1.09527511444552,73.5595598312915));
#3723=CARTESIAN_POINT('Ctrl Pts',(-2.09080853114431,0.235809025855469,79.9075842745712));
#3724=CARTESIAN_POINT('Ctrl Pts',(-2.46260752798098,-0.451090063178528,
85.7538975276899));
#3725=CARTESIAN_POINT('Ctrl Pts',(-2.83440970706754,-1.13799308776475,91.6002222227744));
#3726=CARTESIAN_POINT('Ctrl Pts',(-3.36180378223369,1.64577172181637,64.8737619935695));
#3727=CARTESIAN_POINT('Ctrl Pts',(-3.30551938002619,1.32547962932069,69.6372736838739));
#3728=CARTESIAN_POINT('Ctrl Pts',(-3.24560648309327,1.0359481212547,74.3833885172101));
#3729=CARTESIAN_POINT('Ctrl Pts',(-3.44877611588349,0.248413009163508,80.3183989281528));
#3730=CARTESIAN_POINT('Ctrl Pts',(-3.58697416472026,-0.404344674842174,
85.959303317835));
#3731=CARTESIAN_POINT('Ctrl Pts',(-3.72517369529111,-1.05710543257385,91.6002144148639));
#3732=CARTESIAN_POINT('Ctrl Pts',(-4.49066541287909,1.60547920709493,64.8673951137145));
#3733=CARTESIAN_POINT('Ctrl Pts',(-4.42106317707064,1.23682298079622,69.8711009555));
#3734=CARTESIAN_POINT('Ctrl Pts',(-4.3520829931096,0.887395178552841,74.8647539971007));
#3735=CARTESIAN_POINT('Ctrl Pts',(-4.35429304086682,0.189584342583934,80.5586585109182));
#3736=CARTESIAN_POINT('Ctrl Pts',(-4.33971318163074,-0.415071866632947,
86.0794322055136));
#3737=CARTESIAN_POINT('Ctrl Pts',(-4.3251337053027,-1.01973020032797,91.6002098485096));
#3738=CARTESIAN_POINT('Ctrl Pts',(-5.58521016485628,1.47810778303373,64.8621482210048));
#3739=CARTESIAN_POINT('Ctrl Pts',(-5.50381726094764,1.05664037201173,70.0638002872231));
#3740=CARTESIAN_POINT('Ctrl Pts',(-5.42503509478201,0.640949985011729,75.2610470598031));
#3741=CARTESIAN_POINT('Ctrl Pts',(-5.24567398445129,0.0666686573786572,
80.7566502865461));
#3742=CARTESIAN_POINT('Ctrl Pts',(-5.09175585569388,-0.466675340905797,
86.1784273441847));
#3743=CARTESIAN_POINT('Ctrl Pts',(-4.93783714668648,-1.00002027280328,91.600206085494));
#3744=CARTESIAN_POINT('Ctrl Pts',(-6.62850811056119,1.28017110548972,64.8582454072104));
#3745=CARTESIAN_POINT('Ctrl Pts',(-6.53726426980821,0.803133391074883,70.2071403884772));
#3746=CARTESIAN_POINT('Ctrl Pts',(-6.44869053870739,0.318966025456364,75.5554560651989));
#3747=CARTESIAN_POINT('Ctrl Pts',(-6.11811673592629,-0.109418680771491,
80.90391933143));
#3748=CARTESIAN_POINT('Ctrl Pts',(-5.8469785144447,-0.554717996320566,86.2520613053066));
#3749=CARTESIAN_POINT('Ctrl Pts',(-5.57583893748266,-1.0000169261149,91.6002032865108));
#3750=CARTESIAN_POINT('Ctrl Pts',(-6.62989676763516,1.27991019846135,64.8582402146082));
#3751=CARTESIAN_POINT('Ctrl Pts',(-6.53863981787264,0.802798510061308,70.2073310991299));
#3752=CARTESIAN_POINT('Ctrl Pts',(-6.45005305223884,0.31854000090802,75.5558477686002));
#3753=CARTESIAN_POINT('Ctrl Pts',(-6.11927809530342,-0.109651044278564,
80.9041152694316));
#3754=CARTESIAN_POINT('Ctrl Pts',(-5.84798393470044,-0.554833568672468,
86.2521592735606));
#3755=CARTESIAN_POINT('Ctrl Pts',(-5.57668841758585,-1.00001570555855,91.6002032827868));
#3756=CARTESIAN_POINT('Ctrl Pts',(-6.63122876897617,1.27966376641261,64.8582351700378));
#3757=CARTESIAN_POINT('Ctrl Pts',(-6.54209341785987,0.802030550142729,70.2075165405828));
#3758=CARTESIAN_POINT('Ctrl Pts',(-6.45569130060828,0.317040173138851,75.5562125773883));
#3759=CARTESIAN_POINT('Ctrl Pts',(-6.12257474844533,-0.110332766978536,
80.9043054569621));
#3760=CARTESIAN_POINT('Ctrl Pts',(-5.85005711344748,-0.55517321205341,86.2522543664253));
#3761=CARTESIAN_POINT('Ctrl Pts',(-5.57753809643829,-1.00001325876421,91.6002032791721));
#3762=CARTESIAN_POINT('Ctrl Pts',(-6.63670670819996,1.27865279940779,64.8582143981974));
#3763=CARTESIAN_POINT('Ctrl Pts',(-6.55038976440014,0.800265373541442,70.2082795244006));
#3764=CARTESIAN_POINT('Ctrl Pts',(-6.46691181271416,0.314339241019848,75.5577711828275));
#3765=CARTESIAN_POINT('Ctrl Pts',(-6.13009257943671,-0.111706480213467,
80.9050891759387));
#3766=CARTESIAN_POINT('Ctrl Pts',(-5.8555159329008,-0.555852756678742,86.2526462228335));
#3767=CARTESIAN_POINT('Ctrl Pts',(-5.58093786686821,-0.999998620342618,
91.6002032642768));
#3768=CARTESIAN_POINT('Ctrl Pts',(-6.64218220899778,1.27767603868735,64.8581932990239));
#3769=CARTESIAN_POINT('Ctrl Pts',(-6.55872730209301,0.798784468258099,70.2090542757593));
#3770=CARTESIAN_POINT('Ctrl Pts',(-6.47825706379388,0.3124456932955,75.5593783642455));
#3771=CARTESIAN_POINT('Ctrl Pts',(-6.13765557088053,-0.112792147289189,
80.9058854965186));
#3772=CARTESIAN_POINT('Ctrl Pts',(-5.86099920720964,-0.556378510410669,
86.2530443802621));
#3773=CARTESIAN_POINT('Ctrl Pts',(-5.58434138521407,-0.999964455075675,
91.600203249142));
#3774=CARTESIAN_POINT('Ctrl Pts',(-6.64628750035904,1.27696336217355,64.858177355207));
#3775=CARTESIAN_POINT('Ctrl Pts',(-6.56499808119004,0.797807238562024,70.2096395980448));
#3776=CARTESIAN_POINT('Ctrl Pts',(-6.48682194752791,0.31140955655584,75.560604754136));
#3777=CARTESIAN_POINT('Ctrl Pts',(-6.14334747946147,-0.113471836644482,
80.9064873693306));
#3778=CARTESIAN_POINT('Ctrl Pts',(-5.86512251586852,-0.556700030261942,
86.2533453146382));
#3779=CARTESIAN_POINT('Ctrl Pts',(-5.58689606420344,-0.999927805462275,
91.6002032377028));
#3780=CARTESIAN_POINT('Ctrl Pts',(-6.65586348879955,1.27534839304298,64.8581400252209));
#3781=CARTESIAN_POINT('Ctrl Pts',(-6.57965809082622,0.795776692769014,70.2110097793906));
#3782=CARTESIAN_POINT('Ctrl Pts',(-6.50690403627296,0.309724324103222,75.563500592434));
#3783=CARTESIAN_POINT('Ctrl Pts',(-6.15666109647058,-0.114807889186735,
80.9078968173805));
#3784=CARTESIAN_POINT('Ctrl Pts',(-5.87476211859432,-0.557312383649096,
86.2540500341824));
#3785=CARTESIAN_POINT('Ctrl Pts',(-5.59286158207406,-0.999816468235836,
91.600203210915));
#3786=CARTESIAN_POINT('Ctrl Pts',(-6.66543262894804,1.27384884403501,64.8581027493507));
#3787=CARTESIAN_POINT('Ctrl Pts',(-6.59435370205361,0.794184654352114,70.2123774444019));
#3788=CARTESIAN_POINT('Ctrl Pts',(-6.52713588308667,0.309366253061527,75.5664419653683));
#3789=CARTESIAN_POINT('Ctrl Pts',(-6.17001930136108,-0.115710404226643,
80.9093047427679));
#3790=CARTESIAN_POINT('Ctrl Pts',(-5.88442919425608,-0.557677727529828,
86.2547539929553));
#3791=CARTESIAN_POINT('Ctrl Pts',(-5.59883745592701,-0.999644665625027,
91.600203184156));
#3792=CARTESIAN_POINT('Ctrl Pts',(-6.67089790770503,1.27302776150327,64.8580813024462));
#3793=CARTESIAN_POINT('Ctrl Pts',(-6.60277378352129,0.793481468007484,70.2131642073164));
#3794=CARTESIAN_POINT('Ctrl Pts',(-6.53876180347472,0.30968855010617,75.5681466581132));
#3795=CARTESIAN_POINT('Ctrl Pts',(-6.17767828783232,-0.116020126595524,
80.9101149307492));
#3796=CARTESIAN_POINT('Ctrl Pts',(-5.88996770935289,-0.557773575070251,
86.2551590848274));
#3797=CARTESIAN_POINT('Ctrl Pts',(-5.60225545753912,-0.99952665762866,91.6002031687576));
#3798=CARTESIAN_POINT('Ctrl Pts',(-6.68729152564553,1.2707074572764,64.8580198392293));
#3799=CARTESIAN_POINT('Ctrl Pts',(-6.62784545151578,0.790668824754135,70.2154185184056));
#3800=CARTESIAN_POINT('Ctrl Pts',(-6.57328602916675,0.309399408501387,75.5730713296834));
#3801=CARTESIAN_POINT('Ctrl Pts',(-6.20046871746572,-0.117692489528809,
80.9124372045373));
#3802=CARTESIAN_POINT('Ctrl Pts',(-5.90649456579314,-0.558402817936723,
86.2563202160875));
#3803=CARTESIAN_POINT('Ctrl Pts',(-5.61251861603282,-0.999112835764193,
91.6002031246205));
#3804=CARTESIAN_POINT('Ctrl Pts',(-6.70366161924906,1.26873721504648,64.8579598183761));
#3805=CARTESIAN_POINT('Ctrl Pts',(-6.65288396401512,0.78858643175136,70.2176192763452));
#3806=CARTESIAN_POINT('Ctrl Pts',(-6.6077874040529,0.310860227903131,75.5779415149432));
#3807=CARTESIAN_POINT('Ctrl Pts',(-6.22324588323604,-0.118682778633017,
80.914705620627));
#3808=CARTESIAN_POINT('Ctrl Pts',(-5.92302775467941,-0.558600961287654,
86.2574544193102));
#3809=CARTESIAN_POINT('Ctrl Pts',(-5.62280770305336,-0.998518907328349,
91.600203081507));
#3810=CARTESIAN_POINT('Ctrl Pts',(-6.71456271758481,1.26757815082674,64.857920420867));
#3811=CARTESIAN_POINT('Ctrl Pts',(-6.66955065029497,0.787510084355175,70.2190631352326));
#3812=CARTESIAN_POINT('Ctrl Pts',(-6.63082565863948,0.313022505499591,75.5812051019098));
#3813=CARTESIAN_POINT('Ctrl Pts',(-6.2384153050932,-0.119042855947283,80.9161953015156));
#3814=CARTESIAN_POINT('Ctrl Pts',(-5.93404728920129,-0.558542625094821,
86.2581992573324));
#3815=CARTESIAN_POINT('Ctrl Pts',(-5.62967726542599,-0.998042224696293,
91.6002030531942));
#3816=CARTESIAN_POINT('Ctrl Pts',(-6.74722308296789,1.26455842662578,64.8578037786809));
#3817=CARTESIAN_POINT('Ctrl Pts',(-6.71947826156329,0.785356701239317,70.2233429577316));
#3818=CARTESIAN_POINT('Ctrl Pts',(-6.69879495071932,0.315878790419464,75.5903923376487));
#3819=CARTESIAN_POINT('Ctrl Pts',(-6.28385640414578,-0.119233457966308,
80.920600750456));
#3820=CARTESIAN_POINT('Ctrl Pts',(-5.96708547435237,-0.557800822242939,
86.2604019693465));
#3821=CARTESIAN_POINT('Ctrl Pts',(-5.65031230575961,-0.996368107726148,
91.6002029694644));
#3822=CARTESIAN_POINT('Ctrl Pts',(-6.77973946478405,1.26290413305763,64.8576919028974));
#3823=CARTESIAN_POINT('Ctrl Pts',(-6.76903495544377,0.78604961717658,70.2274468325816));
#3824=CARTESIAN_POINT('Ctrl Pts',(-6.76585585070653,0.324180507747237,75.59930354579));
#3825=CARTESIAN_POINT('Ctrl Pts',(-6.32900002451355,-0.116780578388559,
80.924827217916));
#3826=CARTESIAN_POINT('Ctrl Pts',(-6.00000806958535,-0.555368591067765,
86.2625151922351));
#3827=CARTESIAN_POINT('Ctrl Pts',(-5.67101365472622,-0.993956657872289,
91.6002028891363));
#3828=CARTESIAN_POINT('Ctrl Pts',(-6.80133835330808,1.26239803935848,64.8576189041313));
#3829=CARTESIAN_POINT('Ctrl Pts',(-6.80184209401003,0.787740432773442,70.230124214963));
#3830=CARTESIAN_POINT('Ctrl Pts',(-6.8099990525899,0.331996510747432,75.6051546178821));
#3831=CARTESIAN_POINT('Ctrl Pts',(-6.35889738770261,-0.114002783509439,
80.9275853633262));
#3832=CARTESIAN_POINT('Ctrl Pts',(-6.02186633956348,-0.553009694416186,
86.2638942582726));
#3833=CARTESIAN_POINT('Ctrl Pts',(-5.68483268994321,-0.99201676479698,91.600202836715));
#3834=CARTESIAN_POINT('Ctrl Pts',(-6.86585437137088,1.26263883963238,64.8574059516043));
#3835=CARTESIAN_POINT('Ctrl Pts',(-6.89943995551529,0.796409356456082,70.2379332949102));
#3836=CARTESIAN_POINT('Ctrl Pts',(-6.94035440799901,0.362355420078027,75.622354696459));
#3837=CARTESIAN_POINT('Ctrl Pts',(-6.44786158535259,-0.102311601264766,
80.9356328192258));
#3838=CARTESIAN_POINT('Ctrl Pts',(-6.08708666831736,-0.543750210115402,
86.267917968232));
#3839=CARTESIAN_POINT('Ctrl Pts',(-5.72630874733951,-0.985189348721404,
91.6002026837653));
#3840=CARTESIAN_POINT('Ctrl Pts',(-6.92940659794202,1.26806508161754,64.8572019979327));
#3841=CARTESIAN_POINT('Ctrl Pts',(-6.99388602305435,0.815512456645742,70.2454098446203));
#3842=CARTESIAN_POINT('Ctrl Pts',(-7.06290556762188,0.411473212448173,75.6390660340357));
#3843=CARTESIAN_POINT('Ctrl Pts',(-6.53394995312027,-0.080888339342769,
80.9433427013756));
#3844=CARTESIAN_POINT('Ctrl Pts',(-6.15084262798484,-0.528100574944436,
86.2717728947254));
#3845=CARTESIAN_POINT('Ctrl Pts',(-5.76773197665225,-0.97531384023233,91.6002025372313));
#3846=CARTESIAN_POINT('Ctrl Pts',(-6.97123084573981,1.27390382700863,64.8570702056774));
#3847=CARTESIAN_POINT('Ctrl Pts',(-7.05511012849084,0.832621243303221,70.2502398753744));
#3848=CARTESIAN_POINT('Ctrl Pts',(-7.14024507008591,0.45224104553372,75.6499791658));
#3849=CARTESIAN_POINT('Ctrl Pts',(-6.58972169863321,-0.0625030615470914,
80.948325926926));
#3850=CARTESIAN_POINT('Ctrl Pts',(-6.1924758382504,-0.51492749238402,86.2742644993517));
#3851=CARTESIAN_POINT('Ctrl Pts',(-5.79522648224183,-0.967353344496401,
91.6002024425201));
#3852=CARTESIAN_POINT('Ctrl Pts',(-7.0535780474222,1.28985966790069,64.8568041636204));
#3853=CARTESIAN_POINT('Ctrl Pts',(-7.17327524562919,0.874853082892355,70.2599901872104));
#3854=CARTESIAN_POINT('Ctrl Pts',(-7.28475468916911,0.546524501291048,75.6719916494874));
#3855=CARTESIAN_POINT('Ctrl Pts',(-6.69721328545619,-0.0182378883696062,
80.9583851199936));
#3856=CARTESIAN_POINT('Ctrl Pts',(-6.27349187259457,-0.483449253020484,
86.2792940792436));
#3857=CARTESIAN_POINT('Ctrl Pts',(-5.84976672368025,-0.948662888048893,
91.600202251335));
#3858=CARTESIAN_POINT('Ctrl Pts',(-7.1329126902966,1.31401845367947,64.8565450819423));
#3859=CARTESIAN_POINT('Ctrl Pts',(-7.28171237879678,0.93224423532327,70.2694828109189));
#3860=CARTESIAN_POINT('Ctrl Pts',(-7.40508652793131,0.667696381783599,75.693671583039));
#3861=CARTESIAN_POINT('Ctrl Pts',(-6.79538237899702,0.040328331747834,80.9681836846312));
#3862=CARTESIAN_POINT('Ctrl Pts',(-6.34918648373468,-0.442062537339058,
86.284193348063));
#3863=CARTESIAN_POINT('Ctrl Pts',(-5.90298685953519,-0.924456712796876,
91.6002020651034));
#3864=CARTESIAN_POINT('Ctrl Pts',(-7.17172839919177,1.32805675397151,64.8564182933656));
#3865=CARTESIAN_POINT('Ctrl Pts',(-7.33305804953302,0.964648302859153,70.2741280318785));
#3866=CARTESIAN_POINT('Ctrl Pts',(-7.45820868122379,0.734532831094068,75.7043046389105));
#3867=CARTESIAN_POINT('Ctrl Pts',(-6.84168270373949,0.0731313167091192,
80.972979120284));
#3868=CARTESIAN_POINT('Ctrl Pts',(-6.38542381056341,-0.418922660800272,
86.2865910595435));
#3869=CARTESIAN_POINT('Ctrl Pts',(-5.92916126237168,-0.910980500473218,
91.6002019739612));
#3870=CARTESIAN_POINT('Ctrl Pts',(-7.22851169275934,1.35194265214002,64.8562334352635));
#3871=CARTESIAN_POINT('Ctrl Pts',(-7.40605818407183,1.01756593659682,70.2809004603613));
#3872=CARTESIAN_POINT('Ctrl Pts',(-7.52753889485839,0.841750835436631,75.719837386117));
#3873=CARTESIAN_POINT('Ctrl Pts',(-6.90724423447182,0.126378162182676,80.9799711900822));
#3874=CARTESIAN_POINT('Ctrl Pts',(-6.43742760287416,-0.381176420677604,
86.2900870855208));
#3875=CARTESIAN_POINT('Ctrl Pts',(-5.96760753951575,-0.888735743064464,
91.6002018410698));
#3876=CARTESIAN_POINT('Ctrl Pts',(-7.28296341343946,1.37983363914226,64.8560590830944));
#3877=CARTESIAN_POINT('Ctrl Pts',(-7.47136353149237,1.07760466031366,70.287288851958));
#3878=CARTESIAN_POINT('Ctrl Pts',(-7.57784671799968,0.95962184627816,75.7344069959805));
#3879=CARTESIAN_POINT('Ctrl Pts',(-6.96524773657799,0.186393472512504,80.986565042361));
#3880=CARTESIAN_POINT('Ctrl Pts',(-6.48492105036249,-0.338559915278069,
86.2933840023514));
#3881=CARTESIAN_POINT('Ctrl Pts',(-6.00459134759283,-0.863518965258635,
91.600201715747));
#3882=CARTESIAN_POINT('Ctrl Pts',(-7.30084302498003,1.38956542150475,64.8560022221499));
#3883=CARTESIAN_POINT('Ctrl Pts',(-7.49227194320269,1.09833585919579,70.2893724539594));
#3884=CARTESIAN_POINT('Ctrl Pts',(-7.59250541450977,0.999879844937745,75.7391420989223));
#3885=CARTESIAN_POINT('Ctrl Pts',(-6.98373696937285,0.207077465650625,80.9887153033438));
#3886=CARTESIAN_POINT('Ctrl Pts',(-6.50024165364246,-0.323851899537133,
86.294459129624));
#3887=CARTESIAN_POINT('Ctrl Pts',(-6.01674348098323,-0.854787237032634,
91.6002016748791));
#3888=CARTESIAN_POINT('Ctrl Pts',(-7.32283949241686,1.40226072563079,64.8559328287707));
#3889=CARTESIAN_POINT('Ctrl Pts',(-7.51732749750832,1.12505536883906,70.2919155767626));
#3890=CARTESIAN_POINT('Ctrl Pts',(-7.60815393672708,1.0511902919143,75.7448941414296));
#3891=CARTESIAN_POINT('Ctrl Pts',(-7.00578543795443,0.233689120545761,80.9913392130511));
#3892=CARTESIAN_POINT('Ctrl Pts',(-6.51874272091216,-0.304887784205135,
86.2957710802524));
#3893=CARTESIAN_POINT('Ctrl Pts',(-6.03169737380329,-0.843471050136002,
91.6002016250091));
#3894=CARTESIAN_POINT('Ctrl Pts',(-7.34437741529974,1.41560291078647,64.8558656776136));
#3895=CARTESIAN_POINT('Ctrl Pts',(-7.54102599605562,1.15266808586193,70.2943770285344));
#3896=CARTESIAN_POINT('Ctrl Pts',(-7.62049056345193,1.10336750122509,75.750413248099));
#3897=CARTESIAN_POINT('Ctrl Pts',(-7.02649748740389,0.261131060760012,80.993877846859));
#3898=CARTESIAN_POINT('Ctrl Pts',(-6.53641772486476,-0.28526204558114,86.2970403925441));
#3899=CARTESIAN_POINT('Ctrl Pts',(-6.04633559253499,-0.8316618989598,91.6002015767598));
#3900=CARTESIAN_POINT('Ctrl Pts',(-7.34866648575234,1.41829705967072,64.8558523384595));
#3901=CARTESIAN_POINT('Ctrl Pts',(-7.54571134125359,1.15822522046236,70.2948660024891));
#3902=CARTESIAN_POINT('Ctrl Pts',(-7.62282578722822,1.11383394522275,75.7515075125165));
#3903=CARTESIAN_POINT('Ctrl Pts',(-7.03058636474101,0.266651504775107,80.9943821087821));
#3904=CARTESIAN_POINT('Ctrl Pts',(-6.53991954357481,-0.281311055387439,
86.2972925225663));
#3905=CARTESIAN_POINT('Ctrl Pts',(-6.04925040600089,-0.829280439593258,
91.6002015671758));
#3906=CARTESIAN_POINT('Ctrl Pts',(-7.3550720641842,1.42237660508634,64.8558324684301));
#3907=CARTESIAN_POINT('Ctrl Pts',(-7.55265772678583,1.16661109801017,70.2955944142588));
#3908=CARTESIAN_POINT('Ctrl Pts',(-7.62613078106471,1.1295748375997,75.7531342251206));
#3909=CARTESIAN_POINT('Ctrl Pts',(-7.03663927023913,0.274978519301592,80.9951332237047));
#3910=CARTESIAN_POINT('Ctrl Pts',(-6.54512229079428,-0.275346743604506,
86.2976680785917));
#3911=CARTESIAN_POINT('Ctrl Pts',(-6.05360307700029,-0.82567894575135,91.6002015529001));
#3912=CARTESIAN_POINT('Ctrl Pts',(-7.36143522159815,1.42651326394401,64.8558128095751));
#3913=CARTESIAN_POINT('Ctrl Pts',(-7.5594815048054,1.17506968215248,70.2963151409476));
#3914=CARTESIAN_POINT('Ctrl Pts',(-7.62914005185336,1.14536914402924,75.7547383649227));
#3915=CARTESIAN_POINT('Ctrl Pts',(-7.04257139553895,0.283372449992862,80.9958763006288));
#3916=CARTESIAN_POINT('Ctrl Pts',(-6.55024975772828,-0.269327103151439,
86.2980396155743));
#3917=CARTESIAN_POINT('Ctrl Pts',(-6.05792597057912,-0.822033710161759,
91.6002015387772));
#3918=CARTESIAN_POINT('Ctrl Pts',(-7.36355161049822,1.42789837216189,64.8558062731753));
#3919=CARTESIAN_POINT('Ctrl Pts',(-7.56173713624657,1.17790491365155,70.2965550549632));
#3920=CARTESIAN_POINT('Ctrl Pts',(-7.63036037718617,1.15027497724398,75.7552455861132));
#3921=CARTESIAN_POINT('Ctrl Pts',(-7.04453533577901,0.286177725519534,80.9961230936697));
#3922=CARTESIAN_POINT('Ctrl Pts',(-6.55195053172925,-0.267314487096553,
86.298163011312));
#3923=CARTESIAN_POINT('Ctrl Pts',(-6.05936360130192,-0.820813783406623,
91.6002015340867));
#3924=CARTESIAN_POINT('Ctrl Pts',(-7.36777459317176,1.43068161212915,64.8557932763384));
#3925=CARTESIAN_POINT('Ctrl Pts',(-7.56624243436041,1.18355989782948,70.2970310229731));
#3926=CARTESIAN_POINT('Ctrl Pts',(-7.63173544090325,1.1615542333819,75.7563547055766));
#3927=CARTESIAN_POINT('Ctrl Pts',(-7.04843636265431,0.291802534156543,80.9966148643519));
#3928=CARTESIAN_POINT('Ctrl Pts',(-6.55533528225084,-0.263277273588788,
86.2984088962156));
#3929=CARTESIAN_POINT('Ctrl Pts',(-6.06223214485192,-0.818364257777143,
91.6002015247401));
#3930=CARTESIAN_POINT('Ctrl Pts',(-7.37197875387783,1.43348957517465,64.855780347097));
#3931=CARTESIAN_POINT('Ctrl Pts',(-7.57067181724184,1.18927655945603,70.2975056286371));
#3932=CARTESIAN_POINT('Ctrl Pts',(-7.63397994798319,1.17139398482868,75.7573536140426));
#3933=CARTESIAN_POINT('Ctrl Pts',(-7.05228357804279,0.297455377687799,80.9971029841629));
#3934=CARTESIAN_POINT('Ctrl Pts',(-6.5586863697232,-0.259216412023131,86.298652954524));
#3935=CARTESIAN_POINT('Ctrl Pts',(-6.06508715227476,-0.815895437357034,
91.6002015154629));
#3936=CARTESIAN_POINT('Ctrl Pts',(-7.37407610242797,1.434899724875,64.8557739001029));
#3937=CARTESIAN_POINT('Ctrl Pts',(-7.57286792674187,1.19214956678845,70.2977425430853));
#3938=CARTESIAN_POINT('Ctrl Pts',(-7.63530059570409,1.17598170095594,75.7578274374477));
#3939=CARTESIAN_POINT('Ctrl Pts',(-7.05419372433706,0.300288662533704,80.9973461245809));
#3940=CARTESIAN_POINT('Ctrl Pts',(-6.56035348067466,-0.257180147909966,
86.2987745236666));
#3941=CARTESIAN_POINT('Ctrl Pts',(-6.06651124687041,-0.814656215811269,
91.6002015108418));
#3942=CARTESIAN_POINT('Ctrl Pts',(-7.38453852326214,1.4419820408546,64.8557418115919));
#3943=CARTESIAN_POINT('Ctrl Pts',(-7.58379747538705,1.20652499209055,70.2989208292007));
#3944=CARTESIAN_POINT('Ctrl Pts',(-7.64092777242765,1.20017927624699,75.7602706137821));
#3945=CARTESIAN_POINT('Ctrl Pts',(-7.06367714932501,0.314488610044046,80.9985571909905));
#3946=CARTESIAN_POINT('Ctrl Pts',(-6.56864678676488,-0.246970054839996,
86.2993800525075));
#3947=CARTESIAN_POINT('Ctrl Pts',(-6.07361454915171,-0.808436114195005,
91.6002014878244));
#3948=CARTESIAN_POINT('Ctrl Pts',(-7.39488001166841,1.44921990379092,64.8557103368534));
#3949=CARTESIAN_POINT('Ctrl Pts',(-7.59438214172727,1.22108198710954,70.3000767528064));
#3950=CARTESIAN_POINT('Ctrl Pts',(-7.64588347854924,1.22441171315581,75.7626506250901));
#3951=CARTESIAN_POINT('Ctrl Pts',(-7.07282372628495,0.328852686712501,80.9997449207362));
#3952=CARTESIAN_POINT('Ctrl Pts',(-6.57672842771325,-0.236618073625338,
86.2999739129171));
#3953=CARTESIAN_POINT('Ctrl Pts',(-6.08063137395379,-0.802096361992134,
91.6002014652505));
#3954=CARTESIAN_POINT('Ctrl Pts',(-7.40307465051742,1.45510890556759,64.8556855476899));
#3955=CARTESIAN_POINT('Ctrl Pts',(-7.60262210929009,1.23281690058414,70.3009872689361));
#3956=CARTESIAN_POINT('Ctrl Pts',(-7.64943475299735,1.24375808862676,75.7645135362919));
#3957=CARTESIAN_POINT('Ctrl Pts',(-7.07991870922941,0.340421518853474,81.000680242835));
#3958=CARTESIAN_POINT('Ctrl Pts',(-6.58305412847689,-0.228259824364927,
86.3004415703227));
#3959=CARTESIAN_POINT('Ctrl Pts',(-6.08618789089975,-0.79694879976637,91.6002014474738));
#3960=CARTESIAN_POINT('Ctrl Pts',(-7.47610317004079,1.50897341933025,64.8554664306144));
#3961=CARTESIAN_POINT('Ctrl Pts',(-7.67490305587385,1.33962606115076,70.3090364143708));
#3962=CARTESIAN_POINT('Ctrl Pts',(-7.67735816380084,1.41845235987223,75.7808971481023));
#3963=CARTESIAN_POINT('Ctrl Pts',(-7.14193379810254,0.445646141700292,81.0089468987204));
#3964=CARTESIAN_POINT('Ctrl Pts',(-6.63880217949341,-0.152146004012605,
86.3045748651323));
#3965=CARTESIAN_POINT('Ctrl Pts',(-6.13566982449037,-0.749946702332021,
91.6002012903585));
#3966=CARTESIAN_POINT('Ctrl Pts',(-7.54256089434811,1.57061812959895,64.855280802487));
#3967=CARTESIAN_POINT('Ctrl Pts',(-7.72865504981328,1.45216155179748,70.3158656334803));
#3968=CARTESIAN_POINT('Ctrl Pts',(-7.67237625971769,1.58661940063408,75.793812971013));
#3969=CARTESIAN_POINT('Ctrl Pts',(-7.18585885246934,0.555642758231044,81.0159400250295));
#3970=CARTESIAN_POINT('Ctrl Pts',(-6.68307167211729,-0.0706501971408786,
86.3080713894962));
#3971=CARTESIAN_POINT('Ctrl Pts',(-6.18028486289773,-0.696952381762058,
91.6002011574482));
#3972=CARTESIAN_POINT('Ctrl Pts',(-7.59578017375112,1.63080351030896,64.8551430094606));
#3973=CARTESIAN_POINT('Ctrl Pts',(-7.76199004254023,1.55466099816454,70.3209440705129));
#3974=CARTESIAN_POINT('Ctrl Pts',(-7.64356459656198,1.72834014586822,75.8025502901399));
#3975=CARTESIAN_POINT('Ctrl Pts',(-7.21077642679529,0.655241127450801,81.0211221714501));
#3976=CARTESIAN_POINT('Ctrl Pts',(-6.71303642744106,0.00483499469635093,
86.3106624244539));
#3977=CARTESIAN_POINT('Ctrl Pts',(-6.2152979094705,-0.645580778021502,91.6002010589575));
#3978=CARTESIAN_POINT('Ctrl Pts',(-7.66598649314981,1.72802212494459,64.854976177368));
#3979=CARTESIAN_POINT('Ctrl Pts',(-7.79117857848221,1.70767372374066,70.3271064836902));
#3980=CARTESIAN_POINT('Ctrl Pts',(-7.57264851276511,1.92204257601024,75.8118411021126));
#3981=CARTESIAN_POINT('Ctrl Pts',(-7.22788032782477,0.802948624399035,81.027382944571));
#3982=CARTESIAN_POINT('Ctrl Pts',(-6.74382546950714,0.119912494912468,86.3137927503738));
#3983=CARTESIAN_POINT('Ctrl Pts',(-6.25977378786422,-0.563133579330979,
91.6002009399672));
#3984=CARTESIAN_POINT('Ctrl Pts',(-7.72076730415755,1.83378473093958,64.8548723252934));
#3985=CARTESIAN_POINT('Ctrl Pts',(-7.78989517304216,1.85578747723348,70.3309706779638));
#3986=CARTESIAN_POINT('Ctrl Pts',(-7.4542698195396,2.08447328508734,75.8149856195472));
#3987=CARTESIAN_POINT('Ctrl Pts',(-7.2151069210032,0.94432756167273,81.0312526196003));
#3988=CARTESIAN_POINT('Ctrl Pts',(-6.75305948813818,0.234900734933981,86.3157275207827));
#3989=CARTESIAN_POINT('Ctrl Pts',(-6.29101713849065,-0.47453591479288,91.6002008664225));
#3990=CARTESIAN_POINT('Ctrl Pts',(-7.73726458920002,1.86988629091747,64.8548451311643));
#3991=CARTESIAN_POINT('Ctrl Pts',(-7.78588943582978,1.90434309707783,70.331987745009));
#3992=CARTESIAN_POINT('Ctrl Pts',(-7.4098395134697,2.13453477997353,75.8153201298106));
#3993=CARTESIAN_POINT('Ctrl Pts',(-7.20734205461364,0.990471100299755,81.0322607939427));
#3994=CARTESIAN_POINT('Ctrl Pts',(-6.75361640206811,0.27302669968425,86.3162315849432));
#3995=CARTESIAN_POINT('Ctrl Pts',(-6.29989647914866,-0.444427430420165,
91.600200847262));
#3996=CARTESIAN_POINT('Ctrl Pts',(-7.75925863367368,1.92515364379368,64.8548145328097));
#3997=CARTESIAN_POINT('Ctrl Pts',(-7.77586544980987,1.97554757866286,70.3331417538909));
#3998=CARTESIAN_POINT('Ctrl Pts',(-7.33829644029213,2.20276131873128,75.8147936066396));
#3999=CARTESIAN_POINT('Ctrl Pts',(-7.19181465761355,1.05779200469898,81.0333857230823));
#4000=CARTESIAN_POINT('Ctrl Pts',(-6.75132108107399,0.329610979534298,86.3167940135775));
#4001=CARTESIAN_POINT('Ctrl Pts',(-6.31083420988777,-0.398579550908375,
91.6002008258829));
#4002=CARTESIAN_POINT('Ctrl Pts',(-7.7770779310699,1.981855417563,64.8548013661084));
#4003=CARTESIAN_POINT('Ctrl Pts',(-7.75819423355097,2.04368616605349,70.3336594113902));
#4004=CARTESIAN_POINT('Ctrl Pts',(-7.25854807372509,2.25918552984635,75.8125892475292));
#4005=CARTESIAN_POINT('Ctrl Pts',(-7.16885337061201,1.12161054801235,81.0338490867226));
#4006=CARTESIAN_POINT('Ctrl Pts',(-6.74348206193814,0.384811212204812,86.3170256579323));
#4007=CARTESIAN_POINT('Ctrl Pts',(-6.31811840882891,-0.351997263690392,
91.6002008170777));
#4008=CARTESIAN_POINT('Ctrl Pts',(-7.78254695392517,2.00090225167106,64.8547988951722));
#4009=CARTESIAN_POINT('Ctrl Pts',(-7.75152128100967,2.06602004824717,70.3337618998018));
#4010=CARTESIAN_POINT('Ctrl Pts',(-7.23129519661404,2.27663143888191,75.8116743401959));
#4011=CARTESIAN_POINT('Ctrl Pts',(-7.16044494723592,1.14245453725801,81.0339307977268));
#4012=CARTESIAN_POINT('Ctrl Pts',(-6.74028648546258,0.403029505304797,86.3170665008275));
#4013=CARTESIAN_POINT('Ctrl Pts',(-6.32013599013741,-0.336404529355784,
91.6002008155252));
#4014=CARTESIAN_POINT('Ctrl Pts',(-7.78909869728473,2.02607575581703,64.8547981431281));
#4015=CARTESIAN_POINT('Ctrl Pts',(-7.74182601795178,2.09478577768696,70.3338054099906));
#4016=CARTESIAN_POINT('Ctrl Pts',(-7.19489829408905,2.29765650419492,75.8102401769979));
#4017=CARTESIAN_POINT('Ctrl Pts',(-7.1485128743218,1.16919681872451,81.0339435700412));
#4018=CARTESIAN_POINT('Ctrl Pts',(-6.7353725902465,0.426664980359531,86.3170728702911));
#4019=CARTESIAN_POINT('Ctrl Pts',(-6.32224067050898,-0.315875659469361,
91.6002008152831));
#4020=CARTESIAN_POINT('Ctrl Pts',(-7.79481796183005,2.05145528246709,64.854800629037));
#4021=CARTESIAN_POINT('Ctrl Pts',(-7.73101712284587,2.12276622521224,70.3337305073582));
#4022=CARTESIAN_POINT('Ctrl Pts',(-7.15813853993833,2.31614758734256,75.8085140290412));
#4023=CARTESIAN_POINT('Ctrl Pts',(-7.13552997722768,1.1950617101845,81.0338336616212));
#4024=CARTESIAN_POINT('Ctrl Pts',(-6.72957461476696,0.449888128343317,86.3170178993222));
#4025=CARTESIAN_POINT('Ctrl Pts',(-6.32362799504071,-0.295294026544203,
91.6002008173726));
#4026=CARTESIAN_POINT('Ctrl Pts',(-7.79613231465243,2.05750929780604,64.8548014039198));
#4027=CARTESIAN_POINT('Ctrl Pts',(-7.72838250326939,2.1293825357557,70.3337059788358));
#4028=CARTESIAN_POINT('Ctrl Pts',(-7.14937383523092,2.32040532426592,75.8080867470206));
#4029=CARTESIAN_POINT('Ctrl Pts',(-7.13238145866342,1.20116904590934,81.0338005615655));
#4030=CARTESIAN_POINT('Ctrl Pts',(-6.72814509875455,0.455393188410419,86.3170013453028));
#4031=CARTESIAN_POINT('Ctrl Pts',(-6.32391757045955,-0.290391186216698,
91.6002008180019));
#4032=CARTESIAN_POINT('Ctrl Pts',(-7.79765246954551,2.06478714975368,64.8548025526976));
#4033=CARTESIAN_POINT('Ctrl Pts',(-7.7251501547449,2.13726584990191,70.3336685338434));
#4034=CARTESIAN_POINT('Ctrl Pts',(-7.13885076754976,2.32533902377592,75.8075547231584));
#4035=CARTESIAN_POINT('Ctrl Pts',(-7.12853708280682,1.20843519897402,81.0337525518055));
#4036=CARTESIAN_POINT('Ctrl Pts',(-6.72637212188044,0.461969077935089,86.3169773356335));
#4037=CARTESIAN_POINT('Ctrl Pts',(-6.32421609764209,-0.28450549129511,91.6002008189145));
#4038=CARTESIAN_POINT('Ctrl Pts',(-7.7991038886798,2.07208005056341,64.8548039633935));
#4039=CARTESIAN_POINT('Ctrl Pts',(-7.72183580762829,2.14507993826194,70.333621500687));
#4040=CARTESIAN_POINT('Ctrl Pts',(-7.12833334733072,2.33006057604133,75.8069999953299));
#4041=CARTESIAN_POINT('Ctrl Pts',(-7.12461653584693,1.2156243870982,81.0336946279725));
#4042=CARTESIAN_POINT('Ctrl Pts',(-6.72453164520928,0.468507457959048,86.3169483689326));
#4043=CARTESIAN_POINT('Ctrl Pts',(-6.32445579427012,-0.278617848251292,
91.6002008200156));
#4044=CARTESIAN_POINT('Ctrl Pts',(-7.7993437707899,2.07329596781667,64.8548042036523));
#4045=CARTESIAN_POINT('Ctrl Pts',(-7.72128943834189,2.14637892408982,70.3336135553942));
#4046=CARTESIAN_POINT('Ctrl Pts',(-7.12619204924017,2.33090868031461,75.8068994167051));
#4047=CARTESIAN_POINT('Ctrl Pts',(-7.12396102220377,1.21682043575638,81.0336846989668));
#4048=CARTESIAN_POINT('Ctrl Pts',(-6.72422303282178,0.469596138863413,86.316943403547));
#4049=CARTESIAN_POINT('Ctrl Pts',(-6.32449410911177,-0.277636524716772,
91.6002008202044));
#4050=CARTESIAN_POINT('Ctrl Pts',(-7.79982015210929,2.07572854903777,64.8548047072166));
#4051=CARTESIAN_POINT('Ctrl Pts',(-7.72015907763677,2.14897873090637,70.3335964936337));
#4052=CARTESIAN_POINT('Ctrl Pts',(-7.12346451340992,2.33232474575742,75.8067269900272));
#4053=CARTESIAN_POINT('Ctrl Pts',(-7.1226457991632,1.21920822368123,81.0336642902355));
#4054=CARTESIAN_POINT('Ctrl Pts',(-6.72360209296254,0.471771388118961,86.3169331977583));
#4055=CARTESIAN_POINT('Ctrl Pts',(-6.32456746880914,-0.275673787121953,
91.6002008205923));
#4056=CARTESIAN_POINT('Ctrl Pts',(-7.80028843792,2.07816283909055,64.854805231317));
#4057=CARTESIAN_POINT('Ctrl Pts',(-7.71905293649293,2.15156501263869,70.3335790072583));
#4058=CARTESIAN_POINT('Ctrl Pts',(-7.11918393898439,2.33398545711778,75.8065220860217));
#4059=CARTESIAN_POINT('Ctrl Pts',(-7.12132236246234,1.22158733475194,81.0336427828617));
#4060=CARTESIAN_POINT('Ctrl Pts',(-6.72297375792301,0.473942383529616,86.3169224423071));
#4061=CARTESIAN_POINT('Ctrl Pts',(-6.32463428701919,-0.273710886240984,
91.6002008210012));
#4062=CARTESIAN_POINT('Ctrl Pts',(-7.80052098354915,2.07938033391788,64.8548055067159));
#4063=CARTESIAN_POINT('Ctrl Pts',(-7.71847380891457,2.15286032648368,70.3335695410752));
#4064=CARTESIAN_POINT('Ctrl Pts',(-7.11816282156191,2.33461593119977,75.8064404638251));
#4065=CARTESIAN_POINT('Ctrl Pts',(-7.12065857419191,1.22277471709891,81.0336317540404));
#4066=CARTESIAN_POINT('Ctrl Pts',(-6.72265775035615,0.475026810588928,86.3169169272592));
#4067=CARTESIAN_POINT('Ctrl Pts',(-6.32466606037353,-0.272729399420314,
91.6002008212108));
#4068=CARTESIAN_POINT('Ctrl Pts',(-7.80098211040312,2.08181615085444,64.8548060696863));
#4069=CARTESIAN_POINT('Ctrl Pts',(-7.71732105453116,2.15544520239562,70.3335502526908));
#4070=CARTESIAN_POINT('Ctrl Pts',(-7.11565750797607,2.3359499588042,75.8062677587806));
#4071=CARTESIAN_POINT('Ctrl Pts',(-7.11932695519171,1.22514510476499,81.0336091476679));
#4072=CARTESIAN_POINT('Ctrl Pts',(-6.72202207265088,0.477193509030669,86.316905622705));
#4073=CARTESIAN_POINT('Ctrl Pts',(-6.32472633485866,-0.270766361922021,
91.6002008216405));
#4074=CARTESIAN_POINT('Ctrl Pts',(-7.80143556562425,2.08425356290403,64.854806661911));
#4075=CARTESIAN_POINT('Ctrl Pts',(-7.71615964704347,2.15802201057234,70.3335298829724));
#4076=CARTESIAN_POINT('Ctrl Pts',(-7.11315153931637,2.33726712529085,75.8060934942396));
#4077=CARTESIAN_POINT('Ctrl Pts',(-7.11798730175024,1.22750670233784,81.0335854441857));
#4078=CARTESIAN_POINT('Ctrl Pts',(-6.72137910490763,0.47935586731736,86.3168937696075));
#4079=CARTESIAN_POINT('Ctrl Pts',(-6.32478006352384,-0.268803214558023,
91.6002008220911));
#4080=CARTESIAN_POINT('Ctrl Pts',(-7.80166037392985,2.08547266441493,64.8548069653321));
#4081=CARTESIAN_POINT('Ctrl Pts',(-7.71557679755778,2.15930838811696,70.3335194279524));
#4082=CARTESIAN_POINT('Ctrl Pts',(-7.11189841077766,2.33792148856291,75.8060059728867));
#4083=CARTESIAN_POINT('Ctrl Pts',(-7.11731548431497,1.22868529366222,81.0335733183537));
#4084=CARTESIAN_POINT('Ctrl Pts',(-6.72105580730271,0.480435954221637,86.3168877060161));
#4085=CARTESIAN_POINT('Ctrl Pts',(-6.32480529105822,-0.267821617871649,
91.6002008223216));
#4086=CARTESIAN_POINT('Ctrl Pts',(-7.80366636252947,2.09644810772327,64.8548097618578));
#4087=CARTESIAN_POINT('Ctrl Pts',(-7.71031199032834,2.17086746199034,70.3334229028559));
#4088=CARTESIAN_POINT('Ctrl Pts',(-7.10061950967782,2.34377267165743,75.8052147870975));
#4089=CARTESIAN_POINT('Ctrl Pts',(-7.11125137211883,1.23927265892867,81.0334617207244));
#4090=CARTESIAN_POINT('Ctrl Pts',(-6.71812988437437,0.490146841335571,86.3168319011489));
#4091=CARTESIAN_POINT('Ctrl Pts',(-6.32501760475586,-0.258987080906449,
91.6002008244428));
#4092=CARTESIAN_POINT('Ctrl Pts',(-7.80551666318839,2.10745505153317,64.8548131496131));
#4093=CARTESIAN_POINT('Ctrl Pts',(-7.70487618389325,2.18226083472287,70.33330452259));
#4094=CARTESIAN_POINT('Ctrl Pts',(-7.08933379675798,2.34928098689151,75.8043922184113));
#4095=CARTESIAN_POINT('Ctrl Pts',(-7.10502891378852,1.24967960842318,81.0333279519357));
#4096=CARTESIAN_POINT('Ctrl Pts',(-6.71505847430244,0.499768088741308,86.316765010934));
#4097=CARTESIAN_POINT('Ctrl Pts',(-6.32509728655132,-0.250151405951072,
91.6002008269855));
#4098=CARTESIAN_POINT('Ctrl Pts',(-7.80703739499326,2.11726187365163,64.8548166061803));
#4099=CARTESIAN_POINT('Ctrl Pts',(-7.6999279008421,2.19226421437148,70.33318283485));
#4100=CARTESIAN_POINT('Ctrl Pts',(-7.07930992619346,2.35395929978861,75.803637663046));
#4101=CARTESIAN_POINT('Ctrl Pts',(-7.0993914884944,1.25879534493327,81.0331923528293));
#4102=CARTESIAN_POINT('Ctrl Pts',(-6.71222268115365,0.508252167718519,86.3166972063846));
#4103=CARTESIAN_POINT('Ctrl Pts',(-6.3250631616904,-0.242298868900027,91.6002008295628));
#4104=CARTESIAN_POINT('Ctrl Pts',(-7.81960907812117,2.2057227513958,64.8548522253552));
#4105=CARTESIAN_POINT('Ctrl Pts',(-7.6541595697187,2.2808165434781,70.3319208628306));
#4106=CARTESIAN_POINT('Ctrl Pts',(-6.9894343113116,2.39253897816205,75.7966133493035));
#4107=CARTESIAN_POINT('Ctrl Pts',(-7.04752159069123,1.33923246161034,81.0318028965392));
#4108=CARTESIAN_POINT('Ctrl Pts',(-6.68566136236635,0.5837898112547,86.3160024351112));
#4109=CARTESIAN_POINT('Ctrl Pts',(-6.32381071148302,-0.171659632155358,
91.6002008559726));
#4110=CARTESIAN_POINT('Ctrl Pts',(-7.82203029420753,2.29576092564523,64.8549235089326));
#4111=CARTESIAN_POINT('Ctrl Pts',(-7.60039470607435,2.35852503246542,70.3293398108693));
#4112=CARTESIAN_POINT('Ctrl Pts',(-6.90301998476389,2.41285860759101,75.7877637957654));
#4113=CARTESIAN_POINT('Ctrl Pts',(-6.98853443782487,1.40791343750354,81.0290767324033));
#4114=CARTESIAN_POINT('Ctrl Pts',(-6.651287276484,0.653201799541204,86.3146393246682));
#4115=CARTESIAN_POINT('Ctrl Pts',(-6.31404975675443,-0.10151554520881,91.6002009077873));
#4116=CARTESIAN_POINT('Ctrl Pts',(-7.81604528173612,2.37609921437116,64.8550138418884));
#4117=CARTESIAN_POINT('Ctrl Pts',(-7.5473738958831,2.41834821755736,70.3260481940334));
#4118=CARTESIAN_POINT('Ctrl Pts',(-6.82884490751228,2.41688709253513,75.7785029112891));
#4119=CARTESIAN_POINT('Ctrl Pts',(-6.93168381302878,1.45892677252598,81.0256424934256));
#4120=CARTESIAN_POINT('Ctrl Pts',(-6.61529094960535,0.709108636152928,86.3129221909541));
#4121=CARTESIAN_POINT('Ctrl Pts',(-6.29890764728285,-0.0407142470658781,
91.6002009730593));
#4122=CARTESIAN_POINT('Ctrl Pts',(-7.7948366826349,2.49552034621127,64.8551818941969));
#4123=CARTESIAN_POINT('Ctrl Pts',(-7.46313970024074,2.49700446227639,70.3199055605355));
#4124=CARTESIAN_POINT('Ctrl Pts',(-6.72492453518903,2.40975428663212,75.7630592083334));
#4125=CARTESIAN_POINT('Ctrl Pts',(-6.84321136116815,1.52333334392356,81.0192722369853));
#4126=CARTESIAN_POINT('Ctrl Pts',(-6.55521378814865,0.785054644272897,86.3097370561261));
#4127=CARTESIAN_POINT('Ctrl Pts',(-6.26722548093873,0.0467725661427201,
91.6002010941331));
#4128=CARTESIAN_POINT('Ctrl Pts',(-7.75560943969453,2.61119042326458,64.8554006535576));
#4129=CARTESIAN_POINT('Ctrl Pts',(-7.37374579743455,2.55457921579351,70.3118859863197));
#4130=CARTESIAN_POINT('Ctrl Pts',(-6.63571044858678,2.37633050888217,75.7451606714078));
#4131=CARTESIAN_POINT('Ctrl Pts',(-6.75228882787974,1.56527759839102,81.0110029397751));
#4132=CARTESIAN_POINT('Ctrl Pts',(-6.48787887389704,0.846177290020689,86.3056024234496));
#4133=CARTESIAN_POINT('Ctrl Pts',(-6.22347760880749,0.127074884635598,91.6002012512994));
#4134=CARTESIAN_POINT('Ctrl Pts',(-7.74054644753138,2.64920268079142,64.8554787840089));
#4135=CARTESIAN_POINT('Ctrl Pts',(-7.34360458905552,2.5715380314903,70.309019578512));
#4136=CARTESIAN_POINT('Ctrl Pts',(-6.60805393361729,2.36280703256308,75.7389742935762));
#4137=CARTESIAN_POINT('Ctrl Pts',(-6.72196726871266,1.576895656963,81.0080516972337));
#4138=CARTESIAN_POINT('Ctrl Pts',(-6.4647951269408,0.864925919508571,86.3041268101609));
#4139=CARTESIAN_POINT('Ctrl Pts',(-6.20763144821267,0.152954495798251,91.6002013073906));
#4140=CARTESIAN_POINT('Ctrl Pts',(-7.71500507813306,2.70521111896556,64.8556031515041));
#4141=CARTESIAN_POINT('Ctrl Pts',(-7.29823765354462,2.59379442053009,70.3044538166023));
#4142=CARTESIAN_POINT('Ctrl Pts',(-6.57024002320146,2.33953711906394,75.7294115743375));
#4143=CARTESIAN_POINT('Ctrl Pts',(-6.67686309434571,1.59098319190885,81.003356910526));
#4144=CARTESIAN_POINT('Ctrl Pts',(-6.42947489727392,0.890655973468474,86.3017794326801));
#4145=CARTESIAN_POINT('Ctrl Pts',(-6.18209477384411,0.190327655227455,91.6002013966194));
#4146=CARTESIAN_POINT('Ctrl Pts',(-7.68511221961025,2.75941206555143,64.855737330708));
#4147=CARTESIAN_POINT('Ctrl Pts',(-7.25318896276942,2.61151581941803,70.2995228210029));
#4148=CARTESIAN_POINT('Ctrl Pts',(-6.53907552985249,2.31316058935502,75.7195661586155));
#4149=CARTESIAN_POINT('Ctrl Pts',(-6.63294024870842,1.60037921767442,80.9982966763146));
#4150=CARTESIAN_POINT('Ctrl Pts',(-6.39352139322454,0.912883925471337,86.2992493379474));
#4151=CARTESIAN_POINT('Ctrl Pts',(-6.15411013865944,0.225388056651088,91.6002014927937));
#4152=CARTESIAN_POINT('Ctrl Pts',(-7.67466825385298,2.77726196158745,64.855783094628));
#4153=CARTESIAN_POINT('Ctrl Pts',(-7.23823906241394,2.61693226637541,70.2978404713023));
#4154=CARTESIAN_POINT('Ctrl Pts',(-6.52947270305781,2.3040997056082,75.7162604299597));
#4155=CARTESIAN_POINT('Ctrl Pts',(-6.61846467497318,1.60300760413454,80.9965713505773));
#4156=CARTESIAN_POINT('Ctrl Pts',(-6.38148923024703,0.919908966668778,86.2983866832903));
#4157=CARTESIAN_POINT('Ctrl Pts',(-6.14452121958489,0.236809918900935,91.600201525585));
#4158=CARTESIAN_POINT('Ctrl Pts',(-7.65828925913147,2.80368667867174,64.8558532176438));
#4159=CARTESIAN_POINT('Ctrl Pts',(-7.21596059110174,2.62434073708127,70.2952617757208));
#4160=CARTESIAN_POINT('Ctrl Pts',(-6.51633152713818,2.29021325590675,75.7112767047284));
#4161=CARTESIAN_POINT('Ctrl Pts',(-6.59705118511174,1.60622163585779,80.9939285268994));
#4162=CARTESIAN_POINT('Ctrl Pts',(-6.36340410114272,0.929878175417881,86.2970652849409));
#4163=CARTESIAN_POINT('Ctrl Pts',(-6.12976418666898,0.253534540610254,91.6002015758142));
#4164=CARTESIAN_POINT('Ctrl Pts',(-7.64085150936085,2.82954928613262,64.8559254379547));
#4165=CARTESIAN_POINT('Ctrl Pts',(-7.19397382612537,2.63070415658144,70.2926045842465));
#4166=CARTESIAN_POINT('Ctrl Pts',(-6.50518092448561,2.27606079496246,75.7062724861248));
#4167=CARTESIAN_POINT('Ctrl Pts',(-6.57616608255383,1.60838375447063,80.9912080052309));
#4168=CARTESIAN_POINT('Ctrl Pts',(-6.34531623763589,0.939008103919995,86.2957050394299));
#4169=CARTESIAN_POINT('Ctrl Pts',(-6.11447327641068,0.269632492163127,91.60020162752));
#4170=CARTESIAN_POINT('Ctrl Pts',(-7.63492188709622,2.83810564741559,64.8559497378173));
#4171=CARTESIAN_POINT('Ctrl Pts',(-7.18668134944668,2.63271081810382,70.2917103708662));
#4172=CARTESIAN_POINT('Ctrl Pts',(-6.50168936619681,2.27132292935951,75.7046029900507));
#4173=CARTESIAN_POINT('Ctrl Pts',(-6.56926745705064,1.60898985416827,80.9902927846012));
#4174=CARTESIAN_POINT('Ctrl Pts',(-6.33928956778636,0.941958896133456,86.2952474344296));
#4175=CARTESIAN_POINT('Ctrl Pts',(-6.10931846462619,0.274928045293464,91.6002016449145));
#4176=CARTESIAN_POINT('Ctrl Pts',(-7.6273643501643,2.84871789410722,64.8559803874424));
#4177=CARTESIAN_POINT('Ctrl Pts',(-7.17761635654762,2.63507807985415,70.290582297336));
#4178=CARTESIAN_POINT('Ctrl Pts',(-6.49761332841137,2.26538702379883,75.7025154922206));
#4179=CARTESIAN_POINT('Ctrl Pts',(-6.56072850651102,1.60960708174249,80.9891386000163));
#4180=CARTESIAN_POINT('Ctrl Pts',(-6.3317631788584,0.945532700077114,86.2946703490434));
#4181=CARTESIAN_POINT('Ctrl Pts',(-6.10280451243467,0.281458507629146,91.6002016668508));
#4182=CARTESIAN_POINT('Ctrl Pts',(-7.61962596148478,2.8592229140741,64.8560113702249));
#4183=CARTESIAN_POINT('Ctrl Pts',(-7.16862103673727,2.63727156065457,70.2894417146638));
#4184=CARTESIAN_POINT('Ctrl Pts',(-6.49390338125218,2.25944820473843,75.7004284913506));
#4185=CARTESIAN_POINT('Ctrl Pts',(-6.55230186497848,1.61005241420698,80.9879721123049));
#4186=CARTESIAN_POINT('Ctrl Pts',(-6.32425009656255,0.948964396066242,86.294087112427));
#4187=CARTESIAN_POINT('Ctrl Pts',(-6.09620486097041,0.28787664463232,91.6002016890209));
#4188=CARTESIAN_POINT('Ctrl Pts',(-7.61807104159541,2.86131958206301,64.8560175777885));
#4189=CARTESIAN_POINT('Ctrl Pts',(-7.16682620736449,2.63770443678898,70.2892132678427));
#4190=CARTESIAN_POINT('Ctrl Pts',(-6.49311118314218,2.25820858865305,75.7000033199449));
#4191=CARTESIAN_POINT('Ctrl Pts',(-6.55062109946092,1.61013464209062,80.9877383267693));
#4192=CARTESIAN_POINT('Ctrl Pts',(-6.32274805858016,0.949645063445362,86.2939702210314));
#4193=CARTESIAN_POINT('Ctrl Pts',(-6.09488152618218,0.289155768004795,91.6002016934642));
#4194=CARTESIAN_POINT('Ctrl Pts',(-7.61494684902114,2.86550426995183,64.8560300280171));
#4195=CARTESIAN_POINT('Ctrl Pts',(-7.16323684576496,2.63855196628336,70.2887547231788));
#4196=CARTESIAN_POINT('Ctrl Pts',(-6.49181592199747,2.25593716474878,75.6991842802611));
#4197=CARTESIAN_POINT('Ctrl Pts',(-6.54726882319765,1.61028548568933,80.9872697865508));
#4198=CARTESIAN_POINT('Ctrl Pts',(-6.31974523212351,0.950995079813251,86.2937359540494));
#4199=CARTESIAN_POINT('Ctrl Pts',(-6.09222809464967,0.291704985035504,91.6002017023691));
#4200=CARTESIAN_POINT('Ctrl Pts',(-7.61179377205291,2.86967135593562,64.8560425214458));
#4201=CARTESIAN_POINT('Ctrl Pts',(-7.15966493769437,2.63937642003179,70.2882948873943));
#4202=CARTESIAN_POINT('Ctrl Pts',(-6.49032026596751,2.25345942995716,75.6983342545805));
#4203=CARTESIAN_POINT('Ctrl Pts',(-6.54393535074714,1.61040926369129,80.9867993259887));
#4204=CARTESIAN_POINT('Ctrl Pts',(-6.31674509004625,0.952322510388411,86.2935007265933));
#4205=CARTESIAN_POINT('Ctrl Pts',(-6.0895612334299,0.294236100063252,91.6002017113107));
#4206=CARTESIAN_POINT('Ctrl Pts',(-7.61020998516979,2.87175043705904,64.8560487744515));
#4207=CARTESIAN_POINT('Ctrl Pts',(-7.15788625567123,2.63978509144786,70.2880649811624));
#4208=CARTESIAN_POINT('Ctrl Pts',(-6.48938895474072,2.25206647077119,75.6978859928147));
#4209=CARTESIAN_POINT('Ctrl Pts',(-6.54227338764471,1.61046442477015,80.9865636199293));
#4210=CARTESIAN_POINT('Ctrl Pts',(-6.31524573644327,0.95298059197482,86.2933828747236));
#4211=CARTESIAN_POINT('Ctrl Pts',(-6.08822446895442,0.295497121432765,91.6002017157904));
#4212=CARTESIAN_POINT('Ctrl Pts',(-7.60543757499607,2.87797471713763,64.856067630327));
#4213=CARTESIAN_POINT('Ctrl Pts',(-7.15252240906575,2.64096154797176,70.2873694313306));
#4214=CARTESIAN_POINT('Ctrl Pts',(-6.48838167772348,2.24925397905721,75.6967472456141));
#4215=CARTESIAN_POINT('Ctrl Pts',(-6.53730197205247,1.61060979113751,80.9858550799882));
#4216=CARTESIAN_POINT('Ctrl Pts',(-6.3107499671556,0.954937974243043,86.2930286106204));
#4217=CARTESIAN_POINT('Ctrl Pts',(-6.08420424471642,0.299266545733386,91.6002017292568));
#4218=CARTESIAN_POINT('Ctrl Pts',(-7.60060060690646,2.88415864463741,64.8560865989332));
#4219=CARTESIAN_POINT('Ctrl Pts',(-7.14718885493801,2.6420775498671,70.2866697022131));
#4220=CARTESIAN_POINT('Ctrl Pts',(-6.48742802336119,2.24641371266324,75.6956036526394));
#4221=CARTESIAN_POINT('Ctrl Pts',(-6.53237472235463,1.61069522738031,80.9851423245522));
#4222=CARTESIAN_POINT('Ctrl Pts',(-6.30626149062464,0.956844885980908,86.2926722388267));
#4223=CARTESIAN_POINT('Ctrl Pts',(-6.08015444072275,0.302994958148773,91.6002017428032));
#4224=CARTESIAN_POINT('Ctrl Pts',(-7.59734738611879,2.88826278276344,64.8560992920607));
#4225=CARTESIAN_POINT('Ctrl Pts',(-7.14364611904913,2.64280550760352,70.2862014706667));
#4226=CARTESIAN_POINT('Ctrl Pts',(-6.48680472030087,2.24452464233441,75.6948381477033));
#4227=CARTESIAN_POINT('Ctrl Pts',(-6.52910882725332,1.61073662326275,80.9846653709146));
#4228=CARTESIAN_POINT('Ctrl Pts',(-6.30327216295377,0.95809922493012,86.2924337659694));
#4229=CARTESIAN_POINT('Ctrl Pts',(-6.07744161390724,0.305462256528214,91.6002017518681));
#4230=CARTESIAN_POINT('Ctrl Pts',(-7.56781120273513,2.92503912952072,64.8562139990647));
#4231=CARTESIAN_POINT('Ctrl Pts',(-7.1119098699273,2.64892842473459,70.2819698156165));
#4232=CARTESIAN_POINT('Ctrl Pts',(-6.48164797875399,2.22711976390013,75.6879461911557));
#4233=CARTESIAN_POINT('Ctrl Pts',(-6.49992484866224,1.6106805859562,80.9803554412412));
#4234=CARTESIAN_POINT('Ctrl Pts',(-6.27641529780395,0.969091228824654,86.2902788372204));
#4235=CARTESIAN_POINT('Ctrl Pts',(-6.05291126115482,0.327502445316457,91.6002018337815));
#4236=CARTESIAN_POINT('Ctrl Pts',(-7.53597494187379,2.96027662491313,64.8563324056506));
#4237=CARTESIAN_POINT('Ctrl Pts',(-7.08130653355175,2.65378761585863,70.2776020060813));
#4238=CARTESIAN_POINT('Ctrl Pts',(-6.47765402030806,2.21011942323246,75.6808012934841));
#4239=CARTESIAN_POINT('Ctrl Pts',(-6.47236500046144,1.60941129176312,80.9759061848742));
#4240=CARTESIAN_POINT('Ctrl Pts',(-6.24986107821158,0.978728771531787,86.2880542459474));
#4241=CARTESIAN_POINT('Ctrl Pts',(-6.02736210978726,0.348046934941008,91.6002019183429));
#4242=CARTESIAN_POINT('Ctrl Pts',(-7.50591351022278,2.99025045937876,64.8564399854618));
#4243=CARTESIAN_POINT('Ctrl Pts',(-7.05494949866341,2.65721505323591,70.2736338932939));
#4244=CARTESIAN_POINT('Ctrl Pts',(-6.47509909685889,2.19544913149904,75.6742800388717));
#4245=CARTESIAN_POINT('Ctrl Pts',(-6.44912145254985,1.60746720851497,80.9718634458219));
#4246=CARTESIAN_POINT('Ctrl Pts',(-6.22653054181648,0.98627715291662,86.2860329096268));
#4247=CARTESIAN_POINT('Ctrl Pts',(-6.00394411506348,0.36508785470412,91.6002019951783));
#4248=CARTESIAN_POINT('Ctrl Pts',(-7.45827168760582,3.03298786819881,64.8566039498756));
#4249=CARTESIAN_POINT('Ctrl Pts',(-7.01662103857402,2.66118301692943,70.2675869331271));
#4250=CARTESIAN_POINT('Ctrl Pts',(-6.47288146452482,2.17397980889035,75.6642550035976));
#4251=CARTESIAN_POINT('Ctrl Pts',(-6.41610187411258,1.60354756033156,80.9657009324001));
#4252=CARTESIAN_POINT('Ctrl Pts',(-6.1920013418043,0.996162070506112,86.2829517025697));
#4253=CARTESIAN_POINT('Ctrl Pts',(-5.96790462543023,0.38877742347219,91.6002021123015));
#4254=CARTESIAN_POINT('Ctrl Pts',(-7.40696449733001,3.07208628503087,64.8567704775679));
#4255=CARTESIAN_POINT('Ctrl Pts',(-6.98002823044879,2.66362036916264,70.2614466889453));
#4256=CARTESIAN_POINT('Ctrl Pts',(-6.4732978280499,2.15381102085051,75.6539560579017));
#4257=CARTESIAN_POINT('Ctrl Pts',(-6.38580763918415,1.59846132634277,80.9594408529277));
#4258=CARTESIAN_POINT('Ctrl Pts',(-6.15826087253717,1.00404233476649,86.2798217119599));
#4259=CARTESIAN_POINT('Ctrl Pts',(-5.93071730002921,0.409624234235188,91.600202231279));
#4260=CARTESIAN_POINT('Ctrl Pts',(-7.38946366120976,3.08469783554846,64.8568261933423));
#4261=CARTESIAN_POINT('Ctrl Pts',(-6.96802063924594,2.66427811149096,70.2593926264482));
#4262=CARTESIAN_POINT('Ctrl Pts',(-6.47367878454368,2.14713689883048,75.6504820332242));
#4263=CARTESIAN_POINT('Ctrl Pts',(-6.37600997426043,1.59665511379963,80.9573460995225));
#4264=CARTESIAN_POINT('Ctrl Pts',(-6.14710662085724,1.00645478517236,86.2787743513793));
#4265=CARTESIAN_POINT('Ctrl Pts',(-5.91820626039654,0.416255362395058,91.6002022710914));
#4266=CARTESIAN_POINT('Ctrl Pts',(-7.35368388241611,3.10904468210478,64.8569379153059));
#4267=CARTESIAN_POINT('Ctrl Pts',(-6.94437124844213,2.66529454573911,70.2552734319009));
#4268=CARTESIAN_POINT('Ctrl Pts',(-6.47527316640137,2.1346417071324,75.6435499249592));
#4269=CARTESIAN_POINT('Ctrl Pts',(-6.35701120179333,1.59285917026761,80.9531460303458));
#4270=CARTESIAN_POINT('Ctrl Pts',(-6.12499333237397,1.01086889615811,86.2766743494976));
#4271=CARTESIAN_POINT('Ctrl Pts',(-5.89297805727705,0.428879539051557,91.600202350917));
#4272=CARTESIAN_POINT('Ctrl Pts',(-7.31638705334717,3.13157038153424,64.8570498711812));
#4273=CARTESIAN_POINT('Ctrl Pts',(-6.92145563228706,2.66579382387595,70.2511468416522));
#4274=CARTESIAN_POINT('Ctrl Pts',(-6.4778864007739,2.12252210600934,75.6364880225012));
#4275=CARTESIAN_POINT('Ctrl Pts',(-6.33919797766032,1.58877332267863,80.9489359608545));
#4276=CARTESIAN_POINT('Ctrl Pts',(-6.10329075493076,1.01449891004258,86.2745693462447));
#4277=CARTESIAN_POINT('Ctrl Pts',(-5.86738574937677,0.440225421655939,91.6002024309326));
#4278=CARTESIAN_POINT('Ctrl Pts',(-7.29736896661497,3.14236015978594,64.857105392792));
#4279=CARTESIAN_POINT('Ctrl Pts',(-6.91018932507472,2.66595629470859,70.2491009843649));
#4280=CARTESIAN_POINT('Ctrl Pts',(-6.47928710696224,2.11637160680891,75.6329278642553));
#4281=CARTESIAN_POINT('Ctrl Pts',(-6.33059327179538,1.58670185098772,80.9468474791504));
#4282=CARTESIAN_POINT('Ctrl Pts',(-6.09255091946629,1.01613958683406,86.2735251203655));
#4283=CARTESIAN_POINT('Ctrl Pts',(-5.85451060482248,0.44557825529525,91.6002024706258));
#4284=CARTESIAN_POINT('Ctrl Pts',(-7.23923914102819,3.17326585446208,64.8572743922939));
#4285=CARTESIAN_POINT('Ctrl Pts',(-6.87684222155612,2.66591928977031,70.2428705241238));
#4286=CARTESIAN_POINT('Ctrl Pts',(-6.48601298987927,2.10124797696528,75.6223892553451));
#4287=CARTESIAN_POINT('Ctrl Pts',(-6.30561314541284,1.58023837747475,80.940493571372));
#4288=CARTESIAN_POINT('Ctrl Pts',(-6.06064774010995,1.02045721089949,86.2703482153664));
#4289=CARTESIAN_POINT('Ctrl Pts',(-5.81568380729026,0.460676928563549,91.6002025913867));
#4290=CARTESIAN_POINT('Ctrl Pts',(-7.17797317531747,3.19960522930792,64.8574380404665));
#4291=CARTESIAN_POINT('Ctrl Pts',(-6.84515463309338,2.66527008858538,70.2368395728733));
#4292=CARTESIAN_POINT('Ctrl Pts',(-6.49479085867314,2.08821389827958,75.6119757742734));
#4293=CARTESIAN_POINT('Ctrl Pts',(-6.28332205093263,1.57387086824645,80.9343386754047));
#4294=CARTESIAN_POINT('Ctrl Pts',(-6.02983922807182,1.02338686770115,86.2672708124045));
#4295=CARTESIAN_POINT('Ctrl Pts',(-5.77635736338298,0.472903691396941,91.6002027083653));
#4296=CARTESIAN_POINT('Ctrl Pts',(-7.13582769138087,3.21499630592427,64.8575463624134));
#4297=CARTESIAN_POINT('Ctrl Pts',(-6.82454335886698,2.66470921587541,70.2328489923266));
#4298=CARTESIAN_POINT('Ctrl Pts',(-6.50131388767958,2.08063685435204,75.6049491986689));
#4299=CARTESIAN_POINT('Ctrl Pts',(-6.26943416600118,1.56986973112627,80.9302632292777));
#4300=CARTESIAN_POINT('Ctrl Pts',(-6.00972202395004,1.02482707647625,86.2652331176545));
#4301=CARTESIAN_POINT('Ctrl Pts',(-5.75001051664541,0.479785203521213,91.6002027858224));
#4302=CARTESIAN_POINT('Ctrl Pts',(-7.07080276813703,3.23462148672931,64.8577058384044));
#4303=CARTESIAN_POINT('Ctrl Pts',(-6.79425599026646,2.66381727211522,70.2269761355879));
#4304=CARTESIAN_POINT('Ctrl Pts',(-6.51213201112961,2.07106376583158,75.5943943242011));
#4305=CARTESIAN_POINT('Ctrl Pts',(-6.24992046264883,1.56446640985088,80.92426099241));
#4306=CARTESIAN_POINT('Ctrl Pts',(-5.98017482817151,1.02634753993366,86.2622320385682));
#4307=CARTESIAN_POINT('Ctrl Pts',(-5.71042936551748,0.488229388899462,91.6002028998997));
#4308=CARTESIAN_POINT('Ctrl Pts',(-7.003315466348,3.24873378727434,64.8578675904358));
#4309=CARTESIAN_POINT('Ctrl Pts',(-6.76430874712134,2.66322132309411,70.221024017216));
#4310=CARTESIAN_POINT('Ctrl Pts',(-6.52371306552989,2.06469780822681,75.5832613526747));
#4311=CARTESIAN_POINT('Ctrl Pts',(-6.23175471071861,1.56048424196393,80.9181686173977));
#4312=CARTESIAN_POINT('Ctrl Pts',(-5.95134742669167,1.02720138657474,86.2591858862158));
#4313=CARTESIAN_POINT('Ctrl Pts',(-5.67093987923321,0.493919194140301,91.6002030156904));
#4314=CARTESIAN_POINT('Ctrl Pts',(-6.98056017127284,3.25280773482105,64.8579219837643));
#4315=CARTESIAN_POINT('Ctrl Pts',(-6.75431915535473,2.66306859040829,70.2190230027971));
#4316=CARTESIAN_POINT('Ctrl Pts',(-6.52759094270137,2.06294523790307,75.5794669127748));
#4317=CARTESIAN_POINT('Ctrl Pts',(-6.22580255774205,1.55933600081918,80.9161193672441));
#4318=CARTESIAN_POINT('Ctrl Pts',(-5.94180001580843,1.02742429746711,86.2581612723965));
#4319=CARTESIAN_POINT('Ctrl Pts',(-5.65779706825355,0.495513239580801,91.6002030546381));
#4320=CARTESIAN_POINT('Ctrl Pts',(-6.94605931973749,3.25794670276981,64.8580046173289));
#4321=CARTESIAN_POINT('Ctrl Pts',(-6.73927485188452,2.6629340980438,70.2159839517313));
#4322=CARTESIAN_POINT('Ctrl Pts',(-6.53337010613321,2.06090299660235,75.5736216358435));
#4323=CARTESIAN_POINT('Ctrl Pts',(-6.21697717842958,1.55792102361932,80.9130053298655));
#4324=CARTESIAN_POINT('Ctrl Pts',(-5.92755286790485,1.02768853396474,86.2566042699104));
#4325=CARTESIAN_POINT('Ctrl Pts',(-5.63812794233733,0.497456665784103,91.6002031138231));
#4326=CARTESIAN_POINT('Ctrl Pts',(-6.91104089091633,3.26158783257308,64.8580893219883));
#4327=CARTESIAN_POINT('Ctrl Pts',(-6.72402860348932,2.66296567302103,70.2128700893727));
#4328=CARTESIAN_POINT('Ctrl Pts',(-6.53891667049639,2.05975986926003,75.5675024102383));
#4329=CARTESIAN_POINT('Ctrl Pts',(-6.20818800055803,1.55701092522106,80.9098119095071));
#4330=CARTESIAN_POINT('Ctrl Pts',(-5.91336793675377,1.02787482296832,86.2550075749227));
#4331=CARTESIAN_POINT('Ctrl Pts',(-5.61854705402222,0.498739322499017,91.6002031745168));
#4332=CARTESIAN_POINT('Ctrl Pts',(-6.88758409070831,3.26367800050125,64.8581463099183));
#4333=CARTESIAN_POINT('Ctrl Pts',(-6.71380613148453,2.6630250178334,70.2107754357511));
#4334=CARTESIAN_POINT('Ctrl Pts',(-6.54254110834546,2.05919705519747,75.5633570829084));
#4335=CARTESIAN_POINT('Ctrl Pts',(-6.20232246976699,1.55651992633247,80.9076631303673));
#4336=CARTESIAN_POINT('Ctrl Pts',(-5.90391922467163,1.02798405704911,86.2539331952573));
#4337=CARTESIAN_POINT('Ctrl Pts',(-5.6055150259394,0.499448777497661,91.6002032153563));
#4338=CARTESIAN_POINT('Ctrl Pts',(-6.86391265172738,3.26508478699727,64.8582044481827));
#4339=CARTESIAN_POINT('Ctrl Pts',(-6.70344308458188,2.66316577846341,70.2086391164204));
#4340=CARTESIAN_POINT('Ctrl Pts',(-6.54598167502655,2.05903595413523,75.5590702729127));
#4341=CARTESIAN_POINT('Ctrl Pts',(-6.19641940273552,1.55626964266826,80.9054703718009));
#4342=CARTESIAN_POINT('Ctrl Pts',(-5.8944758606712,1.02806926427012,86.2528368254355));
#4343=CARTESIAN_POINT('Ctrl Pts',(-5.59253123261976,0.499869465918519,91.6002032570316));
#4344=CARTESIAN_POINT('Ctrl Pts',(-6.84004250209588,3.26579053436977,64.858263966954));
#4345=CARTESIAN_POINT('Ctrl Pts',(-6.6928833908312,2.66339226134123,70.2064527032177));
#4346=CARTESIAN_POINT('Ctrl Pts',(-6.54914666066351,2.05927194010084,75.5546222279944));
#4347=CARTESIAN_POINT('Ctrl Pts',(-6.19041944357119,1.55627321988354,80.9032249234605));
#4348=CARTESIAN_POINT('Ctrl Pts',(-5.88501245635989,1.0281397034005,86.2517141102901));
#4349=CARTESIAN_POINT('Ctrl Pts',(-5.57960425313371,0.500006760138688,91.6002032997084));
#4350=CARTESIAN_POINT('Ctrl Pts',(-6.82805978142013,3.26592448312118,64.8582894292076));
#4351=CARTESIAN_POINT('Ctrl Pts',(-6.68754706812745,2.6650497849676,70.2055174622513));
#4352=CARTESIAN_POINT('Ctrl Pts',(-6.55064813265074,2.06262559604711,75.5527089180461));
#4353=CARTESIAN_POINT('Ctrl Pts',(-6.18738747960875,1.55790438941552,80.9022642068682));
#4354=CARTESIAN_POINT('Ctrl Pts',(-5.88027238084995,1.02895453790755,86.2512337557388));
#4355=CARTESIAN_POINT('Ctrl Pts',(-5.57315600164226,0.500005238955187,91.6002033179677));
#4356=CARTESIAN_POINT('Ctrl Pts',(-6.81463399415438,3.26596618708272,64.858328747698));
#4357=CARTESIAN_POINT('Ctrl Pts',(-6.68151940930332,2.66351833578721,70.2040735127561));
#4358=CARTESIAN_POINT('Ctrl Pts',(-6.55221975111567,2.05945844851236,75.5497320973728));
#4359=CARTESIAN_POINT('Ctrl Pts',(-6.18395870858242,1.55629911071024,80.9007804469029));
#4360=CARTESIAN_POINT('Ctrl Pts',(-5.8749683745497,1.02811234737344,86.2504918812907));
#4361=CARTESIAN_POINT('Ctrl Pts',(-5.56597668879621,0.499926154809149,91.6002033461679));
#4362=CARTESIAN_POINT('Ctrl Pts',(-6.81323643928802,3.26597149277211,64.8583329721493));
#4363=CARTESIAN_POINT('Ctrl Pts',(-6.68089167710011,2.66332030101754,70.2039183742324));
#4364=CARTESIAN_POINT('Ctrl Pts',(-6.55238263289817,2.05904748621899,75.5494120672202));
#4365=CARTESIAN_POINT('Ctrl Pts',(-6.18360153019164,1.55609231218119,80.9006210269486));
#4366=CARTESIAN_POINT('Ctrl Pts',(-5.87441616295102,1.0280048145589,86.250412171906));
#4367=CARTESIAN_POINT('Ctrl Pts',(-5.56522943657708,0.499917890101413,91.6002033491979));
#4368=CARTESIAN_POINT('Ctrl Pts',(-6.81190189833983,3.26596027337852,64.8583369052011));
#4369=CARTESIAN_POINT('Ctrl Pts',(-6.67794701868774,2.6637258577814,70.2037739290792));
#4370=CARTESIAN_POINT('Ctrl Pts',(-6.5477714791921,2.05988735882283,75.5491148600917));
#4371=CARTESIAN_POINT('Ctrl Pts',(-6.18086364485326,1.55650590332349,80.9004726114873));
#4372=CARTESIAN_POINT('Ctrl Pts',(-5.87267362755698,1.028207457537,86.2503379647353));
#4373=CARTESIAN_POINT('Ctrl Pts',(-5.56448227114909,0.499909580004453,91.6002033520187));
#4374=CARTESIAN_POINT('Ctrl Pts',(-6.45947338470337,3.26578241242005,64.8593836138899));
#4375=CARTESIAN_POINT('Ctrl Pts',(-6.31952583309489,2.66778788403774,70.1653338013328));
#4376=CARTESIAN_POINT('Ctrl Pts',(-6.18210719777499,2.06831274879031,75.4698998376939));
#4377=CARTESIAN_POINT('Ctrl Pts',(-5.88628178792653,1.55986041690645,80.860973348962));
#4378=CARTESIAN_POINT('Ctrl Pts',(-5.62974675680425,1.02881772284585,86.2305884811616));
#4379=CARTESIAN_POINT('Ctrl Pts',(-5.37321082963023,0.497775543978401,91.6002041027385));
#4380=CARTESIAN_POINT('Ctrl Pts',(-6.10227174229394,3.25999844387037,64.8606026556828));
#4381=CARTESIAN_POINT('Ctrl Pts',(-5.95630917576895,2.66686628692734,70.1205646880237));
#4382=CARTESIAN_POINT('Ctrl Pts',(-5.8115764483489,2.07244859243818,75.3776513812035));
#4383=CARTESIAN_POINT('Ctrl Pts',(-5.58987701677738,1.55959387519446,80.8149709068121));
#4384=CARTESIAN_POINT('Ctrl Pts',(-5.38726853683059,1.02651689477517,86.207587432189));
#4385=CARTESIAN_POINT('Ctrl Pts',(-5.18465962149781,0.493440375542426,91.6002049770572));
#4386=CARTESIAN_POINT('Ctrl Pts',(-5.74222760906228,3.24838674691306,64.8619728232489));
#4387=CARTESIAN_POINT('Ctrl Pts',(-5.59033850018507,2.66068039404644,70.0702454287329));
#4388=CARTESIAN_POINT('Ctrl Pts',(-5.43834035275491,2.0719488376312,75.2739739566027));
#4389=CARTESIAN_POINT('Ctrl Pts',(-5.29308970616382,1.55556050801964,80.7632655730034));
#4390=CARTESIAN_POINT('Ctrl Pts',(-5.14616479542149,1.02129256203973,86.1817349588023));
#4391=CARTESIAN_POINT('Ctrl Pts',(-4.99923992286223,0.487025023820196,91.6002059597647));
#4392=CARTESIAN_POINT('Ctrl Pts',(-5.01333327162498,3.21294572105139,64.8650006555501));
#4393=CARTESIAN_POINT('Ctrl Pts',(-4.84987267181434,2.63720883274752,69.9590484760635));
#4394=CARTESIAN_POINT('Ctrl Pts',(-4.68353734712487,2.06109176461637,75.0448771408329));
#4395=CARTESIAN_POINT('Ctrl Pts',(-4.69587574789328,1.53964095112148,80.649005895892));
#4396=CARTESIAN_POINT('Ctrl Pts',(-4.66388588232007,1.00487404925474,86.1246055480237));
#4397=CARTESIAN_POINT('Ctrl Pts',(-4.63189702769209,0.470107451072969,91.6002081313749));
#4398=CARTESIAN_POINT('Ctrl Pts',(-4.27201297626226,3.15247527848658,64.8685331981241));
#4399=CARTESIAN_POINT('Ctrl Pts',(-4.09794168269016,2.59076389745194,69.8293158388575));
#4400=CARTESIAN_POINT('Ctrl Pts',(-3.9180795943064,2.02954867652098,74.7776138011876));
#4401=CARTESIAN_POINT('Ctrl Pts',(-4.09506950723936,1.50757319491746,80.5157004660506));
#4402=CARTESIAN_POINT('Ctrl Pts',(-4.18350147229157,0.976418828421143,86.0579533324277));
#4403=CARTESIAN_POINT('Ctrl Pts',(-4.27193545698591,0.445264671257009,91.6002106649673));
#4404=CARTESIAN_POINT('Ctrl Pts',(-3.89811132820196,3.11573838979399,64.8704143170168));
#4405=CARTESIAN_POINT('Ctrl Pts',(-3.71905363042493,2.56153428139128,69.7602317194143));
#4406=CARTESIAN_POINT('Ctrl Pts',(-3.53270965657995,2.00829999290501,74.6352951279472));
#4407=CARTESIAN_POINT('Ctrl Pts',(-3.79352170084587,1.48734333934131,80.4447138380266));
#4408=CARTESIAN_POINT('Ctrl Pts',(-3.94335071732531,0.959113519596973,86.0224602843349));
#4409=CARTESIAN_POINT('Ctrl Pts',(-4.09318226487065,0.430883865723099,91.6002120141334));
#4410=CARTESIAN_POINT('Ctrl Pts',(-2.77081031839879,2.98591667995265,64.876346013057));
#4411=CARTESIAN_POINT('Ctrl Pts',(-2.57804575524464,2.45556624200271,69.5423897906178));
#4412=CARTESIAN_POINT('Ctrl Pts',(-2.37342320066029,1.92787505911532,74.1865528291543));
#4413=CARTESIAN_POINT('Ctrl Pts',(-2.88835093333866,1.41392391763243,80.2208733662364));
#4414=CARTESIAN_POINT('Ctrl Pts',(-3.22462235721373,0.89798516889294,85.9105408872739));
#4415=CARTESIAN_POINT('Ctrl Pts',(-3.56089785550364,0.382046465481597,91.6002162684275));
#4416=CARTESIAN_POINT('Ctrl Pts',(-1.63299077765822,2.79701451405586,64.883005187434));
#4417=CARTESIAN_POINT('Ctrl Pts',(-1.43107027993511,2.29420338283786,69.2978310304237));
#4418=CARTESIAN_POINT('Ctrl Pts',(-1.21248327905774,1.79599558619667,73.6827889006498));
#4419=CARTESIAN_POINT('Ctrl Pts',(-1.98534414707448,1.30190846571582,79.9695806667738));
#4420=CARTESIAN_POINT('Ctrl Pts',(-2.51187786534882,0.809103169862515,85.7848954794013));
#4421=CARTESIAN_POINT('Ctrl Pts',(-3.03841720133137,0.316297844774461,91.6002210444763));
#4422=CARTESIAN_POINT('Ctrl Pts',(-0.875349371591528,2.64459730204716,64.8875954406151));
#4423=CARTESIAN_POINT('Ctrl Pts',(-0.669794617188784,2.16167912335472,69.1292536843801));
#4424=CARTESIAN_POINT('Ctrl Pts',(-0.444396175591815,1.68458411418051,73.3355284162585));
#4425=CARTESIAN_POINT('Ctrl Pts',(-1.38737508712256,1.20989338936586,79.7963613276779));
#4426=CARTESIAN_POINT('Ctrl Pts',(-2.03996823150939,0.737498599209858,85.6982864589812));
#4427=CARTESIAN_POINT('Ctrl Pts',(-2.69256799840019,0.265103756691024,91.6002243366691));
#4428=CARTESIAN_POINT('Ctrl Pts',(0.250325962426243,2.37754897000816,64.8947499008765));
#4429=CARTESIAN_POINT('Ctrl Pts',(0.45541546261079,1.9255464862915,68.8665058802161));
#4430=CARTESIAN_POINT('Ctrl Pts',(0.685077541163959,1.48102489283813,72.79426127325));
#4431=CARTESIAN_POINT('Ctrl Pts',(-0.503466537692557,1.0453296512213,79.5263779975718));
#4432=CARTESIAN_POINT('Ctrl Pts',(-1.33929327187009,0.6112060116756,85.5632958054491));
#4433=CARTESIAN_POINT('Ctrl Pts',(-2.17512805007845,0.177082336285503,91.6002294679506));
#4434=CARTESIAN_POINT('Ctrl Pts',(1.34410851216689,2.05723966917735,64.9016935701839));
#4435=CARTESIAN_POINT('Ctrl Pts',(1.54000817617569,1.63833146003839,68.6115002077112));
#4436=CARTESIAN_POINT('Ctrl Pts',(1.76468404694361,1.22775825564914,72.2688638682452));
#4437=CARTESIAN_POINT('Ctrl Pts',(0.352653372918616,0.843783140861776,79.2643483403336));
#4438=CARTESIAN_POINT('Ctrl Pts',(-0.652111305860422,0.457533064967924,
85.432281957686));
#4439=CARTESIAN_POINT('Ctrl Pts',(-1.65688527270063,0.0712830409535453,
91.6002344480653));
#4440=CARTESIAN_POINT('Ctrl Pts',(1.70456240477782,1.94497840745141,64.9039668534887));
#4441=CARTESIAN_POINT('Ctrl Pts',(1.8962868413118,1.53740090648295,68.5280141589432));
#4442=CARTESIAN_POINT('Ctrl Pts',(2.1181141692116,1.13835489126984,72.0968459336276));
#4443=CARTESIAN_POINT('Ctrl Pts',(0.634480202571369,0.772801085600236,79.1785625358594));
#4444=CARTESIAN_POINT('Ctrl Pts',(-0.424721190558176,0.403413596306792,
85.3893893764769));
#4445=CARTESIAN_POINT('Ctrl Pts',(-1.48393226324793,0.0340261944407585,
91.6002360785034));
#4446=CARTESIAN_POINT('Ctrl Pts',(2.41616564140498,1.71030867590555,64.9083951700087));
#4447=CARTESIAN_POINT('Ctrl Pts',(2.59703062035468,1.32610558956216,68.3653849559733));
#4448=CARTESIAN_POINT('Ctrl Pts',(2.8104708290132,0.950653218322807,71.7617415908168));
#4449=CARTESIAN_POINT('Ctrl Pts',(1.19027170814271,0.623803429804528,79.0114531024723));
#4450=CARTESIAN_POINT('Ctrl Pts',(0.0265079723045279,0.289599267445994,
85.3058352849583));
#4451=CARTESIAN_POINT('Ctrl Pts',(-1.13726617294635,-0.0446047271928433,
91.6002392545719));
#4452=CARTESIAN_POINT('Ctrl Pts',(3.10744781951061,1.45697773406849,64.912515578694));
#4453=CARTESIAN_POINT('Ctrl Pts',(3.27186511763371,1.09780391071269,68.2140639629995));
#4454=CARTESIAN_POINT('Ctrl Pts',(3.47090468923263,0.747259088326262,71.4499052188336));
#4455=CARTESIAN_POINT('Ctrl Pts',(1.7290922100004,0.46176653220142,78.8559627129096));
#4456=CARTESIAN_POINT('Ctrl Pts',(0.470473101888043,0.16490903439387,85.2280906715223));
#4457=CARTESIAN_POINT('Ctrl Pts',(-0.788157025876606,-0.131948204229494,
91.6002422098098));
#4458=CARTESIAN_POINT('Ctrl Pts',(3.4475806661288,1.32605635078356,64.9144385094567));
#4459=CARTESIAN_POINT('Ctrl Pts',(3.60223402612928,0.979826918111211,68.1434448877815));
#4460=CARTESIAN_POINT('Ctrl Pts',(3.79241244871897,0.642089661888978,71.3043682479085));
#4461=CARTESIAN_POINT('Ctrl Pts',(1.99394757764285,0.377704242053213,78.7833976807363));
#4462=CARTESIAN_POINT('Ctrl Pts',(0.690598954779949,0.0998931652531869,
85.191808426654));
#4463=CARTESIAN_POINT('Ctrl Pts',(-0.612760959647024,-0.177917605366223,
91.600243588975));
#4464=CARTESIAN_POINT('Ctrl Pts',(4.11614180531405,1.05649265151371,64.9182287882392));
#4465=CARTESIAN_POINT('Ctrl Pts',(4.24790490524557,0.7373729338179,68.0042482089919));
#4466=CARTESIAN_POINT('Ctrl Pts',(4.416717534279,0.426277787737113,71.0174812379916));
#4467=CARTESIAN_POINT('Ctrl Pts',(2.51407380585512,0.204199561266171,78.6403649170973));
#4468=CARTESIAN_POINT('Ctrl Pts',(1.12718670142852,-0.0352971362876003,
85.1202925792109));
#4469=CARTESIAN_POINT('Ctrl Pts',(-0.259712165284205,-0.274793436601032,
91.6002463074444));
#4470=CARTESIAN_POINT('Ctrl Pts',(4.76025128824261,0.773052286007908,64.9213271573908));
#4471=CARTESIAN_POINT('Ctrl Pts',(4.86182327776612,0.483218989842328,67.890462057006));
#4472=CARTESIAN_POINT('Ctrl Pts',(5.00136209708189,0.200655034907268,70.7829289242989));
#4473=CARTESIAN_POINT('Ctrl Pts',(3.01435699370992,0.0202616044962134,78.5234421892943));
#4474=CARTESIAN_POINT('Ctrl Pts',(1.55679081635602,-0.181081885271285,85.0618316517346));
#4475=CARTESIAN_POINT('Ctrl Pts',(0.0992125646790206,-0.38242489725727,
91.6002485296684));
#4476=CARTESIAN_POINT('Ctrl Pts',(5.0759298231495,0.628246768407623,64.9227083845768));
#4477=CARTESIAN_POINT('Ctrl Pts',(5.1605373203585,0.35381668512969,67.8397372545528));
#4478=CARTESIAN_POINT('Ctrl Pts',(5.28339906260861,0.0862038725184044,70.6783564506109));
#4479=CARTESIAN_POINT('Ctrl Pts',(3.25946941130135,-0.0739525187158054,
78.4713188949838));
#4480=CARTESIAN_POINT('Ctrl Pts',(1.7699830821804,-0.256551481850002,85.0357701990117));
#4481=CARTESIAN_POINT('Ctrl Pts',(0.280484564606706,-0.439149933164494,
91.6002495203196));
#4482=CARTESIAN_POINT('Ctrl Pts',(5.5396133634071,0.406970224178384,64.9245358195853));
#4483=CARTESIAN_POINT('Ctrl Pts',(5.59590490576281,0.157108332276725,67.7726259023708));
#4484=CARTESIAN_POINT('Ctrl Pts',(5.69060675256986,-0.0867118789447063,
70.5399842904561));
#4485=CARTESIAN_POINT('Ctrl Pts',(3.61959906879663,-0.218135811971375,78.4023568988297));
#4486=CARTESIAN_POINT('Ctrl Pts',(2.08765503903236,-0.373571360417465,85.0012894579855));
#4487=CARTESIAN_POINT('Ctrl Pts',(0.555698715444643,-0.529006361260188,
91.6002508310058));
#4488=CARTESIAN_POINT('Ctrl Pts',(5.98832654129733,0.180404391116433,64.9260079407629));
#4489=CARTESIAN_POINT('Ctrl Pts',(6.01190008027531,-0.0422083816308032,
67.7185635377505));
#4490=CARTESIAN_POINT('Ctrl Pts',(6.0735765332319,-0.259719154208111,70.4284862173574));
#4491=CARTESIAN_POINT('Ctrl Pts',(3.96858563746926,-0.365912471781369,78.3468030820827));
#4492=CARTESIAN_POINT('Ctrl Pts',(2.40273674621085,-0.496321986474497,84.9735127563494));
#4493=CARTESIAN_POINT('Ctrl Pts',(0.836875559342268,-0.626730948898262,
91.6002518868572));
#4494=CARTESIAN_POINT('Ctrl Pts',(6.2101698220706,0.066307685503007,64.926685723607));
#4495=CARTESIAN_POINT('Ctrl Pts',(6.21664252535502,-0.142193190386066,67.6936726215173));
#4496=CARTESIAN_POINT('Ctrl Pts',(6.26098170858349,-0.346092039591022,70.377144854513));
#4497=CARTESIAN_POINT('Ctrl Pts',(4.14123552073893,-0.440341379741935,78.3212253503977));
#4498=CARTESIAN_POINT('Ctrl Pts',(2.55989459261732,-0.558653050912982,84.9607239856217));
#4499=CARTESIAN_POINT('Ctrl Pts',(0.978541385687702,-0.676964173323537,
91.6002523729856));
#4500=CARTESIAN_POINT('Ctrl Pts',(6.42822739230978,-0.0489097193980726,
64.9272775016964));
#4501=CARTESIAN_POINT('Ctrl Pts',(6.4164742292387,-0.242506966282933,67.6719402549903));
#4502=CARTESIAN_POINT('Ctrl Pts',(6.44222074127845,-0.432049214993527,70.332308067675));
#4503=CARTESIAN_POINT('Ctrl Pts',(4.31115085863238,-0.515497343903823,78.2988931039245));
#4504=CARTESIAN_POINT('Ctrl Pts',(2.71655954519328,-0.62242387308941,84.9495579453172));
#4505=CARTESIAN_POINT('Ctrl Pts',(1.12195599688615,-0.729349866831353,91.6002527974306));
#4506=CARTESIAN_POINT('Ctrl Pts',(6.6424929918412,-0.165100445767079,64.9277853927744));
#4507=CARTESIAN_POINT('Ctrl Pts',(6.61137060927221,-0.342911129811533,67.653288667838));
#4508=CARTESIAN_POINT('Ctrl Pts',(6.61723666996149,-0.517269083795765,70.2938152775861));
#4509=CARTESIAN_POINT('Ctrl Pts',(4.47839217534096,-0.591260138097419,78.2797264229361));
#4510=CARTESIAN_POINT('Ctrl Pts',(2.87286668690123,-0.687651338098384,84.9399746758678));
#4511=CARTESIAN_POINT('Ctrl Pts',(1.26732903565018,-0.784042027246012,91.600253161711));
#4512=CARTESIAN_POINT('Ctrl Pts',(6.78449424408642,-0.242766402977409,64.9281055021391));
#4513=CARTESIAN_POINT('Ctrl Pts',(6.74020361244538,-0.409849749548893,67.6415331332007));
#4514=CARTESIAN_POINT('Ctrl Pts',(6.73252748571644,-0.573894712943761,70.2695513033853));
#4515=CARTESIAN_POINT('Ctrl Pts',(4.58929718688803,-0.641894816380198,78.2676461746272));
#4516=CARTESIAN_POINT('Ctrl Pts',(2.97700240945704,-0.731461548709723,84.9339345964568));
#4517=CARTESIAN_POINT('Ctrl Pts',(1.36469552357229,-0.821027789194829,91.6002533913072));
#4518=CARTESIAN_POINT('Ctrl Pts',(6.92481217701359,-0.32082186148243,64.9283889558668));
#4519=CARTESIAN_POINT('Ctrl Pts',(6.86683971620302,-0.476758427853195,67.6311237908062));
#4520=CARTESIAN_POINT('Ctrl Pts',(6.84503919512646,-0.630098168582505,70.2480593030134));
#4521=CARTESIAN_POINT('Ctrl Pts',(4.69903493692612,-0.692764794194543,78.2569491643925));
#4522=CARTESIAN_POINT('Ctrl Pts',(3.08102193527814,-0.775925864258006,84.9285861308872));
#4523=CARTESIAN_POINT('Ctrl Pts',(1.46299689232306,-0.859086466928981,91.6002535946137));
#4524=CARTESIAN_POINT('Ctrl Pts',(6.99455071582782,-0.359941619608857,64.9285215962521));
#4525=CARTESIAN_POINT('Ctrl Pts',(6.92960890572248,-0.510195436790872,67.6262528626734));
#4526=CARTESIAN_POINT('Ctrl Pts',(6.9005692245735,-0.658134420680465,70.23799681202));
#4527=CARTESIAN_POINT('Ctrl Pts',(4.75361478165963,-0.718254357275867,78.2519435088844));
#4528=CARTESIAN_POINT('Ctrl Pts',(3.13300811911275,-0.798322457531294,84.9260833215787));
#4529=CARTESIAN_POINT('Ctrl Pts',(1.51238945273973,-0.878390102852535,91.6002536897508));
#4530=CARTESIAN_POINT('Ctrl Pts',(7.06386963726732,-0.399147955717944,64.9286452381996));
#4531=CARTESIAN_POINT('Ctrl Pts',(6.99182337020317,-0.543616850223991,67.6217120761329));
#4532=CARTESIAN_POINT('Ctrl Pts',(6.95564982190748,-0.685604343557736,70.2286457140529));
#4533=CARTESIAN_POINT('Ctrl Pts',(4.80790864494282,-0.74379435778418,78.2472777422241));
#4534=CARTESIAN_POINT('Ctrl Pts',(3.18497642661527,-0.820884537067615,84.9237504557626));
#4535=CARTESIAN_POINT('Ctrl Pts',(1.56203223955575,-0.897974285317432,91.600253778428));
#4536=CARTESIAN_POINT('Ctrl Pts',(7.17450234272023,-0.462232340733299,64.9288294180786));
#4537=CARTESIAN_POINT('Ctrl Pts',(7.09084808849054,-0.59721179950938,67.6149485833034));
#4538=CARTESIAN_POINT('Ctrl Pts',(7.04255305632242,-0.730225936219619,70.2146629149205));
#4539=CARTESIAN_POINT('Ctrl Pts',(4.89463417243681,-0.784878258745263,78.2403269525265));
#4540=CARTESIAN_POINT('Ctrl Pts',(3.26840248706951,-0.857379982380255,84.9202750864113));
#4541=CARTESIAN_POINT('Ctrl Pts',(1.64215890416485,-0.92988129894502,91.6002539105342));
#4542=CARTESIAN_POINT('Ctrl Pts',(7.21574250801553,-0.485748881317327,64.9288956148205));
#4543=CARTESIAN_POINT('Ctrl Pts',(7.12766376867285,-0.617102949160604,67.6125178320327));
#4544=CARTESIAN_POINT('Ctrl Pts',(7.07464145773975,-0.746863666486919,70.2096242081074));
#4545=CARTESIAN_POINT('Ctrl Pts',(4.92706144768381,-0.800187468976845,78.2378286075001));
#4546=CARTESIAN_POINT('Ctrl Pts',(3.29980255484562,-0.871081936953446,84.9190259229165));
#4547=CARTESIAN_POINT('Ctrl Pts',(1.67253179562484,-0.941976004216493,91.6002539580175));
#4548=CARTESIAN_POINT('Ctrl Pts',(7.25648681239581,-0.508992740849772,64.9289636143032));
#4549=CARTESIAN_POINT('Ctrl Pts',(7.16478387740971,-0.636815776928129,67.6100205821739));
#4550=CARTESIAN_POINT('Ctrl Pts',(7.10806376827997,-0.763013483181767,70.2044765945932));
#4551=CARTESIAN_POINT('Ctrl Pts',(4.96006644131345,-0.815443210693799,78.2352625212042));
#4552=CARTESIAN_POINT('Ctrl Pts',(3.33156608243585,-0.884786859812396,84.9177428893475));
#4553=CARTESIAN_POINT('Ctrl Pts',(1.70305387597111,-0.954130123195058,91.6002540067884));
#4554=CARTESIAN_POINT('Ctrl Pts',(7.57892700693461,-0.692881357551283,64.929485190658));
#4555=CARTESIAN_POINT('Ctrl Pts',(7.45312204971853,-0.791817968530557,67.5908671176199));
#4556=CARTESIAN_POINT('Ctrl Pts',(7.36067676721473,-0.890524549484244,70.1648813768805));
#4557=CARTESIAN_POINT('Ctrl Pts',(5.21725482862679,-0.935821886988021,78.2155787055252));
#4558=CARTESIAN_POINT('Ctrl Pts',(3.58285047210667,-0.993832335210086,84.9079010537415));
#4559=CARTESIAN_POINT('Ctrl Pts',(1.9484345069914,-1.05184249349882,91.6002543808974));
#4560=CARTESIAN_POINT('Ctrl Pts',(7.8733930826349,-0.860808155238564,64.9299237870638));
#4561=CARTESIAN_POINT('Ctrl Pts',(7.71008678551863,-0.930045993957255,67.574760943362));
#4562=CARTESIAN_POINT('Ctrl Pts',(7.57814102500204,-1.00032488489401,70.1315781565824));
#4563=CARTESIAN_POINT('Ctrl Pts',(5.4579623899163,-1.04727961242694,78.1990264000927));
#4564=CARTESIAN_POINT('Ctrl Pts',(3.83074652561483,-1.10034949497638,84.8996249616847));
#4565=CARTESIAN_POINT('Ctrl Pts',(2.20351941886267,-1.15341923806409,91.6002546954893));
#4566=CARTESIAN_POINT('Ctrl Pts',(8.11567696654034,-0.998968852544127,64.9302543664747));
#4567=CARTESIAN_POINT('Ctrl Pts',(7.91840069348265,-1.04229311016485,67.562621411576));
#4568=CARTESIAN_POINT('Ctrl Pts',(7.75056177094192,-1.08766773556061,70.1064736921967));
#4569=CARTESIAN_POINT('Ctrl Pts',(5.66123524775543,-1.14082049147478,78.1865505438481));
#4570=CARTESIAN_POINT('Ctrl Pts',(4.04789317400638,-1.19311699127386,84.8933870792479));
#4571=CARTESIAN_POINT('Ctrl Pts',(2.43454024501254,-1.24541351059986,91.6002549326044));
#4572=CARTESIAN_POINT('Ctrl Pts',(8.611663465477,-1.28178413943745,64.9308709222878));
#4573=CARTESIAN_POINT('Ctrl Pts',(8.34221597702525,-1.27122434906904,67.5399802572053));
#4574=CARTESIAN_POINT('Ctrl Pts',(8.09793990788776,-1.26463057759994,70.0596521175755));
#4575=CARTESIAN_POINT('Ctrl Pts',(6.09015850957949,-1.33761093883006,78.1632821222201));
#4576=CARTESIAN_POINT('Ctrl Pts',(4.51831602990214,-1.39343796068583,84.8817529536427));
#4577=CARTESIAN_POINT('Ctrl Pts',(2.94646360825426,-1.44926537373682,91.6002553748423));
#4578=CARTESIAN_POINT('Ctrl Pts',(9.07234372551255,-1.54443413478722,64.9313381778097));
#4579=CARTESIAN_POINT('Ctrl Pts',(8.73869887935388,-1.48670625214607,67.5228215208077));
#4580=CARTESIAN_POINT('Ctrl Pts',(8.42610512123997,-1.43425295420269,70.0241858754811));
#4581=CARTESIAN_POINT('Ctrl Pts',(6.51973352360654,-1.5345603813437,78.1456483800048));
#4582=CARTESIAN_POINT('Ctrl Pts',(5.00650645868015,-1.60078386997604,84.872936147304));
#4583=CARTESIAN_POINT('Ctrl Pts',(3.49327042774742,-1.66700813592001,91.6002557099878));
#4584=CARTESIAN_POINT('Ctrl Pts',(9.31267817634081,-1.68144484002564,64.9315908651038));
#4585=CARTESIAN_POINT('Ctrl Pts',(8.94915012479445,-1.60163443137501,67.5135420809863));
#4586=CARTESIAN_POINT('Ctrl Pts',(8.60461872464501,-1.52768039411298,70.0050210984538));
#4587=CARTESIAN_POINT('Ctrl Pts',(6.75380499307497,-1.64237041379966,78.1361123790206));
#4588=CARTESIAN_POINT('Ctrl Pts',(5.27410939118785,-1.71464592648142,84.8681681820054));
#4589=CARTESIAN_POINT('Ctrl Pts',(3.79440532562618,-1.78692240646037,91.6002558912283));
#4590=CARTESIAN_POINT('Ctrl Pts',(10.0243704497966,-2.08718256167572,64.9321310112803));
#4591=CARTESIAN_POINT('Ctrl Pts',(9.5913835799009,-1.95232223210016,67.4937058478797));
#4592=CARTESIAN_POINT('Ctrl Pts',(9.17248671317449,-1.82388157319561,69.9640952265012));
#4593=CARTESIAN_POINT('Ctrl Pts',(7.48107446691162,-1.97799247720634,78.1157285827922));
#4594=CARTESIAN_POINT('Ctrl Pts',(6.10221843138675,-2.06741425954871,84.857976359576));
#4595=CARTESIAN_POINT('Ctrl Pts',(4.72335526774394,-2.15683751717978,91.6002562786411));
#4596=CARTESIAN_POINT('Ctrl Pts',(10.7081775364263,-2.47699024175425,64.9329803152993));
#4597=CARTESIAN_POINT('Ctrl Pts',(10.2837981407015,-2.33341715541891,67.4625142119245));
#4598=CARTESIAN_POINT('Ctrl Pts',(9.87224074583559,-2.19513116021401,69.8999275039558));
#4599=CARTESIAN_POINT('Ctrl Pts',(8.29573575889335,-2.3609272812052,78.0836798352553));
#4600=CARTESIAN_POINT('Ctrl Pts',(7.00532812924896,-2.45630471136571,84.841952106841));
#4601=CARTESIAN_POINT('Ctrl Pts',(5.71491397490398,-2.55168374748307,91.600256887757));
#4602=CARTESIAN_POINT('Ctrl Pts',(11.163954181375,-2.73678785299899,64.9333177331674));
#4603=CARTESIAN_POINT('Ctrl Pts',(10.7966409122445,-2.61742531196665,67.4501212853515));
#4604=CARTESIAN_POINT('Ctrl Pts',(10.4439700815919,-2.50185086075991,69.8745170005953));
#4605=CARTESIAN_POINT('Ctrl Pts',(8.89074545805308,-2.64655495248216,78.0709481324149));
#4606=CARTESIAN_POINT('Ctrl Pts',(7.63306754074872,-2.73062044149589,84.8355863044241));
#4607=CARTESIAN_POINT('Ctrl Pts',(6.37538288324259,-2.8146873134237,91.6002571297347));
#4608=CARTESIAN_POINT('Ctrl Pts',(11.6332063721982,-3.00424135554386,64.9330601779208));
#4609=CARTESIAN_POINT('Ctrl Pts',(11.3909190738575,-2.94853328985804,67.4595781995279));
#4610=CARTESIAN_POINT('Ctrl Pts',(11.1687755658194,-2.89436824292129,69.8941721657864));
#4611=CARTESIAN_POINT('Ctrl Pts',(9.55402002369633,-2.9732763684132,78.0806691103314));
#4612=CARTESIAN_POINT('Ctrl Pts',(8.28364990514092,-3.02098738736996,84.8404467588589));
#4613=CARTESIAN_POINT('Ctrl Pts',(7.01327193257289,-3.06869911780299,91.6002569449785));
#4614=CARTESIAN_POINT('Ctrl Pts',(12.1322962010582,-3.28867111270747,64.9318395428975));
#4615=CARTESIAN_POINT('Ctrl Pts',(12.0999569413433,-3.34566352323583,67.5044037459483));
#4616=CARTESIAN_POINT('Ctrl Pts',(12.0979528852031,-3.40119445243203,69.9867361639727));
#4617=CARTESIAN_POINT('Ctrl Pts',(10.3064475399057,-3.35398439688069,78.1267337163679));
#4618=CARTESIAN_POINT('Ctrl Pts',(8.95967220930662,-3.33072718744641,84.8634788917189));
#4619=CARTESIAN_POINT('Ctrl Pts',(7.61288673624669,-3.30746943174742,91.6002560694782));
#4620=CARTESIAN_POINT('Ctrl Pts',(12.1330768997094,-3.28912708599699,64.9318376221474));
#4621=CARTESIAN_POINT('Ctrl Pts',(12.1010678069609,-3.3462967395978,67.5044742819179));
#4622=CARTESIAN_POINT('Ctrl Pts',(12.0994099612095,-3.40200016838079,69.9868818192473));
#4623=CARTESIAN_POINT('Ctrl Pts',(10.3076256322443,-3.3545929689569,78.1268062020733));
#4624=CARTESIAN_POINT('Ctrl Pts',(8.96072937918445,-3.33122504760287,84.8635151343039));
#4625=CARTESIAN_POINT('Ctrl Pts',(7.61382298005903,-3.30785657801298,91.6002560681005));
#4626=CARTESIAN_POINT('Ctrl Pts',(12.133929373239,-3.28955035252259,64.9318375256627));
#4627=CARTESIAN_POINT('Ctrl Pts',(12.0994002386523,-3.34846544769927,67.5044779951217));
#4628=CARTESIAN_POINT('Ctrl Pts',(12.094892067363,-3.40624263113296,69.986873186682));
#4629=CARTESIAN_POINT('Ctrl Pts',(10.3059425623394,-3.35678611084068,78.126809676292));
#4630=CARTESIAN_POINT('Ctrl Pts',(8.96035283087257,-3.33252105526938,84.8635168712224));
#4631=CARTESIAN_POINT('Ctrl Pts',(7.6147529881945,-3.30825542518549,91.6002560680345));
#4632=CARTESIAN_POINT('Ctrl Pts',(12.1371243871673,-3.29139236004904,64.9318321059339));
#4633=CARTESIAN_POINT('Ctrl Pts',(12.100015883079,-3.3530183808798,67.5046776544305));
#4634=CARTESIAN_POINT('Ctrl Pts',(12.0917466033659,-3.41440560159427,69.9872250796712));
#4635=CARTESIAN_POINT('Ctrl Pts',(10.3066913181886,-3.3613206811582,78.1270135886676));
#4636=CARTESIAN_POINT('Ctrl Pts',(8.96257421592501,-3.33560923925998,84.8636188259972));
#4637=CARTESIAN_POINT('Ctrl Pts',(7.61844705767706,-3.30989717308616,91.600256064159));
#4638=CARTESIAN_POINT('Ctrl Pts',(12.1402568562235,-3.29338277714217,64.9318261980389));
#4639=CARTESIAN_POINT('Ctrl Pts',(12.1004149631536,-3.35747296261915,67.5048959808436));
#4640=CARTESIAN_POINT('Ctrl Pts',(12.086791971529,-3.42308051666023,69.987544548189));
#4641=CARTESIAN_POINT('Ctrl Pts',(10.307173927734,-3.36578444799144,78.1272351966982));
#4642=CARTESIAN_POINT('Ctrl Pts',(8.96460958919379,-3.33875328960488,84.8637296277589));
#4643=CARTESIAN_POINT('Ctrl Pts',(7.62203528325898,-3.31172144100049,91.6002560599472));
#4644=CARTESIAN_POINT('Ctrl Pts',(12.1425662221951,-3.29495832708328,64.931821397966));
#4645=CARTESIAN_POINT('Ctrl Pts',(12.1005953364409,-3.36075422346997,67.5050736311297));
#4646=CARTESIAN_POINT('Ctrl Pts',(12.082198927816,-3.42977682719772,69.9877793904376));
#4647=CARTESIAN_POINT('Ctrl Pts',(10.3073920774875,-3.36908471962318,78.1274149910201));
#4648=CARTESIAN_POINT('Ctrl Pts',(8.96603227427845,-3.34113669762333,84.8638195228139));
#4649=CARTESIAN_POINT('Ctrl Pts',(7.62466258592865,-3.31318792886534,91.6002560565301));
#4650=CARTESIAN_POINT('Ctrl Pts',(12.1478509290293,-3.29882490235142,64.9318091221107));
#4651=CARTESIAN_POINT('Ctrl Pts',(12.1007409414141,-3.36826279552599,67.5055283085997));
#4652=CARTESIAN_POINT('Ctrl Pts',(12.0697535621076,-3.44562137317392,69.9883472264154));
#4653=CARTESIAN_POINT('Ctrl Pts',(10.3075748418571,-3.37665844758615,78.1278744597291));
#4654=CARTESIAN_POINT('Ctrl Pts',(8.96910962580072,-3.34674400912893,84.8640492514181));
#4655=CARTESIAN_POINT('Ctrl Pts',(7.63063474658814,-3.31682868013459,91.6002560477976));
#4656=CARTESIAN_POINT('Ctrl Pts',(12.1528701210527,-3.30312700528194,64.9317938258925));
#4657=CARTESIAN_POINT('Ctrl Pts',(12.1002538790825,-3.37540682510689,67.5060950715738));
#4658=CARTESIAN_POINT('Ctrl Pts',(12.0540256973849,-3.46145840539185,69.9890344846027));
#4659=CARTESIAN_POINT('Ctrl Pts',(10.3070227738825,-3.38389941751438,78.1284467641868));
#4660=CARTESIAN_POINT('Ctrl Pts',(8.97162524689782,-3.3524281212427,84.8643353962561));
#4661=CARTESIAN_POINT('Ctrl Pts',(7.63621833289616,-3.32095577389671,91.6002560369206));
#4662=CARTESIAN_POINT('Ctrl Pts',(12.1556417903502,-3.30572394841274,64.9317836789138));
#4663=CARTESIAN_POINT('Ctrl Pts',(12.0997586558377,-3.37935846953512,67.5064708016657));
#4664=CARTESIAN_POINT('Ctrl Pts',(12.0442632011172,-3.47027300460326,69.9895129757279));
#4665=CARTESIAN_POINT('Ctrl Pts',(10.3064639598851,-3.38790946407536,78.1288266474742));
#4666=CARTESIAN_POINT('Ctrl Pts',(8.97287339951567,-3.35568642294924,84.8645253332483));
#4667=CARTESIAN_POINT('Ctrl Pts',(7.63927362081989,-3.3234622383198,91.6002560297007));
#4668=CARTESIAN_POINT('Ctrl Pts',(12.1623043841641,-3.31254992226196,64.9317557782073));
#4669=CARTESIAN_POINT('Ctrl Pts',(12.0980667235902,-3.38891386265339,67.5075033111837));
#4670=CARTESIAN_POINT('Ctrl Pts',(12.018894040295,-3.49120893744223,69.9908867591516));
#4671=CARTESIAN_POINT('Ctrl Pts',(10.3045677230274,-3.39760189727392,78.1298718041493));
#4672=CARTESIAN_POINT('Ctrl Pts',(8.97556591857888,-3.36383742641017,84.8650478994421));
#4673=CARTESIAN_POINT('Ctrl Pts',(7.6465553264791,-3.33007159077597,91.6002560098369));
#4674=CARTESIAN_POINT('Ctrl Pts',(12.1682532482517,-3.32017518973458,64.9317163784028));
#4675=CARTESIAN_POINT('Ctrl Pts',(12.0950451113096,-3.39753036739429,67.508957501364));
#4676=CARTESIAN_POINT('Ctrl Pts',(11.9926925457268,-3.50783594055038,69.9931890609105));
#4677=CARTESIAN_POINT('Ctrl Pts',(10.3012696281159,-3.40629042135127,78.1313515079469));
#4678=CARTESIAN_POINT('Ctrl Pts',(8.9770926086299,-3.37188126470636,84.8657877382227));
#4679=CARTESIAN_POINT('Ctrl Pts',(7.65290721379611,-3.33747057694729,91.6002559817141));
#4680=CARTESIAN_POINT('Ctrl Pts',(12.1715361252129,-3.3250182057886,64.9316882882738));
#4681=CARTESIAN_POINT('Ctrl Pts',(12.0927938480647,-3.40233368100206,67.5099926869938));
#4682=CARTESIAN_POINT('Ctrl Pts',(11.9778226996429,-3.51550516139942,69.9949788015949));
#4683=CARTESIAN_POINT('Ctrl Pts',(10.2988527213216,-3.41109167135139,78.1324080166171));
#4684=CARTESIAN_POINT('Ctrl Pts',(8.97761184028195,-3.37662529818285,84.8663159848551));
#4685=CARTESIAN_POINT('Ctrl Pts',(7.65636280093585,-3.34215732979744,91.6002559616343));
#4686=CARTESIAN_POINT('Ctrl Pts',(12.1754973908955,-3.33179958552308,64.9316444870119));
#4687=CARTESIAN_POINT('Ctrl Pts',(12.0892669714055,-3.40820459909758,67.5116043185072));
#4688=CARTESIAN_POINT('Ctrl Pts',(11.9606705633699,-3.52164049204016,69.9980083927176));
#4689=CARTESIAN_POINT('Ctrl Pts',(10.2951411280418,-3.41687269776798,78.1340579426031));
#4690=CARTESIAN_POINT('Ctrl Pts',(8.97781248940027,-3.38278033073393,84.8671409384941));
#4691=CARTESIAN_POINT('Ctrl Pts',(7.66047590975547,-3.34868635187286,91.600255930276));
#4692=CARTESIAN_POINT('Ctrl Pts',(12.1788662095354,-3.33896248859318,64.9315916699482));
#4693=CARTESIAN_POINT('Ctrl Pts',(12.08512617454,-3.41329820941773,67.5135437802225));
#4694=CARTESIAN_POINT('Ctrl Pts',(11.949144371807,-3.52096326488388,70.0020273983932));
#4695=CARTESIAN_POINT('Ctrl Pts',(10.2909121765073,-3.42172717497521,78.1360513090283));
#4696=CARTESIAN_POINT('Ctrl Pts',(8.97741593185341,-3.38862566303086,84.8681376144968));
#4697=CARTESIAN_POINT('Ctrl Pts',(7.66391182521505,-3.35552264281877,91.6002558923903));
#4698=CARTESIAN_POINT('Ctrl Pts',(12.1796696078347,-3.34077552860036,64.9315779792708));
#4699=CARTESIAN_POINT('Ctrl Pts',(12.0840936249286,-3.41453482453786,67.5140464337518));
#4700=CARTESIAN_POINT('Ctrl Pts',(11.9464588691304,-3.52078992706981,70.0030760218036));
#4701=CARTESIAN_POINT('Ctrl Pts',(10.2898598577079,-3.42290321719749,78.1365680800694));
#4702=CARTESIAN_POINT('Ctrl Pts',(8.97729790304249,-3.39007712177774,84.8683959982248));
#4703=CARTESIAN_POINT('Ctrl Pts',(7.66472810233146,-3.35724954258321,91.6002558825685));
#4704=CARTESIAN_POINT('Ctrl Pts',(12.1835037053965,-3.34995399785484,64.9315057076321));
#4705=CARTESIAN_POINT('Ctrl Pts',(12.0783650610049,-3.42032933870814,67.5166972104548));
#4706=CARTESIAN_POINT('Ctrl Pts',(11.9372038907867,-3.51301037471304,70.0088628788089));
#4707=CARTESIAN_POINT('Ctrl Pts',(10.28412045705,-3.42824916829985,78.1392986899884));
#4708=CARTESIAN_POINT('Ctrl Pts',(8.97636137514611,-3.39710835024641,84.8697612965171));
#4709=CARTESIAN_POINT('Ctrl Pts',(7.66859441783653,-3.365966309326,91.6002558306707));
#4710=CARTESIAN_POINT('Ctrl Pts',(12.186332025028,-3.35963453941265,64.9314207005737));
#4711=CARTESIAN_POINT('Ctrl Pts',(12.0727965403726,-3.42513227419168,67.5198128127863));
#4712=CARTESIAN_POINT('Ctrl Pts',(11.9349999261215,-3.50371140980569,70.0158837449132));
#4713=CARTESIAN_POINT('Ctrl Pts',(10.2786485208088,-3.43255071414267,78.1425127199027));
#4714=CARTESIAN_POINT('Ctrl Pts',(8.9750177713816,-3.40380590673573,84.8713683060158));
#4715=CARTESIAN_POINT('Ctrl Pts',(7.67137897786542,-3.37506013199335,91.6002557695848));
#4716=CARTESIAN_POINT('Ctrl Pts',(12.1879096830825,-3.3676226312314,64.9313454143961));
#4717=CARTESIAN_POINT('Ctrl Pts',(12.0685351709007,-3.42839769087215,67.5225727437797));
#4718=CARTESIAN_POINT('Ctrl Pts',(11.9341291655193,-3.49704417132966,70.0220445453718));
#4719=CARTESIAN_POINT('Ctrl Pts',(10.2744650431636,-3.43541168934985,78.1453586145061));
#4720=CARTESIAN_POINT('Ctrl Pts',(8.97368563098997,-3.40895065434192,84.8727912478468));
#4721=CARTESIAN_POINT('Ctrl Pts',(7.67289803414752,-3.38248881721613,91.6002557154958));
#4722=CARTESIAN_POINT('Ctrl Pts',(12.1896402611212,-3.38391006712619,64.9311820762344));
#4723=CARTESIAN_POINT('Ctrl Pts',(12.0605156401546,-3.43394700789496,67.5285632983526));
#4724=CARTESIAN_POINT('Ctrl Pts',(11.9312914219593,-3.48512409400902,70.0351566763542));
#4725=CARTESIAN_POINT('Ctrl Pts',(10.266560168975,-3.44013857216669,78.1515303043904));
#4726=CARTESIAN_POINT('Ctrl Pts',(8.97054285993122,-3.41880977887538,84.8758770780933));
#4727=CARTESIAN_POINT('Ctrl Pts',(7.67451714204917,-3.39748044607165,91.6002555981969));
#4728=CARTESIAN_POINT('Ctrl Pts',(12.1884702407874,-3.40045116837236,64.9309969285103));
#4729=CARTESIAN_POINT('Ctrl Pts',(12.0535969480578,-3.43789278516065,67.5353569523541));
#4730=CARTESIAN_POINT('Ctrl Pts',(11.9296561003653,-3.47429865700047,70.0497177728241));
#4731=CARTESIAN_POINT('Ctrl Pts',(10.2597814301498,-3.443202424297,78.1585229037318));
#4732=CARTESIAN_POINT('Ctrl Pts',(8.96656833995172,-3.4278062386406,84.8793733577484));
#4733=CARTESIAN_POINT('Ctrl Pts',(7.67334665965885,-3.41240969493151,91.6002554652958));
#4734=CARTESIAN_POINT('Ctrl Pts',(12.1871484327249,-3.40866576334222,64.9308984120636));
#4735=CARTESIAN_POINT('Ctrl Pts',(12.0504049228437,-3.44055309807356,67.5389726438406));
#4736=CARTESIAN_POINT('Ctrl Pts',(11.928955586846,-3.47069625292289,70.0573894627283));
#4737=CARTESIAN_POINT('Ctrl Pts',(10.2566714533808,-3.44542448447021,78.1622428432348));
#4738=CARTESIAN_POINT('Ctrl Pts',(8.96437812302634,-3.43260037452177,84.8812333160018));
#4739=CARTESIAN_POINT('Ctrl Pts',(7.67207612664975,-3.41977598069441,91.6002553945949));
#4740=CARTESIAN_POINT('Ctrl Pts',(12.1819941670568,-3.42902640285104,64.9306501420456));
#4741=CARTESIAN_POINT('Ctrl Pts',(12.0435860979055,-3.44157107502372,67.5480854558838));
#4742=CARTESIAN_POINT('Ctrl Pts',(11.9297546377572,-3.45398597256956,70.0766331941538));
#4743=CARTESIAN_POINT('Ctrl Pts',(10.2501500991455,-3.44522606042229,78.1716164766733));
#4744=CARTESIAN_POINT('Ctrl Pts',(8.95870415439896,-3.4414873965211,84.885920102748));
#4745=CARTESIAN_POINT('Ctrl Pts',(7.66724935735344,-3.43774861810607,91.6002552164401));
#4746=CARTESIAN_POINT('Ctrl Pts',(12.1723378575489,-3.44784573107771,64.9303762322547));
#4747=CARTESIAN_POINT('Ctrl Pts',(12.0392020724564,-3.44787162464818,67.5581437888724));
#4748=CARTESIAN_POINT('Ctrl Pts',(11.9326098178259,-3.44768053697052,70.0974508169145));
#4749=CARTESIAN_POINT('Ctrl Pts',(10.2462574542666,-3.45037327129102,78.1819538323256));
#4750=CARTESIAN_POINT('Ctrl Pts',(8.95239331371603,-3.45226636936856,84.891088742906));
#4751=CARTESIAN_POINT('Ctrl Pts',(7.65852022212491,-3.45415948568258,91.6002550199691));
#4752=CARTESIAN_POINT('Ctrl Pts',(12.1650066978202,-3.45828489125684,64.9302065840562));
#4753=CARTESIAN_POINT('Ctrl Pts',(12.0365310439561,-3.45302859920287,67.5643744103608));
#4754=CARTESIAN_POINT('Ctrl Pts',(11.9341033560248,-3.44696672493959,70.110258684497));
#4755=CARTESIAN_POINT('Ctrl Pts',(10.2439702606537,-3.45487984534855,78.1883554584782));
#4756=CARTESIAN_POINT('Ctrl Pts',(8.94798898140316,-3.45903926958465,84.8942895316989));
#4757=CARTESIAN_POINT('Ctrl Pts',(7.65199871317257,-3.46319877942729,91.6002548983003));
#4758=CARTESIAN_POINT('Ctrl Pts',(12.1533915252512,-3.47068195369137,64.9299785540185));
#4759=CARTESIAN_POINT('Ctrl Pts',(12.0317910551889,-3.46105150277172,67.572749713479));
#4760=CARTESIAN_POINT('Ctrl Pts',(11.9346208374861,-3.44921716479473,70.127426490569));
#4761=CARTESIAN_POINT('Ctrl Pts',(10.2398758729132,-3.46212867236966,78.1969596073822));
#4762=CARTESIAN_POINT('Ctrl Pts',(8.94085468510704,-3.46800981724639,84.8985915729802));
#4763=CARTESIAN_POINT('Ctrl Pts',(7.64182447247143,-3.47389112245736,91.6002547347706));
#4764=CARTESIAN_POINT('Ctrl Pts',(12.1397417265896,-3.48062966628764,64.9297550638289));
#4765=CARTESIAN_POINT('Ctrl Pts',(12.0241199950474,-3.4697789255914,67.5809580654949));
#4766=CARTESIAN_POINT('Ctrl Pts',(11.9317384521419,-3.4546433733622,70.1442719500042));
#4767=CARTESIAN_POINT('Ctrl Pts',(10.2330191715416,-3.47025586929121,78.2053926599124));
#4768=CARTESIAN_POINT('Ctrl Pts',(8.93154094707716,-3.47636973458568,84.9028080669514));
#4769=CARTESIAN_POINT('Ctrl Pts',(7.63005366318087,-3.48248381650611,91.6002545744927));
#4770=CARTESIAN_POINT('Ctrl Pts',(12.1362126266274,-3.48295121646774,64.9297000731828));
#4771=CARTESIAN_POINT('Ctrl Pts',(12.0219252355233,-3.47211495581206,67.5829777283346));
#4772=CARTESIAN_POINT('Ctrl Pts',(11.9306416230889,-3.45668880939801,70.1484200958666));
#4773=CARTESIAN_POINT('Ctrl Pts',(10.2310365661448,-3.47246250837494,78.2074676799409));
#4774=CARTESIAN_POINT('Ctrl Pts',(8.92903231448184,-3.4784785408266,84.9038455690558));
#4775=CARTESIAN_POINT('Ctrl Pts',(7.62701899518276,-3.48449479581187,91.600254535055));
#4776=CARTESIAN_POINT('Ctrl Pts',(12.1252884364721,-3.48942725625992,64.9295341092768));
#4777=CARTESIAN_POINT('Ctrl Pts',(12.0150172114351,-3.47839005435058,67.589073017469));
#4778=CARTESIAN_POINT('Ctrl Pts',(11.927340362101,-3.46020667556559,70.160951724358));
#4779=CARTESIAN_POINT('Ctrl Pts',(10.2248055042521,-3.47833564292755,78.2137303003914));
#4780=CARTESIAN_POINT('Ctrl Pts',(8.92123924195693,-3.48421778281017,84.9069768555463));
#4781=CARTESIAN_POINT('Ctrl Pts',(7.61766388083209,-3.49010020199476,91.6002544160282));
#4782=CARTESIAN_POINT('Ctrl Pts',(12.1134979290072,-3.49427643291668,64.9293787011446));
#4783=CARTESIAN_POINT('Ctrl Pts',(12.0051327665482,-3.48576258529525,67.5947799695611));
#4784=CARTESIAN_POINT('Ctrl Pts',(11.9201414774093,-3.46953345863353,70.1727481772455));
#4785=CARTESIAN_POINT('Ctrl Pts',(10.2156655435489,-3.48551037562965,78.2195952480808));
#4786=CARTESIAN_POINT('Ctrl Pts',(8.91165395472486,-3.48994580982003,84.9099093078542));
#4787=CARTESIAN_POINT('Ctrl Pts',(7.60763323295905,-3.4943815072266,91.6002543045594));
#4788=CARTESIAN_POINT('Ctrl Pts',(12.1053308694668,-3.49673679381715,64.9292786732152));
#4789=CARTESIAN_POINT('Ctrl Pts',(11.9972812486601,-3.49071548854763,67.5984530996875));
#4790=CARTESIAN_POINT('Ctrl Pts',(11.9133101540206,-3.47742452961916,70.1803531867066));
#4791=CARTESIAN_POINT('Ctrl Pts',(10.20832928029,-3.49041966134608,78.2233703305758));
#4792=CARTESIAN_POINT('Ctrl Pts',(8.90452672220486,-3.49351491570558,84.911796835376));
#4793=CARTESIAN_POINT('Ctrl Pts',(7.60071501489502,-3.49661039584289,91.6002542328105));
#4794=CARTESIAN_POINT('Ctrl Pts',(12.0885439311863,-3.50008559033392,64.9290898327451));
#4795=CARTESIAN_POINT('Ctrl Pts',(11.978508863729,-3.49852864075098,67.6053873447035));
#4796=CARTESIAN_POINT('Ctrl Pts',(11.894160571415,-3.4910985224198,70.1947268799082));
#4797=CARTESIAN_POINT('Ctrl Pts',(10.1905913835318,-3.49825879314846,78.2304973949287));
#4798=CARTESIAN_POINT('Ctrl Pts',(8.88856446027089,-3.49901706458829,84.915360341822));
#4799=CARTESIAN_POINT('Ctrl Pts',(7.58652837948452,-3.49977548203331,91.600254097354));
#4800=CARTESIAN_POINT('Ctrl Pts',(12.0713645773617,-3.500150492217,64.9289132530691));
#4801=CARTESIAN_POINT('Ctrl Pts',(11.9546934770205,-3.5017357039586,67.6118720219266));
#4802=CARTESIAN_POINT('Ctrl Pts',(11.8638141565578,-3.50065669275283,70.2081063425343));
#4803=CARTESIAN_POINT('Ctrl Pts',(10.1677388889953,-3.50175594843662,78.2371610838752));
#4804=CARTESIAN_POINT('Ctrl Pts',(8.86988950627786,-3.50101746352207,84.918692161557));
#4805=CARTESIAN_POINT('Ctrl Pts',(7.5720310416678,-3.50027902051972,91.6002539707045));
#4806=CARTESIAN_POINT('Ctrl Pts',(12.0627618537977,-3.49934032489411,64.9288265123846));
#4807=CARTESIAN_POINT('Ctrl Pts',(11.9417123169486,-3.50176480741928,67.6150575745294));
#4808=CARTESIAN_POINT('Ctrl Pts',(11.846268809123,-3.50309991970407,70.2146688608696));
#4809=CARTESIAN_POINT('Ctrl Pts',(10.1552158375133,-3.50198270984594,78.2404343641195));
#4810=CARTESIAN_POINT('Ctrl Pts',(8.85999483214063,-3.50091691219393,84.9203287894176));
#4811=CARTESIAN_POINT('Ctrl Pts',(7.56476479947082,-3.49985111336981,91.6002539084929));
#4812=CARTESIAN_POINT('Ctrl Pts',(12.0542947392456,-3.49768960658923,64.9287402635706));
#4813=CARTESIAN_POINT('Ctrl Pts',(11.9279327002752,-3.49981361270702,67.6182250986528));
#4814=CARTESIAN_POINT('Ctrl Pts',(11.8268920729605,-3.50189969895057,70.2211908383709));
#4815=CARTESIAN_POINT('Ctrl Pts',(10.1418578593735,-3.50026522890625,78.2436890481239));
#4816=CARTESIAN_POINT('Ctrl Pts',(8.84972553581647,-3.49950556639001,84.9219561191909));
#4817=CARTESIAN_POINT('Ctrl Pts',(7.55758425178528,-3.49874588392306,91.6002538466346));
#4818=CARTESIAN_POINT('Ctrl Pts',(12.0461062474074,-3.49522589085332,64.9286532117012));
#4819=CARTESIAN_POINT('Ctrl Pts',(11.9136150632148,-3.49550596422976,67.6214220789543));
#4820=CARTESIAN_POINT('Ctrl Pts',(11.8062014405094,-3.49578675673776,70.2277769533653));
#4821=CARTESIAN_POINT('Ctrl Pts',(10.1279071432675,-3.49620787814494,78.246974071921));
#4822=CARTESIAN_POINT('Ctrl Pts',(8.83924525214256,-3.49659565339779,84.9235986187844));
#4823=CARTESIAN_POINT('Ctrl Pts',(7.55057447510689,-3.49698342941113,91.6002537841997));
#4824=CARTESIAN_POINT('',(1.61199556272776,-0.917842621831225,91.6));
#4825=CARTESIAN_POINT('Origin',(-5.78711651782292,-19.4988313043381,91.6));
#4826=CARTESIAN_POINT('',(7.42449556015707,-3.23243091787457,91.6));
#4827=CARTESIAN_POINT('',(1.61199556039107,-0.917842620900734,91.6));
#4828=CARTESIAN_POINT('',(7.61199556018519,-3.30709505650083,91.6));
#4829=CARTESIAN_POINT('',(1.61199556039107,-0.917842620900734,91.6));
#4830=CARTESIAN_POINT('',(7.55081168072558,-3.49703053751618,91.6));
#4831=CARTESIAN_POINT('Origin',(7.575,-3.4,91.6));
#4832=CARTESIAN_POINT('Ctrl Pts',(12.0428239364306,-3.49530051453111,65.));
#4833=CARTESIAN_POINT('Ctrl Pts',(11.9114628780771,-3.49562788860658,67.6774805320291));
#4834=CARTESIAN_POINT('Ctrl Pts',(11.7801018197236,-3.49595526268206,70.3549610640582));
#4835=CARTESIAN_POINT('Ctrl Pts',(10.1146579757951,-3.49631989780061,78.3174805320291));
#4836=CARTESIAN_POINT('Ctrl Pts',(8.83273482826033,-3.4966752176584,84.9587402660145));
#4837=CARTESIAN_POINT('Ctrl Pts',(7.55081168072558,-3.49703053751618,91.6));
#4838=CARTESIAN_POINT('Ctrl Pts',(4.04282468618878,0.0468378728783853,65.));
#4839=CARTESIAN_POINT('Ctrl Pts',(3.98700999822992,-0.0792208557735593,
67.6703371266401));
#4840=CARTESIAN_POINT('Ctrl Pts',(3.93649495930042,-0.193310207844393,70.3413500640733));
#4841=CARTESIAN_POINT('Ctrl Pts',(2.59020479624093,-0.798768438652936,78.3103371266401));
#4842=CARTESIAN_POINT('Ctrl Pts',(1.57050823872862,-1.2753997614865,84.95516856332));
#4843=CARTESIAN_POINT('Ctrl Pts',(0.550811681216302,-1.75203108432006,91.6));
#4844=CARTESIAN_POINT('Ctrl Pts',(12.0428239364306,-3.49530051453111,65.));
#4845=CARTESIAN_POINT('Ctrl Pts',(11.9114628780771,-3.49562788860658,67.6774805320291));
#4846=CARTESIAN_POINT('Ctrl Pts',(11.7801018197236,-3.49595526268206,70.3549610640582));
#4847=CARTESIAN_POINT('Ctrl Pts',(10.1146579757951,-3.49631989780061,78.3174805320291));
#4848=CARTESIAN_POINT('Ctrl Pts',(8.83273482826033,-3.4966752176584,84.9587402660145));
#4849=CARTESIAN_POINT('Ctrl Pts',(7.55081168072558,-3.49703053751618,91.6));
#4850=CARTESIAN_POINT('Ctrl Pts',(11.2445760458515,-3.14186241942063,65.));
#4851=CARTESIAN_POINT('Ctrl Pts',(11.1206708721048,-3.15498596353209,67.6768656832094));
#4852=CARTESIAN_POINT('Ctrl Pts',(10.9968863931609,-3.16783691571587,70.3537373212097));
#4853=CARTESIAN_POINT('Ctrl Pts',(9.36265598579205,-3.22712631128334,78.3168656832094));
#4854=CARTESIAN_POINT('Ctrl Pts',(8.10609740793077,-3.27466980004105,84.9584328416047));
#4855=CARTESIAN_POINT('Ctrl Pts',(6.8495388300695,-3.32221328879876,91.6));
#4856=CARTESIAN_POINT('Ctrl Pts',(10.463803852988,-2.79616199250102,65.));
#4857=CARTESIAN_POINT('Ctrl Pts',(10.3478185045492,-2.82103388614701,67.6764566350422));
#4858=CARTESIAN_POINT('Ctrl Pts',(10.2322247703967,-2.84502131041286,70.3529364249254));
#4859=CARTESIAN_POINT('Ctrl Pts',(8.61503053236415,-2.95988899487704,78.3164566350422));
#4860=CARTESIAN_POINT('Ctrl Pts',(7.37343222744473,-3.05159437960157,84.9582283175211));
#4861=CARTESIAN_POINT('Ctrl Pts',(6.1318339225253,-3.1432997643261,91.6));
#4862=CARTESIAN_POINT('Ctrl Pts',(9.69046452114804,-2.45375259368504,64.9999999999999));
#4863=CARTESIAN_POINT('Ctrl Pts',(9.58264613135603,-2.48981468066511,67.6761719244061));
#4864=CARTESIAN_POINT('Ctrl Pts',(9.47559286056377,-2.52414872976216,70.3523948816672));
#4865=CARTESIAN_POINT('Ctrl Pts',(7.86873409674982,-2.69322609409865,78.3161719244062));
#4866=CARTESIAN_POINT('Ctrl Pts',(6.63720926569118,-2.82775361068378,84.9580859622032));
#4867=CARTESIAN_POINT('Ctrl Pts',(5.40568443463253,-2.96228112726891,91.6000000000001));
#4868=CARTESIAN_POINT('Ctrl Pts',(8.91794936917507,-2.11170811479621,64.9999999999999));
#4869=CARTESIAN_POINT('Ctrl Pts',(8.81832826400673,-2.15889190321089,67.6759300881803));
#4870=CARTESIAN_POINT('Ctrl Pts',(8.71990072833108,-2.20337998866361,70.351949197897));
#4871=CARTESIAN_POINT('Ctrl Pts',(7.12347028586921,-2.42684023833884,78.3159300881803));
#4872=CARTESIAN_POINT('Ctrl Pts',(5.90213735485023,-2.60420959547747,84.9579650440902));
#4873=CARTESIAN_POINT('Ctrl Pts',(4.68080442383126,-2.7815789526161,91.6000000000001));
#4874=CARTESIAN_POINT('Ctrl Pts',(7.35647751368668,-1.42033937497757,64.9999999999999));
#4875=CARTESIAN_POINT('Ctrl Pts',(7.27287801499542,-1.49060891106457,67.6753692383065));
#4876=CARTESIAN_POINT('Ctrl Pts',(7.19134359944012,-1.55621440982828,70.3509225622563));
#4877=CARTESIAN_POINT('Ctrl Pts',(5.63019501744218,-1.8924102133938,78.3153692383065));
#4878=CARTESIAN_POINT('Ctrl Pts',(4.43998251862289,-2.15862642209722,84.9576846191533));
#4879=CARTESIAN_POINT('Ctrl Pts',(3.24977001980359,-2.42484263080064,91.6000000000001));
#4880=CARTESIAN_POINT('Ctrl Pts',(6.56752081017128,-1.07101511404776,65.));
#4881=CARTESIAN_POINT('Ctrl Pts',(6.49201944653526,-1.15263028310715,67.6746963129495));
#4882=CARTESIAN_POINT('Ctrl Pts',(6.41906649765651,-1.22848980277874,70.3496250320639));
#4883=CARTESIAN_POINT('Ctrl Pts',(4.88245737309762,-1.62374763094325,78.3146963129496));
#4884=CARTESIAN_POINT('Ctrl Pts',(3.7130364998374,-1.93627805729062,84.9573481564749));
#4885=CARTESIAN_POINT('Ctrl Pts',(2.54361562657719,-2.248808483638,91.6000000000001));
#4886=CARTESIAN_POINT('Ctrl Pts',(5.76129837524642,-0.71404615114984,65.));
#4887=CARTESIAN_POINT('Ctrl Pts',(5.69346930644348,-0.80796872290365,67.6736323464006));
#4888=CARTESIAN_POINT('Ctrl Pts',(5.62882113787979,-0.89470716615163,70.3475755791813));
#4889=CARTESIAN_POINT('Ctrl Pts',(4.13091690587856,-1.35320062306817,78.3136323464007));
#4890=CARTESIAN_POINT('Ctrl Pts',(2.99291713985635,-1.71516326231466,84.9568161732004));
#4891=CARTESIAN_POINT('Ctrl Pts',(1.85491737383413,-2.07712590156114,91.6));
#4892=CARTESIAN_POINT('Ctrl Pts',(4.92632897879209,-0.344348972565045,65.));
#4893=CARTESIAN_POINT('Ctrl Pts',(4.86523319256116,-0.452699727321105,67.6721787978881));
#4894=CARTESIAN_POINT('Ctrl Pts',(4.80820152497318,-0.551871585230124,70.3448064932905));
#4895=CARTESIAN_POINT('Ctrl Pts',(3.3707607480548,-1.07952350320011,78.3121787978881));
#4896=CARTESIAN_POINT('Ctrl Pts',(2.2804543077905,-1.49546595773133,84.9560893989441));
#4897=CARTESIAN_POINT('Ctrl Pts',(1.1901478675262,-1.91140841226255,91.6));
#4898=CARTESIAN_POINT('Ctrl Pts',(4.04282468618878,0.0468378728783853,65.));
#4899=CARTESIAN_POINT('Ctrl Pts',(3.98700999822992,-0.0792208557735593,
67.6703371266401));
#4900=CARTESIAN_POINT('Ctrl Pts',(3.93649495930042,-0.193310207844393,70.3413500640733));
#4901=CARTESIAN_POINT('Ctrl Pts',(2.59020479624093,-0.798768438652936,78.3103371266401));
#4902=CARTESIAN_POINT('Ctrl Pts',(1.57050823872862,-1.2753997614865,84.95516856332));
#4903=CARTESIAN_POINT('Ctrl Pts',(0.550811681216302,-1.75203108432006,91.6));
#4904=CARTESIAN_POINT('',(7.33206168058643,-3.44249930456529,91.6));
#4905=CARTESIAN_POINT('',(7.55081168072558,-3.49703053751618,91.6));
#4906=CARTESIAN_POINT('',(7.55081168072558,-3.49703053751618,91.6));
#4907=CARTESIAN_POINT('Ctrl Pts',(-5.56676376188332,0.500002450759103,91.5995140464752));
#4908=CARTESIAN_POINT('Ctrl Pts',(-5.17557089113439,-0.169577370556543,
98.3809360258174));
#4909=CARTESIAN_POINT('Ctrl Pts',(0.162214554432808,-1.83478868527827,99.9904680129087));
#4910=CARTESIAN_POINT('Ctrl Pts',(5.50000000000001,-3.5,101.6));
#4911=CARTESIAN_POINT('Ctrl Pts',(-5.33681686779554,0.497462734480451,91.5995173407395));
#4912=CARTESIAN_POINT('Ctrl Pts',(-4.90551147971175,-0.0920598069328522,
98.3349674549879));
#4913=CARTESIAN_POINT('Ctrl Pts',(0.297244260144126,-1.79602990346643,99.967483727494));
#4914=CARTESIAN_POINT('Ctrl Pts',(5.50000000000001,-3.5,101.6));
#4915=CARTESIAN_POINT('Ctrl Pts',(-4.7237228981655,0.480127096021101,91.5995773277569));
#4916=CARTESIAN_POINT('Ctrl Pts',(-4.45024781560619,-0.170467680207455,
97.4979012098283));
#4917=CARTESIAN_POINT('Ctrl Pts',(0.524876092196906,-1.83523384010373,99.5489506049142));
#4918=CARTESIAN_POINT('Ctrl Pts',(5.50000000000001,-3.5,101.6));
#4919=CARTESIAN_POINT('Ctrl Pts',(-3.50012164611256,0.38910221032489,91.5996371442086));
#4920=CARTESIAN_POINT('Ctrl Pts',(-3.24887508039244,-0.0962994388546265,
96.6632150611235));
#4921=CARTESIAN_POINT('Ctrl Pts',(1.12556245980378,-1.79814971942731,99.1316075305618));
#4922=CARTESIAN_POINT('Ctrl Pts',(5.50000000000001,-3.5,101.6));
#4923=CARTESIAN_POINT('Ctrl Pts',(-1.90651678138171,0.149878699208601,91.5997297907886));
#4924=CARTESIAN_POINT('Ctrl Pts',(-1.78972796052141,-0.253466413973899,
95.3704132473814));
#4925=CARTESIAN_POINT('Ctrl Pts',(1.85513601973929,-1.87673320698695,98.4852066236907));
#4926=CARTESIAN_POINT('Ctrl Pts',(5.50000000000001,-3.5,101.6));
#4927=CARTESIAN_POINT('Ctrl Pts',(-0.118070995213177,-0.289652349368548,
91.5998097493509));
#4928=CARTESIAN_POINT('Ctrl Pts',(-0.0670584752668028,-0.560664010445748,
94.2546616013009));
#4929=CARTESIAN_POINT('Ctrl Pts',(2.7164707623666,-2.03033200522287,97.9273308006505));
#4930=CARTESIAN_POINT('Ctrl Pts',(5.50000000000001,-3.5,101.6));
#4931=CARTESIAN_POINT('Ctrl Pts',(1.04226774519908,-0.690956444191493,91.5998537499083));
#4932=CARTESIAN_POINT('Ctrl Pts',(1.05183985845937,-0.912199024822401,93.6406723920515));
#4933=CARTESIAN_POINT('Ctrl Pts',(3.27591992922969,-2.2060995124112,97.6203361960258));
#4934=CARTESIAN_POINT('Ctrl Pts',(5.50000000000001,-3.5,101.6));
#4935=CARTESIAN_POINT('Ctrl Pts',(2.11199603080473,-1.11693506307272,91.5998895690472));
#4936=CARTESIAN_POINT('Ctrl Pts',(2.10542053643569,-1.28336769866262,93.1408477067871));
#4937=CARTESIAN_POINT('Ctrl Pts',(3.80271026821784,-2.39168384933131,97.3704238533936));
#4938=CARTESIAN_POINT('Ctrl Pts',(5.50000000000001,-3.5,101.6));
#4939=CARTESIAN_POINT('Ctrl Pts',(3.11199577503856,-1.51514794956365,91.5999185502998));
#4940=CARTESIAN_POINT('Ctrl Pts',(3.10899555940393,-1.6237081509122,92.7364397318303));
#4941=CARTESIAN_POINT('Ctrl Pts',(4.30449777970196,-2.5618540754561,97.1682198659152));
#4942=CARTESIAN_POINT('Ctrl Pts',(5.50000000000001,-3.5,101.6));
#4943=CARTESIAN_POINT('Ctrl Pts',(4.42449612710263,-2.03779977400992,91.5999464488873));
#4944=CARTESIAN_POINT('Ctrl Pts',(4.4165907284187,-2.10653323969029,92.347139398415));
#4945=CARTESIAN_POINT('Ctrl Pts',(4.95829536420935,-2.80326661984515,96.9735696992075));
#4946=CARTESIAN_POINT('Ctrl Pts',(5.50000000000001,-3.5,101.6));
#4947=CARTESIAN_POINT('Ctrl Pts',(5.42449606622415,-2.43601012835763,91.5999612585117));
#4948=CARTESIAN_POINT('Ctrl Pts',(5.41744626443044,-2.4822075308798,92.1404840716303));
#4949=CARTESIAN_POINT('Ctrl Pts',(5.45872313221522,-2.9911037654399,96.8702420358151));
#4950=CARTESIAN_POINT('Ctrl Pts',(5.50000000000001,-3.5,101.6));
#4951=CARTESIAN_POINT('Ctrl Pts',(6.11199608808735,-2.70977940005913,91.599968687942));
#4952=CARTESIAN_POINT('Ctrl Pts',(6.10464532829875,-2.74532446660232,92.0368128847701));
#4953=CARTESIAN_POINT('Ctrl Pts',(5.80232266414937,-3.12266223330116,96.818406442385));
#4954=CARTESIAN_POINT('Ctrl Pts',(5.50000000000001,-3.5,101.6));
#4955=CARTESIAN_POINT('Ctrl Pts',(6.61199595708971,-2.90888422809165,91.5999725332896));
#4956=CARTESIAN_POINT('Ctrl Pts',(6.60647630061681,-2.93803357351106,91.9831544288866));
#4957=CARTESIAN_POINT('Ctrl Pts',(6.0532381503084,-3.21901678675553,96.7915772144433));
#4958=CARTESIAN_POINT('Ctrl Pts',(5.50000000000001,-3.5,101.6));
#4959=CARTESIAN_POINT('Ctrl Pts',(6.98699621029612,-3.05821264146616,91.5999744261576));
#4960=CARTESIAN_POINT('Ctrl Pts',(6.97794486774735,-3.08546266812655,91.9567411155563));
#4961=CARTESIAN_POINT('Ctrl Pts',(6.23897243387368,-3.29273133406328,96.7783705577782));
#4962=CARTESIAN_POINT('Ctrl Pts',(5.50000000000001,-3.5,101.6));
#4963=CARTESIAN_POINT('Ctrl Pts',(7.23699575192479,-3.1577651070475,91.599975241179));
#4964=CARTESIAN_POINT('Ctrl Pts',(7.23434198443894,-3.18109726592013,91.9453682069097));
#4965=CARTESIAN_POINT('Ctrl Pts',(6.36717099221947,-3.34054863296007,96.7726841034548));
#4966=CARTESIAN_POINT('Ctrl Pts',(5.50000000000001,-3.5,101.6));
#4967=CARTESIAN_POINT('Ctrl Pts',(7.42449716922458,-3.23242882475675,91.5999757233845));
#4968=CARTESIAN_POINT('Ctrl Pts',(7.40206534984241,-3.26163479569685,91.9386394506749));
#4969=CARTESIAN_POINT('Ctrl Pts',(6.45103267492121,-3.38081739784842,96.7693197253374));
#4970=CARTESIAN_POINT('Ctrl Pts',(5.50000000000001,-3.5,101.6));
#4971=CARTESIAN_POINT('Ctrl Pts',(7.54949363803957,-3.28220619744463,91.5999756882757));
#4972=CARTESIAN_POINT('Ctrl Pts',(7.57634017139972,-3.29354565050438,91.9391293636519));
#4973=CARTESIAN_POINT('Ctrl Pts',(6.53817008569986,-3.39677282525219,96.769564681826));
#4974=CARTESIAN_POINT('Ctrl Pts',(5.50000000000001,-3.5,101.6));
#4975=CARTESIAN_POINT('Ctrl Pts',(7.63527690710223,-3.31636338384179,91.5999758857519));
#4976=CARTESIAN_POINT('Ctrl Pts',(7.61577129501596,-3.3435888150782,91.9363737566353));
#4977=CARTESIAN_POINT('Ctrl Pts',(6.55788564750798,-3.4217944075391,96.7681868783177));
#4978=CARTESIAN_POINT('Ctrl Pts',(5.50000000000001,-3.5,101.6));
#4979=CARTESIAN_POINT('Ctrl Pts',(7.67444244789045,-3.3530818420858,91.5999760377345));
#4980=CARTESIAN_POINT('Ctrl Pts',(7.61356932824207,-3.39462091286782,91.9342529733765));
#4981=CARTESIAN_POINT('Ctrl Pts',(6.55678466412104,-3.44731045643391,96.7671264866882));
#4982=CARTESIAN_POINT('Ctrl Pts',(5.50000000000001,-3.5,101.6));
#4983=CARTESIAN_POINT('Ctrl Pts',(7.67963284220485,-3.43382266514522,91.5999760844539));
#4984=CARTESIAN_POINT('Ctrl Pts',(7.60813849097184,-3.40776730698988,91.9336010437037));
#4985=CARTESIAN_POINT('Ctrl Pts',(6.55406924548592,-3.45388365349494,96.7668005218519));
#4986=CARTESIAN_POINT('Ctrl Pts',(5.50000000000001,-3.5,101.6));
#4987=CARTESIAN_POINT('Ctrl Pts',(7.62835890242086,-3.49606096466474,91.5999758596896));
#4988=CARTESIAN_POINT('Ctrl Pts',(7.62191973132744,-3.45553691905305,91.9367374336331));
#4989=CARTESIAN_POINT('Ctrl Pts',(6.56095986566372,-3.47776845952653,96.7683687168166));
#4990=CARTESIAN_POINT('Ctrl Pts',(5.50000000000001,-3.5,101.6));
#4991=CARTESIAN_POINT('Ctrl Pts',(7.57512580383469,-3.50309148775569,91.5999758404029));
#4992=CARTESIAN_POINT('Ctrl Pts',(7.56967866021356,-3.50467767764539,91.9370065618164));
#4993=CARTESIAN_POINT('Ctrl Pts',(6.53483933010678,-3.5023388388227,96.7685032809082));
#4994=CARTESIAN_POINT('Ctrl Pts',(5.50000000000001,-3.5,101.6));
#4995=CARTESIAN_POINT('Ctrl Pts',(7.47789531289083,-3.47884951221571,91.5999757942508));
#4996=CARTESIAN_POINT('Ctrl Pts',(7.4737463225041,-3.53393877362741,91.9376505739753));
#4997=CARTESIAN_POINT('Ctrl Pts',(6.48687316125205,-3.5169693868137,96.7688252869877));
#4998=CARTESIAN_POINT('Ctrl Pts',(5.50000000000001,-3.5,101.6));
#4999=CARTESIAN_POINT('Ctrl Pts',(7.33206206095744,-3.44249950039418,91.5999756908943));
#5000=CARTESIAN_POINT('Ctrl Pts',(7.32677613749733,-3.43976607686924,91.9390928226164));
#5001=CARTESIAN_POINT('Ctrl Pts',(6.41338806874867,-3.46988303843462,96.7695464113082));
#5002=CARTESIAN_POINT('Ctrl Pts',(5.50000000000001,-3.5,101.6));
#5003=CARTESIAN_POINT('Ctrl Pts',(7.1133120083936,-3.38796651734489,91.5999753156139));
#5004=CARTESIAN_POINT('Ctrl Pts',(7.10875790983244,-3.4096559908637,91.9443295328916));
#5005=CARTESIAN_POINT('Ctrl Pts',(6.30437895491622,-3.45482799543185,96.7721647664459));
#5006=CARTESIAN_POINT('Ctrl Pts',(5.50000000000001,-3.5,101.6));
#5007=CARTESIAN_POINT('Ctrl Pts',(6.89456200496891,-3.33343565454684,91.5999747541338));
#5008=CARTESIAN_POINT('Ctrl Pts',(6.89005379168052,-3.34995960818937,91.9521644958154));
#5009=CARTESIAN_POINT('Ctrl Pts',(6.19502689584026,-3.42497980409469,96.7760822479077));
#5010=CARTESIAN_POINT('Ctrl Pts',(5.50000000000001,-3.5,101.6));
#5011=CARTESIAN_POINT('Ctrl Pts',(6.67581199013346,-3.27890420976151,91.5999739993814));
#5012=CARTESIAN_POINT('Ctrl Pts',(6.67150873665381,-3.29838430700776,91.962696403663));
#5013=CARTESIAN_POINT('Ctrl Pts',(6.08575436832691,-3.39919215350388,96.7813482018315));
#5014=CARTESIAN_POINT('Ctrl Pts',(5.50000000000001,-3.5,101.6));
#5015=CARTESIAN_POINT('Ctrl Pts',(6.31122863885487,-3.18801869260804,91.5999724250016));
#5016=CARTESIAN_POINT('Ctrl Pts',(6.30717214383454,-3.20929752506188,91.9846654936343));
#5017=CARTESIAN_POINT('Ctrl Pts',(5.90358607191727,-3.35464876253094,96.7923327468171));
#5018=CARTESIAN_POINT('Ctrl Pts',(5.50000000000001,-3.5,101.6));
#5019=CARTESIAN_POINT('Ctrl Pts',(5.94664528702674,-3.09713305520421,91.5999702194393));
#5020=CARTESIAN_POINT('Ctrl Pts',(5.94284289139645,-3.12188864947868,92.0154421813888));
#5021=CARTESIAN_POINT('Ctrl Pts',(5.72142144569822,-3.31094432473934,96.8077210906944));
#5022=CARTESIAN_POINT('Ctrl Pts',(5.50000000000001,-3.5,101.6));
#5023=CARTESIAN_POINT('Ctrl Pts',(5.50914526131259,-2.98807025140815,91.5999668172786));
#5024=CARTESIAN_POINT('Ctrl Pts',(5.505696912381,-3.01754097430399,92.0629163520849));
#5025=CARTESIAN_POINT('Ctrl Pts',(5.5028484561905,-3.258770487152,96.8314581760425));
#5026=CARTESIAN_POINT('Ctrl Pts',(5.50000000000001,-3.5,101.6));
#5027=CARTESIAN_POINT('Ctrl Pts',(4.92581188825122,-2.84265309660624,91.5999615220985));
#5028=CARTESIAN_POINT('Ctrl Pts',(4.92291155243427,-2.87956996322995,92.1368059492003));
#5029=CARTESIAN_POINT('Ctrl Pts',(5.21145577621713,-3.18978498161498,96.8684029746002));
#5030=CARTESIAN_POINT('Ctrl Pts',(5.50000000000001,-3.5,101.6));
#5031=CARTESIAN_POINT('Ctrl Pts',(4.19664514016375,-2.66088140420843,91.5999526713051));
#5032=CARTESIAN_POINT('Ctrl Pts',(4.19487304598861,-2.71057931674588,92.2603110128366));
#5033=CARTESIAN_POINT('Ctrl Pts',(4.84743652299431,-3.10528965837294,96.9301555064183));
#5034=CARTESIAN_POINT('Ctrl Pts',(5.50000000000001,-3.5,101.6));
#5035=CARTESIAN_POINT('Ctrl Pts',(3.24872831333984,-2.42457769670553,91.5999376741678));
#5036=CARTESIAN_POINT('Ctrl Pts',(3.24918083880173,-2.49797159978566,92.4695829173807));
#5037=CARTESIAN_POINT('Ctrl Pts',(4.37459041940086,-2.99898579989283,97.0347914586903));
#5038=CARTESIAN_POINT('Ctrl Pts',(5.50000000000001,-3.5,101.6));
#5039=CARTESIAN_POINT('Ctrl Pts',(2.08206123513276,-2.13374166611405,91.599914689991));
#5040=CARTESIAN_POINT('Ctrl Pts',(2.08824406480002,-2.24604445186304,92.7903069564594));
#5041=CARTESIAN_POINT('Ctrl Pts',(3.79412203240001,-2.87302222593152,97.1951534782297));
#5042=CARTESIAN_POINT('Ctrl Pts',(5.50000000000001,-3.5,101.6));
#5043=CARTESIAN_POINT('Ctrl Pts',(1.13414448611045,-1.89743603919037,91.5998896330469));
#5044=CARTESIAN_POINT('Ctrl Pts',(1.14146620449623,-2.06022056934715,93.1399546478556));
#5045=CARTESIAN_POINT('Ctrl Pts',(3.32073310224812,-2.78011028467358,97.3699773239278));
#5046=CARTESIAN_POINT('Ctrl Pts',(5.50000000000001,-3.5,101.6));
#5047=CARTESIAN_POINT('Ctrl Pts',(0.0505225179867621,-1.62729977182617,
91.5998555148042));
#5048=CARTESIAN_POINT('Ctrl Pts',(0.0738258465186145,-1.86210847654123,
93.6160448175523));
#5049=CARTESIAN_POINT('Ctrl Pts',(2.78691292325931,-2.68105423827062,97.6080224087762));
#5050=CARTESIAN_POINT('Ctrl Pts',(5.50000000000001,-3.5,101.6));
#5051=CARTESIAN_POINT('Ctrl Pts',(-0.957675505838686,-1.40842899757349,
91.5998196762778));
#5052=CARTESIAN_POINT('Ctrl Pts',(-0.907990572426203,-1.72107938793716,
94.1161400395955));
#5053=CARTESIAN_POINT('Ctrl Pts',(2.2960047137869,-2.61053969396858,97.8580700197978));
#5054=CARTESIAN_POINT('Ctrl Pts',(5.50000000000001,-3.5,101.6));
#5055=CARTESIAN_POINT('Ctrl Pts',(-2.48719647508489,-1.17304522399199,91.599755016221));
#5056=CARTESIAN_POINT('Ctrl Pts',(-2.38558683892381,-1.6146004076264,95.0184144492963));
#5057=CARTESIAN_POINT('Ctrl Pts',(1.55720658053809,-2.5573002038132,98.3092072246481));
#5058=CARTESIAN_POINT('Ctrl Pts',(5.50000000000001,-3.5,101.6));
#5059=CARTESIAN_POINT('Ctrl Pts',(-3.80807060363536,-1.05168770248789,91.5996912173485));
#5060=CARTESIAN_POINT('Ctrl Pts',(-3.59913761615334,-1.57984839863376,95.9086717935186));
#5061=CARTESIAN_POINT('Ctrl Pts',(0.95043119192333,-2.53992419931688,98.7543358967593));
#5062=CARTESIAN_POINT('Ctrl Pts',(5.50000000000001,-3.5,101.6));
#5063=CARTESIAN_POINT('Ctrl Pts',(-4.83844605147449,-1.00671515800432,91.5996404164206));
#5064=CARTESIAN_POINT('Ctrl Pts',(-4.61690269458311,-1.49390382789055,96.6175542099421));
#5065=CARTESIAN_POINT('Ctrl Pts',(0.441548652708446,-2.49695191394528,99.1087771049711));
#5066=CARTESIAN_POINT('Ctrl Pts',(5.50000000000001,-3.5,101.6));
#5067=CARTESIAN_POINT('Ctrl Pts',(-5.35405478411585,-0.999963319286593,
91.5996123710115));
#5068=CARTESIAN_POINT('Ctrl Pts',(-5.0004734771711,-1.51181734270081,97.008903309649));
#5069=CARTESIAN_POINT('Ctrl Pts',(0.249763261414453,-2.5059086713504,99.3044516548245));
#5070=CARTESIAN_POINT('Ctrl Pts',(5.50000000000001,-3.5,101.6));
#5071=CARTESIAN_POINT('Ctrl Pts',(-5.77205733443593,-0.999970055926168,
91.5995933328035));
#5072=CARTESIAN_POINT('Ctrl Pts',(-5.50577008321553,-1.41781344258391,97.2745648141294));
#5073=CARTESIAN_POINT('Ctrl Pts',(-0.00288504160776304,-2.45890672129196,
99.4372824070647));
#5074=CARTESIAN_POINT('Ctrl Pts',(5.50000000000001,-3.5,101.6));
#5075=CARTESIAN_POINT('Ctrl Pts',(-6.16480159810242,-0.837134014131343,
91.5995784940786));
#5076=CARTESIAN_POINT('Ctrl Pts',(-6.14418149992093,-1.0705056608633,97.4816262131025));
#5077=CARTESIAN_POINT('Ctrl Pts',(-0.322090749960466,-2.28525283043165,
99.5408131065513));
#5078=CARTESIAN_POINT('Ctrl Pts',(5.50000000000001,-3.5,101.6));
#5079=CARTESIAN_POINT('Ctrl Pts',(-6.40752463368694,-0.245396997693884,
91.5995383159626));
#5080=CARTESIAN_POINT('Ctrl Pts',(-5.74281212730595,-0.473028813023298,
98.0422766034296));
#5081=CARTESIAN_POINT('Ctrl Pts',(-0.121406063652973,-1.98651440651165,
99.8211383017148));
#5082=CARTESIAN_POINT('Ctrl Pts',(5.50000000000001,-3.5,101.6));
#5083=CARTESIAN_POINT('Ctrl Pts',(-6.1583046713579,0.343687687148702,91.5995337711446));
#5084=CARTESIAN_POINT('Ctrl Pts',(-6.01601953840643,-0.682855064273364,
98.1056955535037));
#5085=CARTESIAN_POINT('Ctrl Pts',(-0.258009769203215,-2.09142753213668,
99.8528477767519));
#5086=CARTESIAN_POINT('Ctrl Pts',(5.50000000000001,-3.5,101.6));
#5087=CARTESIAN_POINT('Ctrl Pts',(-5.76378757970735,0.502178538413579,91.5995112238733));
#5088=CARTESIAN_POINT('Ctrl Pts',(-5.40696404166542,-0.235996212151011,
98.4203229606168));
#5089=CARTESIAN_POINT('Ctrl Pts',(0.0465179791672932,-1.86799810607551,
100.010161480308));
#5090=CARTESIAN_POINT('Ctrl Pts',(5.50000000000001,-3.5,101.6));
#5091=CARTESIAN_POINT('Ctrl Pts',(-5.56676376188332,0.500002450759103,91.5995140464752));
#5092=CARTESIAN_POINT('Ctrl Pts',(-5.17557089113439,-0.169577370556543,
98.3809360258174));
#5093=CARTESIAN_POINT('Ctrl Pts',(0.162214554432808,-1.83478868527827,99.9904680129087));
#5094=CARTESIAN_POINT('Ctrl Pts',(5.50000000000001,-3.5,101.6));
#5095=UNCERTAINTY_MEASURE_WITH_UNIT(LENGTH_MEASURE(0.01),#5099,
'DISTANCE_ACCURACY_VALUE',
'Maximum model space distance between geometric entities at asserted c
onnectivities');
#5096=UNCERTAINTY_MEASURE_WITH_UNIT(LENGTH_MEASURE(0.01),#5099,
'DISTANCE_ACCURACY_VALUE',
'Maximum model space distance between geometric entities at asserted c
onnectivities');
#5097=(
GEOMETRIC_REPRESENTATION_CONTEXT(3)
GLOBAL_UNCERTAINTY_ASSIGNED_CONTEXT((#5095))
GLOBAL_UNIT_ASSIGNED_CONTEXT((#5099,#5101,#5102))
REPRESENTATION_CONTEXT('','3D')
);
#5098=(
GEOMETRIC_REPRESENTATION_CONTEXT(3)
GLOBAL_UNCERTAINTY_ASSIGNED_CONTEXT((#5096))
GLOBAL_UNIT_ASSIGNED_CONTEXT((#5099,#5101,#5102))
REPRESENTATION_CONTEXT('','3D')
);
#5099=(
LENGTH_UNIT()
NAMED_UNIT(*)
SI_UNIT(.MILLI.,.METRE.)
);
#5100=(
LENGTH_UNIT()
NAMED_UNIT(*)
SI_UNIT($,.METRE.)
);
#5101=(
NAMED_UNIT(*)
PLANE_ANGLE_UNIT()
SI_UNIT($,.RADIAN.)
);
#5102=(
NAMED_UNIT(*)
SI_UNIT($,.STERADIAN.)
SOLID_ANGLE_UNIT()
);
#5103=SHAPE_DEFINITION_REPRESENTATION(#5104,#5105);
#5104=PRODUCT_DEFINITION_SHAPE('',$,#5107);
#5105=SHAPE_REPRESENTATION('',(#559),#5097);
#5106=PRODUCT_DEFINITION_CONTEXT('part definition',#5111,'design');
#5107=PRODUCT_DEFINITION('PROPELLER - 8x4.5 CW','Propeller_CW v3',#5108,
#5106);
#5108=PRODUCT_DEFINITION_FORMATION('',$,#5113);
#5109=PRODUCT_RELATED_PRODUCT_CATEGORY('Propeller_CW v3',
'Propeller_CW v3',(#5113));
#5110=APPLICATION_PROTOCOL_DEFINITION('international standard',
'automotive_design',2009,#5111);
#5111=APPLICATION_CONTEXT(
'Core Data for Automotive Mechanical Design Process');
#5112=PRODUCT_CONTEXT('part definition',#5111,'mechanical');
#5113=PRODUCT('PROPELLER - 8x4.5 CW','Propeller_CW v3','STEP AP203',(#5112));
#5114=PRESENTATION_STYLE_ASSIGNMENT((#5116));
#5115=PRESENTATION_STYLE_ASSIGNMENT((#5117));
#5116=SURFACE_STYLE_USAGE(.BOTH.,#5118);
#5117=SURFACE_STYLE_USAGE(.BOTH.,#5119);
#5118=SURFACE_SIDE_STYLE('',(#5120));
#5119=SURFACE_SIDE_STYLE('',(#5121));
#5120=SURFACE_STYLE_FILL_AREA(#5122);
#5121=SURFACE_STYLE_FILL_AREA(#5123);
#5122=FILL_AREA_STYLE('Acero - Satinado',(#5124));
#5123=FILL_AREA_STYLE('Pintura - Esmaltado brillante (rojo)',(#5125));
#5124=FILL_AREA_STYLE_COLOUR('Acero - Satinado',#5126);
#5125=FILL_AREA_STYLE_COLOUR('Pintura - Esmaltado brillante (rojo)',#5127);
#5126=COLOUR_RGB('Acero - Satinado',0.627450980392157,0.627450980392157,
0.627450980392157);
#5127=COLOUR_RGB('Pintura - Esmaltado brillante (rojo)',0.768627450980392,
0.207843137254902,0.152941176470588);
ENDSEC;
END-ISO-10303-21;
